outlet,competitor,url,published_at,channel,section,author,words,chars,sentences,sent_len_mean,sent_len_median,long_sentence_share,paragraphs,par_len_sentences_mean,flesch_ru,fkgl_ru,passive_per_1000,bureaucratic_per_1000,nominalization_per_1000,numbers_per_1000,percents_per_1000,dates_per_1000,quotes,attributions,links_external,links_internal,images,videos,title_words,title_chars,title_type,lead_words,lead_type,headings,headings_per_1000,structure,genre,named_sources,named_sources_per_1000,anonymous_sources,primary_doc_links,verifiable,opinion_marked,evaluative_in_news,update_mark,modified_meta,modified_gap_hours,primacy,fact_opinion_mixed
Gazeta.uz,gazeta,https://www.gazeta.uz/ru/2026/07/08/argentina-egypt,2026-07-08T01:01:57+05:00,site,,Дмитрий Поваров; Gazeta,742,4993,48,14.73,13.0,0.125,18,2.78,43.4,11.9,63.34,1.35,8.09,41.78,1.35,0.0,2,0,0,0,0,0,9,78,утверждение,39,фактологический,0,0.0,перевёрнутая пирамида,расширенная новость,0,0.0,0,0,False,False,0,False,True,34.22,рерайт,False
Gazeta.uz,gazeta,https://www.gazeta.uz/ru/2026/07/08/infant-mortality,2026-07-08T13:19:26+05:00,site,,Gazeta,825,6287,47,16.7,15.0,0.128,26,1.88,11.5,17.0,73.94,1.21,40.0,35.15,6.06,4.85,6,12,0,3,0,0,19,130,утверждение,38,фактологический,3,3.64,разбор по пунктам,объяснитель,6,7.27,0,0,False,False,0,False,True,0.07,комментарий эксперта,False
Gazeta.uz,gazeta,https://www.gazeta.uz/ru/2026/07/08/uzum-tezkor,2026-07-08T18:00:53+05:00,site,,,350,2680,23,14.52,13.0,0.087,9,2.56,19.0,15.3,94.29,2.86,28.57,40.0,5.71,0.0,0,0,0,0,0,0,8,59,утверждение,45,отложенный,0,0.0,nut graf,расширенная новость,0,0.0,0,0,False,False,0,False,True,-1.0,рерайт,False
Gazeta.uz,gazeta,https://www.gazeta.uz/ru/2026/07/08/uzcard,2026-07-08T19:00:56+05:00,site,,,420,3694,20,19.85,20.5,0.25,12,1.67,-22.0,22.7,73.81,11.9,90.48,21.43,0.0,7.14,4,4,0,0,0,0,11,86,утверждение,44,фактологический,0,0.0,перевёрнутая пирамида,интервью,4,9.52,0,0,False,False,0,False,True,-1.25,комментарий эксперта,False
Gazeta.uz,gazeta,https://www.gazeta.uz/ru/2026/07/08/play,2026-07-08T19:45:25+05:00,site,,Gazeta,463,3524,23,19.74,14.0,0.304,13,1.77,19.0,16.9,69.11,2.16,32.4,8.64,0.0,8.64,4,7,1,1,0,0,11,58,утверждение,20,фактологический,0,0.0,перевёрнутая пирамида,расширенная новость,3,6.48,0,0,False,False,0,False,True,0.17,комментарий эксперта,False
Gazeta.uz,gazeta,https://www.gazeta.uz/ru/2026/07/09/blackrock-uzbekistan,2026-07-09T10:44:47+05:00,site,,Gazeta,328,2630,20,15.9,15.0,0.1,12,1.58,8.5,17.2,91.46,3.05,30.49,15.24,0.0,6.1,6,8,2,3,0,0,11,88,утверждение,21,фактологический,0,0.0,перевёрнутая пирамида,новость,6,18.29,0,1,True,False,0,False,True,0.03,собственный сбор,False
Gazeta.uz,gazeta,https://www.gazeta.uz/ru/2026/07/09/mobiuz,2026-07-09T11:00:41+05:00,site,,,321,2361,21,14.86,14.0,0.095,10,2.1,28.4,14.1,84.11,3.12,18.69,31.15,9.35,12.46,0,0,3,0,0,0,10,59,утверждение,42,отложенный,2,6.23,nut graf,новость,0,0.0,0,0,False,False,0,False,True,-20.8,рерайт,False
Gazeta.uz,gazeta,https://www.gazeta.uz/ru/2026/07/09/mirziyoyev-lukashenko,2026-07-09T15:40:11+05:00,site,,Gazeta,804,5812,58,13.43,14.0,0.017,25,2.32,30.9,13.3,79.6,4.98,29.85,12.44,1.24,2.49,13,18,1,0,0,0,13,101,утверждение,24,фактологический,0,0.0,перевёрнутая пирамида,расширенная новость,6,7.46,0,0,False,False,0,False,True,5.0,комментарий эксперта,False
Gazeta.uz,gazeta,https://www.gazeta.uz/ru/2026/07/09/law,2026-07-09T19:23:59+05:00,site,,Gazeta,933,7138,47,19.36,18.0,0.255,32,1.53,8.4,18.3,86.82,5.36,62.17,15.01,0.0,1.07,10,11,1,5,1,0,14,106,утверждение,21,фактологический,3,3.22,разбор по пунктам,расширенная новость,10,10.72,0,1,True,False,0,False,True,0.0,собственный сбор,False
Gazeta.uz,gazeta,https://www.gazeta.uz/ru/2026/07/09/sumitomo,2026-07-09T19:42:47+05:00,site,,Gazeta,201,1671,10,19.7,20.0,0.1,7,1.29,-4.9,20.3,94.53,0.0,29.85,19.9,0.0,14.93,0,2,1,3,0,0,11,96,утверждение,30,фактологический,0,0.0,перевёрнутая пирамида,новость,2,9.95,0,1,True,False,0,False,True,0.0,собственный сбор,False
Gazeta.uz,gazeta,https://www.gazeta.uz/ru/2026/07/10/gas-import,2026-07-10T12:16:18+05:00,site,,Gazeta,403,2674,24,15.21,16.0,0.042,11,2.18,37.6,12.9,71.96,0.0,17.37,81.89,37.22,17.37,1,3,2,3,0,0,15,91,утверждение,37,фактологический,0,0.0,перевёрнутая пирамида,расширенная новость,2,4.96,0,0,False,False,0,False,True,0.0,комментарий эксперта,False
Gazeta.uz,gazeta,https://www.gazeta.uz/ru/2026/07/10/ali-khamenei,2026-07-10T13:59:51+05:00,site,,Gazeta,242,1684,14,16.57,15.5,0.143,5,2.0,24.2,15.2,49.59,4.13,4.13,37.19,0.0,12.4,0,3,3,1,0,0,7,48,утверждение,30,фактологический,0,0.0,перевёрнутая пирамида,новость,1,4.13,0,0,False,False,0,False,True,1.17,рерайт,False
Gazeta.uz,gazeta,https://www.gazeta.uz/ru/2026/07/10/condolences,2026-07-10T16:24:10+05:00,site,,Gazeta,120,907,6,19.33,17.0,0.167,4,1.5,13.8,17.5,41.67,8.33,25.0,33.33,0.0,8.33,0,1,3,0,0,0,5,51,утверждение,35,отложенный,0,0.0,nut graf,новость,1,8.33,0,0,False,False,0,False,True,0.0,рерайт,False
Gazeta.uz,gazeta,https://www.gazeta.uz/ru/2026/07/11/wc-spain-belgium,2026-07-11T08:35:41+05:00,site,,Gazeta,680,4630,37,17.51,15.0,0.189,16,2.5,38.9,13.5,51.47,0.0,5.88,38.24,0.0,2.94,3,1,0,0,0,0,9,63,утверждение,101,фактологический,0,0.0,перевёрнутая пирамида,расширенная новость,1,1.47,0,0,False,False,0,False,True,0.13,рерайт,False
Gazeta.uz,gazeta,https://www.gazeta.uz/ru/2026/07/11/aventus-group,2026-07-11T09:00:52+05:00,site,,,767,5334,52,13.42,13.0,0.096,19,2.74,35.3,12.7,69.1,0.0,20.86,44.33,9.13,14.34,6,0,3,0,0,0,10,65,how-to,79,фактологический,5,6.52,разбор по пунктам,интервью,0,0.0,0,0,False,False,0,False,True,-18.88,рерайт,False
Gazeta.uz,gazeta,https://www.gazeta.uz/ru/2026/07/13/accidents,2026-07-13T07:46:45+05:00,site,,Gazeta,265,1796,16,12.88,12.0,0.062,9,1.78,26.4,13.7,37.74,0.0,26.42,150.94,0.0,7.55,0,3,1,0,0,0,10,62,утверждение,28,фактологический,0,0.0,перевёрнутая пирамида,новость,3,11.32,0,0,False,False,0,False,True,0.9,комментарий эксперта,False
Gazeta.uz,gazeta,https://www.gazeta.uz/ru/2026/07/13/construction-violations,2026-07-13T11:42:56+05:00,site,,Gazeta,261,2134,20,12.65,11.5,0.0,10,2.0,11.0,15.8,88.12,3.83,45.98,22.99,0.0,7.66,3,4,2,3,0,0,12,90,утверждение,27,фактологический,0,0.0,перевёрнутая пирамида,новость,4,15.33,0,0,False,False,0,False,True,0.0,комментарий эксперта,False
Gazeta.uz,gazeta,https://www.gazeta.uz/ru/2026/07/13/construction,2026-07-13T13:13:06+05:00,site,,Gazeta,609,4927,33,17.7,18.0,0.212,23,1.43,5.8,18.1,90.31,3.28,52.55,29.56,0.0,8.21,4,4,1,0,0,0,8,80,утверждение,25,фактологический,4,6.57,разбор по пунктам,расширенная новость,4,6.57,0,1,True,False,0,False,True,0.35,собственный сбор,False
Gazeta.uz,gazeta,https://www.gazeta.uz/ru/2026/07/13/sunexpress,2026-07-13T15:01:57+05:00,site,,Gazeta,135,995,11,11.27,11.0,0.0,6,1.83,27.9,13.0,133.33,7.41,14.81,66.67,0.0,22.22,0,2,1,1,0,0,11,71,утверждение,20,фактологический,0,0.0,перевёрнутая пирамида,новость,2,14.81,0,0,False,False,0,False,True,0.0,комментарий эксперта,False
Gazeta.uz,gazeta,https://www.gazeta.uz/ru/2026/07/13/incident,2026-07-13T17:02:11+05:00,site,,Gazeta,240,1711,23,10.13,10.0,0.043,8,2.88,38.6,11.1,62.5,0.0,16.67,25.0,0.0,4.17,2,4,1,0,0,0,8,60,утверждение,17,фактологический,0,0.0,перевёрнутая пирамида,новость,1,4.17,0,0,False,False,0,False,True,-0.05,рерайт,False
Gazeta.uz,gazeta,https://www.gazeta.uz/ru/2026/07/13/energy-consumption,2026-07-13T17:12:26+05:00,site,,Gazeta,291,2428,16,17.94,18.5,0.188,10,1.6,-2.6,19.4,82.47,6.87,61.86,27.49,0.0,6.87,1,4,2,1,0,0,7,64,утверждение,34,фактологический,0,0.0,перевёрнутая пирамида,новость,3,10.31,0,2,True,False,0,False,True,0.0,собственный сбор,False
Gazeta.uz,gazeta,https://www.gazeta.uz/ru/2026/07/14/food-city,2026-07-14T10:50:25+05:00,site,,Gazeta,159,1249,10,15.8,12.5,0.2,6,1.67,14.4,16.3,81.76,0.0,50.31,6.29,0.0,0.0,1,3,1,0,0,0,13,80,утверждение,32,фактологический,0,0.0,перевёрнутая пирамида,новость,2,12.58,0,0,False,False,0,False,True,0.27,комментарий эксперта,False
Gazeta.uz,gazeta,https://www.gazeta.uz/ru/2026/07/14/national-university-of-uzbekistan,2026-07-14T11:00:15+05:00,site,,,625,5030,27,20.89,19.0,0.333,27,1.04,-0.9,20.1,94.4,6.4,20.8,83.2,0.0,1.6,10,0,18,0,0,0,12,96,утверждение,48,фактологический,4,6.4,разбор по пунктам,интервью,0,0.0,0,1,True,False,0,False,True,-0.62,работа с первоисточником,False
Gazeta.uz,gazeta,https://www.gazeta.uz/ru/2026/07/14/credit-freeze,2026-07-14T11:54:10+05:00,site,,Gazeta,284,1867,15,15.2,15.0,0.133,8,2.0,28.1,14.2,84.51,3.52,24.65,158.45,24.65,42.25,1,1,1,2,0,0,10,68,утверждение,27,фактологический,0,0.0,перевёрнутая пирамида,новость,0,0.0,0,0,False,False,0,False,True,0.28,рерайт,False
Gazeta.uz,gazeta,https://www.gazeta.uz/ru/2026/07/14/uzauto-motors,2026-07-14T13:42:32+05:00,site,,Gazeta,877,6619,55,14.8,14.0,0.036,29,1.83,22.4,14.9,69.56,2.28,44.47,68.42,13.68,22.81,1,0,1,1,0,0,14,87,утверждение,20,отложенный,5,5.7,разбор по пунктам,аналитика,0,0.0,0,0,False,False,0,False,True,0.53,рерайт,False
Gazeta.uz,gazeta,https://www.gazeta.uz/ru/2026/07/14/kyrgyzstan,2026-07-14T14:49:29+05:00,site,,Gazeta,146,1189,9,16.0,16.0,0.0,7,1.29,6.6,17.5,157.53,6.85,68.49,20.55,0.0,13.7,0,0,2,1,0,0,9,63,утверждение,32,фактологический,0,0.0,перевёрнутая пирамида,новость,0,0.0,0,0,False,False,0,False,True,0.03,рерайт,False
Gazeta.uz,gazeta,https://www.gazeta.uz/ru/2026/07/15/france-spain,2026-07-15T09:36:19+05:00,site,,Gazeta,886,6082,45,19.04,19.0,0.178,20,2.6,32.3,14.9,46.28,0.0,7.9,27.09,0.0,2.26,1,0,0,2,0,0,12,83,утверждение,69,фактологический,0,0.0,перевёрнутая пирамида,расширенная новость,0,0.0,0,0,False,False,0,False,True,4.53,рерайт,False
Gazeta.uz,gazeta,https://www.gazeta.uz/ru/2026/07/15/rayyan-kids,2026-07-15T11:51:05+05:00,site,,Gazeta,265,2085,16,16.06,14.5,0.125,11,1.45,10.6,17.0,60.38,3.77,49.06,33.96,7.55,15.09,0,2,4,1,0,0,13,90,утверждение,40,фактологический,0,0.0,перевёрнутая пирамида,новость,1,3.77,0,0,False,False,0,False,True,0.03,рерайт,False
Gazeta.uz,gazeta,https://www.gazeta.uz/ru/2026/07/15/water,2026-07-15T14:43:20+05:00,site,,Gazeta,170,1262,10,16.4,16.0,0.0,8,1.25,20.6,15.7,88.24,11.76,23.53,47.06,0.0,5.88,0,2,1,4,0,0,10,68,утверждение,22,фактологический,0,0.0,перевёрнутая пирамида,новость,2,11.76,0,1,True,False,0,False,True,0.05,собственный сбор,False
Gazeta.uz,gazeta,https://www.gazeta.uz/ru/2026/07/16/mobiuz,2026-07-16T11:00:39+05:00,site,,,321,2416,23,13.35,12.0,0.087,9,2.56,19.8,14.8,118.38,3.12,28.04,37.38,15.58,6.23,0,1,2,0,0,0,11,91,утверждение,42,фактологический,2,6.23,перевёрнутая пирамида,новость,1,3.12,0,0,False,False,0,False,True,0.15,рерайт,False
Gazeta.uz,gazeta,https://www.gazeta.uz/ru/2026/07/16/mobile,2026-07-16T12:40:35+05:00,site,,Gazeta,203,1562,12,16.42,18.5,0.0,8,1.5,12.5,16.8,128.08,4.93,39.41,39.41,0.0,19.7,0,0,1,0,0,0,9,64,утверждение,27,фактологический,0,0.0,перевёрнутая пирамида,новость,0,0.0,0,1,True,False,0,False,True,0.03,пресс-релиз без обработки,False
Gazeta.uz,gazeta,https://www.gazeta.uz/ru/2026/07/16/ptu,2026-07-16T13:00:45+05:00,site,,,250,2102,16,15.44,17.5,0.0,12,1.42,25.4,14.7,96.0,0.0,52.0,20.0,0.0,0.0,0,0,5,0,0,0,13,78,утверждение,34,отложенный,2,8.0,нарратив,новость,0,0.0,0,1,True,False,0,False,True,-0.57,работа с первоисточником,False
Gazeta.uz,gazeta,https://www.gazeta.uz/ru/2026/07/16/natalia-kashinas-exhibitions,2026-07-16T13:10:27+05:00,site,,Фарзона Хамидова; Gazeta,420,3133,33,12.3,11.0,0.061,10,3.3,23.4,14.0,100.0,0.0,14.29,30.95,0.0,0.0,1,2,0,0,0,0,11,88,утверждение,43,фактологический,0,0.0,перевёрнутая пирамида,расширенная новость,0,0.0,0,0,False,False,0,False,True,0.6,рерайт,False
Gazeta.uz,gazeta,https://www.gazeta.uz/ru/2026/07/16/ambassador,2026-07-16T13:13:22+05:00,site,,Gazeta,92,689,4,22.5,20.0,0.25,4,1.0,13.3,18.6,54.35,10.87,43.48,10.87,0.0,10.87,1,1,1,0,0,0,8,61,утверждение,24,отложенный,0,0.0,nut graf,новость,1,10.87,0,0,False,False,0,False,True,0.0,рерайт,False
Gazeta.uz,gazeta,https://www.gazeta.uz/ru/2026/07/16/registration,2026-07-16T13:35:51+05:00,site,,Gazeta,289,2295,15,18.93,22.0,0.2,10,1.5,2.3,19.0,117.65,10.38,58.82,17.3,0.0,17.3,0,0,1,0,0,0,11,70,утверждение,36,фактологический,2,6.92,перевёрнутая пирамида,новость,0,0.0,0,1,True,False,0,False,True,0.0,работа с первоисточником,False
Gazeta.uz,gazeta,https://www.gazeta.uz/ru/2026/07/16/railway,2026-07-16T15:58:22+05:00,site,,Gazeta,298,2107,19,13.68,12.0,0.0,10,1.9,30.7,13.4,134.23,0.0,13.42,93.96,0.0,10.07,3,3,1,4,0,0,10,65,утверждение,27,фактологический,0,0.0,перевёрнутая пирамида,новость,2,6.71,0,0,False,False,0,False,True,0.0,комментарий эксперта,False
Gazeta.uz,gazeta,https://www.gazeta.uz/ru/2026/07/16/turon,2026-07-16T16:51:06+05:00,site,,Gazeta,161,1304,14,10.64,9.5,0.0,9,1.56,1.8,16.5,130.43,6.21,55.9,74.53,0.0,18.63,2,3,2,2,0,0,13,108,утверждение,21,отложенный,0,0.0,nut graf,новость,2,12.42,0,0,False,False,0,False,True,3.02,комментарий эксперта,False
Gazeta.uz,gazeta,https://www.gazeta.uz/ru/2026/07/17/asrr,2026-07-17T09:11:09+05:00,site,,Gazeta,112,963,6,18.0,16.5,0.167,6,1.17,-17.5,21.5,80.36,0.0,17.86,17.86,0.0,17.86,0,1,1,3,0,0,8,71,утверждение,25,фактологический,0,0.0,перевёрнутая пирамида,новость,1,8.93,0,0,False,False,0,False,True,0.07,рерайт,False
Gazeta.uz,gazeta,https://www.gazeta.uz/ru/2026/07/17/landfill,2026-07-17T14:16:29+05:00,site,,Gazeta,332,2507,17,18.12,15.0,0.176,12,1.42,4.7,18.4,96.39,3.01,57.23,63.25,0.0,21.08,1,6,2,0,0,0,13,85,утверждение,30,фактологический,0,0.0,перевёрнутая пирамида,новость,5,15.06,0,2,True,False,0,False,True,163.38,собственный сбор,False
Gazeta.uz,gazeta,https://www.gazeta.uz/ru/2026/07/18/uzbekistan-airports,2026-07-18T10:05:31+05:00,site,,Орифжон Хошимов; Gazeta,560,3944,39,13.33,12.0,0.026,16,2.44,32.9,13.0,101.79,0.0,19.64,55.36,3.57,12.5,1,3,0,0,0,0,9,74,how-to,40,фактологический,0,0.0,перевёрнутая пирамида,расширенная новость,0,0.0,0,0,False,False,0,False,True,-10.8,рерайт,False
Gazeta.uz,gazeta,https://www.gazeta.uz/ru/2026/07/19/darya-nesterenko,2026-07-19T00:00:00+05:00,site,,,71,519,6,11.83,9.5,0.167,11,1.18,35.7,12.1,42.25,0.0,0.0,0.0,0.0,0.0,4,0,0,1,0,0,6,59,утверждение,6,сценический,0,0.0,нарратив,новость,0,0.0,0,0,False,False,0,False,False,,рерайт,False
Gazeta.uz,gazeta,https://www.gazeta.uz/ru/2026/07/19/mamadaminov,2026-07-19T16:06:58+05:00,site,,Gazeta,423,3381,29,13.9,14.0,0.034,15,1.93,3.1,17.3,92.2,2.36,44.92,40.19,9.46,4.73,5,8,0,2,0,0,9,77,утверждение,29,фактологический,1,2.36,перевёрнутая пирамида,расширенная новость,5,11.82,0,0,False,False,0,False,True,18.68,комментарий эксперта,False
Gazeta.uz,gazeta,https://www.gazeta.uz/ru/2026/07/20/higher-school,2026-07-20T11:00:18+05:00,site,,,478,3726,23,19.74,19.0,0.261,16,1.44,3.5,19.1,75.31,0.0,43.93,23.01,0.0,4.18,1,0,2,0,0,0,11,85,утверждение,50,отложенный,5,10.46,разбор по пунктам,интервью,0,0.0,0,0,False,False,0,False,True,-71.78,рерайт,False
Gazeta.uz,gazeta,https://www.gazeta.uz/ru/2026/07/20/foreign-tour-operators,2026-07-20T14:04:27+05:00,site,,Gazeta,251,2206,13,19.23,20.0,0.077,9,1.44,-13.1,21.3,115.54,11.95,39.84,3.98,0.0,0.0,1,1,1,0,0,0,9,85,утверждение,38,фактологический,0,0.0,перевёрнутая пирамида,новость,1,3.98,0,1,True,False,0,False,True,0.0,собственный сбор,False
Gazeta.uz,gazeta,https://www.gazeta.uz/ru/2026/07/20/brb,2026-07-20T15:00:55+05:00,site,,,354,3302,15,23.07,23.0,0.467,11,1.45,-27.6,24.5,45.2,16.95,73.45,19.77,0.0,0.0,5,1,1,0,0,0,10,85,утверждение,37,фактологический,0,0.0,перевёрнутая пирамида,расширенная новость,1,2.82,0,0,False,False,0,False,True,-2.8,рерайт,False
Gazeta.uz,gazeta,https://www.gazeta.uz/ru/2026/07/20/heatwave,2026-07-20T15:55:33+05:00,site,,Gazeta,153,1138,11,12.64,12.0,0.0,6,1.83,14.4,15.3,91.5,0.0,6.54,98.04,0.0,26.14,0,0,1,0,0,0,12,96,утверждение,32,фактологический,0,0.0,перевёрнутая пирамида,новость,0,0.0,0,1,True,False,0,False,True,0.08,работа с первоисточником,False
Gazeta.uz,gazeta,https://www.gazeta.uz/ru/2026/07/20/uzbekistan-airports,2026-07-20T18:54:59+05:00,site,,Gazeta,701,5640,47,14.26,12.0,0.085,29,1.59,12.8,16.1,98.43,5.71,27.1,37.09,19.97,8.56,0,3,1,2,0,0,12,99,утверждение,28,отложенный,4,5.71,разбор по пунктам,аналитика,3,4.28,0,0,False,False,0,False,True,19.55,комментарий эксперта,False
Gazeta.uz,gazeta,https://www.gazeta.uz/ru/2026/07/20/korea-medical-tourism,2026-07-20T19:00:13+05:00,site,,,959,8107,44,21.43,21.5,0.25,24,1.83,-11.7,21.8,76.12,8.34,46.92,8.34,2.09,2.09,8,12,1,0,0,0,11,91,утверждение,43,фактологический,0,0.0,перевёрнутая пирамида,расширенная новость,4,4.17,0,0,False,False,0,False,True,-70.45,комментарий эксперта,False
Gazeta.uz,gazeta,https://www.gazeta.uz/ru/2026/07/21/poytaxt-parking-interview,2026-07-21T10:00:23+05:00,site,,Gazeta,2519,18153,172,14.19,12.0,0.099,59,3.08,30.4,13.6,104.01,2.78,30.57,15.48,1.19,0.79,6,1,0,4,0,0,14,105,утверждение,23,отложенный,13,5.16,разбор по пунктам,интервью,1,0.4,1,0,False,False,1,False,True,7.33,рерайт,False
Gazeta.uz,gazeta,https://www.gazeta.uz/ru/2026/07/21/energy-record,2026-07-21T14:01:12+05:00,site,,Gazeta,546,4127,37,13.65,14.0,0.054,21,1.81,14.9,15.6,54.95,0.0,42.12,97.07,5.49,9.16,0,8,3,3,0,0,10,74,утверждение,20,фактологический,0,0.0,перевёрнутая пирамида,расширенная новость,4,7.33,0,1,True,False,0,False,True,0.0,собственный сбор,False
Gazeta.uz,gazeta,https://www.gazeta.uz/ru/2026/07/21/gigachat,2026-07-21T15:00:39+05:00,site,,,369,2895,20,18.1,18.5,0.2,10,2.0,16.3,16.8,56.91,0.0,27.1,13.55,0.0,0.0,2,1,6,0,0,0,15,103,утверждение,17,фактологический,1,2.71,разбор по пунктам,расширенная новость,1,2.71,0,0,False,False,0,False,True,241.45,рерайт,False
Gazeta.uz,gazeta,https://www.gazeta.uz/ru/2026/07/21/bureaucracy,2026-07-21T15:55:50+05:00,site,,Gazeta,344,2673,19,17.37,18.0,0.105,14,1.36,12.3,17.1,87.21,8.72,43.6,43.6,5.81,5.81,1,2,2,1,0,0,10,74,утверждение,32,фактологический,1,2.91,перевёрнутая пирамида,новость,2,5.81,0,0,False,False,0,False,True,0.0,комментарий эксперта,False
Gazeta.uz,gazeta,https://www.gazeta.uz/ru/2026/07/21/us-canada,2026-07-21T16:26:22+05:00,site,,Gazeta,270,2004,17,15.24,15.0,0.059,9,1.67,23.4,14.9,88.89,3.7,33.33,29.63,11.11,11.11,6,5,4,2,0,0,11,67,утверждение,27,фактологический,0,0.0,перевёрнутая пирамида,новость,4,14.81,0,0,False,False,0,False,True,0.0,комментарий эксперта,False
Gazeta.uz,gazeta,https://www.gazeta.uz/ru/2026/07/21/railways,2026-07-21T17:45:34+05:00,site,,Gazeta,208,1628,13,14.77,15.0,0.0,8,1.62,13.3,16.2,91.35,4.81,38.46,67.31,4.81,9.62,0,3,1,1,0,0,11,80,утверждение,26,фактологический,0,0.0,перевёрнутая пирамида,новость,2,9.62,0,0,False,False,0,False,True,0.38,комментарий эксперта,False
Gazeta.uz,gazeta,https://www.gazeta.uz/ru/2026/07/21/interpol,2026-07-21T19:50:22+05:00,site,,Gazeta,119,1017,6,19.67,17.5,0.333,5,1.2,-17.4,22.0,92.44,25.21,33.61,0.0,0.0,0.0,1,3,1,1,0,0,8,70,утверждение,28,фактологический,0,0.0,перевёрнутая пирамида,новость,1,8.4,0,1,True,False,0,False,True,17.03,собственный сбор,False
Gazeta.uz,gazeta,https://www.gazeta.uz/ru/2026/07/22/tashkent,2026-07-22T08:57:56+05:00,site,,Gazeta,59,409,5,11.2,10.0,0.0,3,1.67,32.4,12.4,101.69,0.0,16.95,50.85,0.0,16.95,0,1,1,1,0,0,8,48,утверждение,21,фактологический,0,0.0,перевёрнутая пирамида,новость,1,16.95,0,0,False,False,0,False,True,0.0,рерайт,False
Gazeta.uz,gazeta,https://www.gazeta.uz/ru/2026/07/22/way-ll,2026-07-22T11:00:15+05:00,site,,,379,2879,23,16.61,16.0,0.13,20,1.2,34.0,13.8,84.43,0.0,34.3,31.66,5.28,2.64,1,1,8,0,0,0,8,62,утверждение,13,отложенный,0,0.0,нарратив,расширенная новость,0,0.0,0,0,False,False,0,False,True,0.07,рерайт,False
Gazeta.uz,gazeta,https://www.gazeta.uz/ru/2026/07/22/humo,2026-07-22T13:00:42+05:00,site,,,404,3536,18,22.44,20.0,0.222,15,1.27,-10.4,21.9,39.6,12.38,66.83,7.43,0.0,4.95,3,2,5,0,0,0,9,78,утверждение,16,фактологический,1,2.48,перевёрнутая пирамида,расширенная новость,2,4.95,0,0,False,False,0,False,True,-0.02,комментарий эксперта,False
Gazeta.uz,gazeta,https://www.gazeta.uz/ru/2026/07/22/loans,2026-07-22T14:38:08+05:00,site,,Gazeta,518,3698,38,12.0,12.0,0.0,19,2.0,22.4,14.0,54.05,1.93,36.68,102.32,73.36,9.65,0,6,1,1,0,0,13,83,утверждение,32,фактологический,4,7.72,разбор по пунктам,расширенная новость,0,0.0,0,1,True,False,0,False,True,18.97,работа с первоисточником,False
Gazeta.uz,gazeta,https://www.gazeta.uz/ru/2026/07/22/future-center,2026-07-22T19:32:08+05:00,site,,Gazeta,322,2605,18,17.22,18.0,0.167,13,1.38,5.1,18.1,152.17,0.0,18.63,37.27,0.0,0.0,1,2,1,1,0,0,12,93,утверждение,27,фактологический,0,0.0,перевёрнутая пирамида,новость,1,3.11,0,1,True,False,0,False,True,1.18,собственный сбор,False
Gazeta.uz,gazeta,https://www.gazeta.uz/ru/2026/07/23/covec-tashkent-samarkand,2026-07-23T11:52:09+05:00,site,,Gazeta,628,4735,37,15.78,15.0,0.081,20,1.75,24.7,14.9,90.76,1.59,22.29,55.73,6.37,12.74,1,4,5,3,0,0,8,59,утверждение,33,фактологический,2,3.18,перевёрнутая пирамида,интервью,2,3.18,0,0,False,False,0,False,True,0.13,комментарий эксперта,False
Gazeta.uz,gazeta,https://www.gazeta.uz/ru/2026/07/23/france,2026-07-23T15:39:24+05:00,site,,Gazeta,237,1692,15,14.53,13.0,0.067,5,2.6,26.9,14.2,118.14,8.44,42.19,59.07,0.0,29.54,3,0,2,6,0,0,8,49,утверждение,30,фактологический,0,0.0,перевёрнутая пирамида,новость,0,0.0,0,0,False,False,0,False,True,0.67,рерайт,False
Gazeta.uz,gazeta,https://www.gazeta.uz/ru/2026/07/23/neo-insurance,2026-07-23T19:00:35+05:00,site,,,700,5187,36,18.58,18.0,0.167,18,1.89,22.4,16.1,61.43,0.0,35.71,17.14,4.29,4.29,2,1,3,0,0,0,13,90,утверждение,57,отложенный,6,8.57,разбор по пунктам,интервью,1,1.43,0,0,False,False,0,False,True,-3.98,рерайт,False
Gazeta.uz,gazeta,https://www.gazeta.uz/ru/2026/07/23/brt,2026-07-23T23:50:04+05:00,site,,Gazeta,170,1159,10,16.4,14.0,0.2,8,1.75,33.8,13.8,135.29,0.0,35.29,23.53,0.0,5.88,1,1,1,1,2,0,9,64,утверждение,23,отложенный,0,0.0,nut graf,новость,1,5.88,0,0,False,False,0,False,True,9.83,рерайт,False
Gazeta.uz,gazeta,https://www.gazeta.uz/ru/2026/07/24/creative,2026-07-24T10:08:38+05:00,site,,Gazeta,246,1846,14,17.21,16.0,0.071,5,2.8,17.1,16.4,158.54,8.13,28.46,20.33,0.0,16.26,1,0,1,4,0,0,8,59,утверждение,19,фактологический,0,0.0,перевёрнутая пирамида,новость,0,0.0,1,1,True,False,0,False,True,0.0,работа с первоисточником,False
Gazeta.uz,gazeta,https://www.gazeta.uz/ru/2026/07/24/heat,2026-07-24T13:16:38+05:00,site,,Gazeta,201,1602,10,19.1,19.0,0.1,7,1.43,-3.3,19.9,49.75,14.93,49.75,39.8,0.0,9.95,0,1,1,2,0,0,11,95,утверждение,31,фактологический,0,0.0,перевёрнутая пирамида,новость,1,4.98,0,0,False,False,0,False,True,0.0,рерайт,False
Gazeta.uz,gazeta,https://www.gazeta.uz/ru/2026/07/24/chirchik-cats,2026-07-24T14:47:23+05:00,site,,Gazeta,1284,8751,92,13.55,11.0,0.141,36,2.58,41.4,11.9,59.19,0.0,18.69,14.02,0.0,6.23,19,16,6,1,2,0,13,88,утверждение,93,анекдотический,4,3.12,разбор по пунктам,расширенная новость,1,0.78,0,1,True,False,1,False,True,69.93,собственный сбор,True
Gazeta.uz,gazeta,https://www.gazeta.uz/ru/2026/07/24/privatization,2026-07-24T21:16:43+05:00,site,,Gazeta,843,7043,52,15.31,14.5,0.077,26,2.0,-2.0,18.5,77.11,5.93,43.89,43.89,13.05,15.42,7,2,1,3,0,0,10,80,утверждение,19,фактологический,0,0.0,перевёрнутая пирамида,расширенная новость,0,0.0,0,1,True,False,0,False,True,1.27,работа с первоисточником,False
Gazeta.uz,gazeta,https://www.gazeta.uz/ru/2026/07/25/nirvana-luxury-residence,2026-07-25T13:00:33+05:00,site,,,300,2435,18,16.06,13.5,0.056,15,1.27,12.9,16.6,56.67,0.0,36.67,26.67,0.0,0.0,0,0,4,0,0,0,8,60,утверждение,24,отложенный,0,0.0,разбор по пунктам,новость,0,0.0,0,0,False,False,0,False,True,-18.73,рерайт,False
Gazeta.uz,gazeta,https://www.gazeta.uz/ru/2026/07/25/dog,2026-07-25T16:48:08+05:00,site,,Gazeta,362,2583,20,17.2,16.0,0.2,10,2.0,19.4,16.1,38.67,11.05,52.49,60.77,0.0,5.52,2,2,3,3,0,0,11,66,утверждение,24,отложенный,0,0.0,nut graf,расширенная новость,1,2.76,0,1,True,False,0,False,True,0.85,собственный сбор,False
Gazeta.uz,gazeta,https://www.gazeta.uz/ru/2026/07/26/floating,2026-07-26T14:07:32+05:00,site,,Gazeta,475,3723,24,19.04,18.0,0.125,16,1.5,5.9,18.6,63.16,10.53,56.84,23.16,0.0,8.42,0,3,1,1,0,0,12,69,утверждение,46,фактологический,2,4.21,перевёрнутая пирамида,расширенная новость,3,6.32,0,1,True,False,0,False,True,48.55,собственный сбор,False
Gazeta.uz,gazeta,https://www.gazeta.uz/ru/2026/07/27/weather,2026-07-27T11:22:56+05:00,site,,Gazeta,80,543,7,10.43,9.0,0.0,4,1.75,37.7,11.4,87.5,0.0,12.5,175.0,0.0,0.0,0,0,1,0,0,0,8,55,утверждение,14,отложенный,0,0.0,nut graf,новость,0,0.0,0,1,True,False,0,False,True,0.05,работа с первоисточником,False
Gazeta.uz,gazeta,https://www.gazeta.uz/ru/2026/07/27/hidden-documents-uzb,2026-07-27T13:04:56+05:00,site,,Gazeta,742,4856,41,14.37,13.0,0.122,25,1.64,29.7,13.7,56.6,9.43,24.26,134.77,76.82,4.04,0,2,1,1,0,0,11,77,утверждение,28,фактологический,3,4.04,разбор по пунктам,интервью,2,2.7,0,1,True,False,0,False,True,0.72,собственный сбор,False
Gazeta.uz,gazeta,https://www.gazeta.uz/ru/2026/07/27/energy-inspection,2026-07-27T15:01:11+05:00,site,,Gazeta,207,1766,14,14.0,12.5,0.071,7,2.0,-6.1,18.6,48.31,9.66,53.14,43.48,0.0,28.99,6,1,1,0,0,0,4,47,утверждение,30,фактологический,0,0.0,перевёрнутая пирамида,новость,1,4.83,0,0,False,False,0,False,True,0.03,рерайт,False
Gazeta.uz,gazeta,https://www.gazeta.uz/ru/2026/07/27/detained,2026-07-27T21:29:00+05:00,site,,Gazeta,220,1525,14,15.0,14.5,0.0,6,2.33,36.3,13.0,95.45,4.55,54.55,45.45,0.0,4.55,2,4,1,0,0,0,12,79,утверждение,31,фактологический,0,0.0,перевёрнутая пирамида,новость,1,4.55,0,0,False,False,0,False,True,0.5,рерайт,False
Gazeta.uz,gazeta,https://www.gazeta.uz/ru/2026/07/28/fido-biznes,2026-07-28T11:00:20+05:00,site,,,493,4152,19,25.47,25.0,0.474,11,1.73,-8.1,22.6,109.53,12.17,66.94,2.03,2.03,2.03,3,2,0,0,0,0,10,95,утверждение,55,отложенный,0,0.0,нарратив,расширенная новость,2,4.06,0,0,False,False,0,False,True,-19.95,комментарий эксперта,False
Gazeta.uz,gazeta,https://www.gazeta.uz/ru/2026/07/28/visit,2026-07-28T16:35:33+05:00,site,,Gazeta,271,2002,17,15.0,12.0,0.176,10,1.7,20.2,15.3,99.63,0.0,40.59,36.9,22.14,7.38,3,5,1,1,0,0,6,53,утверждение,10,фактологический,0,0.0,перевёрнутая пирамида,новость,3,11.07,0,0,False,False,0,False,True,4.02,комментарий эксперта,False
Gazeta.uz,gazeta,https://www.gazeta.uz/ru/2026/07/28/children,2026-07-28T17:27:04+05:00,site,,Gazeta,96,751,7,13.0,9.0,0.143,4,1.75,9.0,16.2,72.92,10.42,52.08,10.42,0.0,0.0,1,2,1,0,0,0,11,72,утверждение,26,фактологический,0,0.0,перевёрнутая пирамида,новость,2,20.83,0,0,False,False,0,False,True,0.83,комментарий эксперта,False
Gazeta.uz,gazeta,https://www.gazeta.uz/ru/2026/07/28/bekmurod-abdullaev,2026-07-28T20:29:08+05:00,site,,Gazeta,475,3654,24,18.38,16.0,0.25,12,2.0,9.5,17.8,69.47,8.42,52.63,67.37,0.0,18.95,0,4,3,6,0,0,12,83,утверждение,33,фактологический,0,0.0,перевёрнутая пирамида,расширенная новость,4,8.42,0,0,False,False,0,False,True,12.25,комментарий эксперта,False
Gazeta.uz,gazeta,https://www.gazeta.uz/ru/2026/07/29/mobiuz,2026-07-29T09:00:54+05:00,site,,,304,2301,20,14.85,14.0,0.1,17,1.35,30.9,13.7,98.68,3.29,13.16,32.89,6.58,13.16,0,0,3,0,0,0,10,77,утверждение,25,отложенный,4,13.16,разбор по пунктам,новость,0,0.0,0,0,False,False,0,False,True,-16.02,рерайт,False
Gazeta.uz,gazeta,https://www.gazeta.uz/ru/2026/07/29/open-budget,2026-07-29T11:05:50+05:00,site,,Gazeta,253,1976,14,17.57,19.0,0.071,8,1.75,12.7,17.1,102.77,11.86,51.38,43.48,0.0,15.81,6,2,2,2,0,0,9,73,утверждение,24,отложенный,0,0.0,nut graf,новость,2,7.91,0,0,False,False,0,False,True,0.48,пресс-релиз без обработки,False
Gazeta.uz,gazeta,https://www.gazeta.uz/ru/2026/07/29/cb-rate,2026-07-29T11:33:45+05:00,site,,Gazeta,465,3684,27,16.52,17.0,0.148,16,1.69,-0.1,18.6,77.42,6.45,86.02,32.26,25.81,6.45,2,3,1,1,0,0,9,69,утверждение,22,фактологический,1,2.15,перевёрнутая пирамида,расширенная новость,1,2.15,0,1,True,False,0,False,True,0.23,собственный сбор,False
Gazeta.uz,gazeta,https://www.gazeta.uz/ru/2026/07/29/tashtech,2026-07-29T13:00:39+05:00,site,,,1118,7968,69,15.46,16.0,0.043,24,2.88,29.4,14.1,118.07,0.0,19.68,17.89,3.58,0.89,9,0,9,0,0,0,14,94,утверждение,44,отложенный,4,3.58,разбор по пунктам,интервью,0,0.0,0,0,False,False,0,False,True,25.68,рерайт,False
Gazeta.uz,gazeta,https://www.gazeta.uz/ru/2026/07/29/tournament,2026-07-29T19:17:15+05:00,site,,Gazeta,118,991,10,11.6,9.0,0.0,6,1.67,3.2,16.6,152.54,16.95,16.95,16.95,0.0,16.95,0,1,1,0,0,0,10,65,утверждение,23,фактологический,0,0.0,перевёрнутая пирамида,новость,1,8.47,0,1,True,False,0,False,True,0.05,собственный сбор,False
Gazeta.uz,gazeta,https://www.gazeta.uz/ru/2026/07/30/cooperation,2026-07-30T15:39:33+05:00,site,,Gazeta,313,2517,20,14.8,14.5,0.1,11,1.82,8.7,16.8,108.63,6.39,28.75,47.92,6.39,9.58,2,5,1,0,0,0,12,106,утверждение,27,фактологический,0,0.0,перевёрнутая пирамида,новость,5,15.97,0,1,True,False,0,False,True,0.67,собственный сбор,False
Gazeta.uz,gazeta,https://www.gazeta.uz/ru/2026/07/30/uzcard,2026-07-30T17:00:04+05:00,site,,,434,3619,23,18.35,18.0,0.217,12,1.92,1.8,18.9,149.77,4.61,48.39,16.13,4.61,4.61,2,2,1,0,0,0,13,102,утверждение,42,отложенный,0,0.0,nut graf,расширенная новость,2,4.61,0,1,True,False,0,False,True,0.32,собственный сбор,False
Gazeta.uz,gazeta,https://www.gazeta.uz/ru/2026/07/30/uzb-kg,2026-07-30T17:34:08+05:00,site,,Gazeta,498,3757,40,12.0,10.5,0.025,25,1.72,24.7,13.7,116.47,2.01,10.04,14.06,0.0,6.02,10,5,2,5,0,0,15,121,утверждение,42,фактологический,0,0.0,перевёрнутая пирамида,расширенная новость,4,8.03,0,0,False,False,0,False,True,0.85,комментарий эксперта,False
Gazeta.uz,gazeta,https://www.gazeta.uz/ru/2026/07/30/august,2026-07-30T17:56:53+05:00,site,,Gazeta,749,5540,33,21.15,19.0,0.242,28,1.18,12.6,18.3,130.84,5.34,48.06,49.4,2.67,20.03,3,0,5,7,0,0,7,40,вопрос,26,фактологический,11,14.69,разбор по пунктам,интервью,0,0.0,0,5,True,False,0,False,True,0.65,работа с первоисточником,False
Gazeta.uz,gazeta,https://www.gazeta.uz/ru/2026/07/30/tickets,2026-07-30T19:23:13+05:00,site,,Gazeta,117,881,9,11.67,10.0,0.0,5,1.8,21.1,14.1,68.38,8.55,59.83,94.02,0.0,25.64,1,1,1,1,0,0,16,94,утверждение,32,фактологический,0,0.0,перевёрнутая пирамида,новость,1,8.55,0,1,True,False,0,False,True,0.82,собственный сбор,False
Gazeta.uz,gazeta,https://www.gazeta.uz/ru/2026/07/30/agrobank,2026-07-30T21:00:22+05:00,site,,,638,4805,45,13.51,13.0,0.022,26,1.73,18.1,15.1,95.61,1.57,29.78,25.08,1.57,15.67,0,0,4,0,0,0,11,76,утверждение,28,отложенный,7,10.97,разбор по пунктам,интервью,0,0.0,0,1,True,False,0,False,True,-9.93,работа с первоисточником,False
Gazeta.uz,gazeta,https://www.gazeta.uz/ru/2026/07/31/mahallas,2026-07-31T11:57:19+05:00,site,,Gazeta,515,3983,29,17.41,14.0,0.172,15,1.93,13.5,17.0,67.96,0.0,36.89,7.77,0.0,3.88,8,5,2,3,0,0,11,98,утверждение,56,отложенный,3,5.83,разбор по пунктам,расширенная новость,4,7.77,0,0,False,False,0,False,True,3.67,комментарий эксперта,False
Gazeta.uz,gazeta,https://www.gazeta.uz/ru/2026/07/31/akkurgan-mahalla,2026-07-31T12:50:56+05:00,site,,Gazeta,1319,10168,87,14.78,14.0,0.069,35,2.46,16.9,15.7,102.35,6.07,19.71,14.4,0.76,6.07,15,10,0,2,0,0,11,99,утверждение,28,отложенный,2,1.52,nut graf,репортаж,4,3.03,0,0,False,False,0,False,True,1.62,собственный сбор,False
Gazeta.uz,gazeta,https://www.gazeta.uz/ru/2026/07/31/uzum-market,2026-07-31T13:00:24+05:00,site,,,316,2180,23,13.17,13.0,0.0,9,2.56,40.4,11.9,107.59,0.0,15.82,22.15,0.0,3.16,2,0,0,0,0,0,14,98,утверждение,60,фактологический,0,0.0,перевёрнутая пирамида,новость,0,0.0,0,0,False,False,0,False,True,-18.68,рерайт,False
Gazeta.uz,gazeta,https://www.gazeta.uz/ru/2026/07/31/return-to-people,2026-07-31T14:05:28+05:00,site,,Gazeta,416,3061,52,7.58,6.0,0.019,17,3.18,33.8,11.0,72.12,0.0,19.23,2.4,0.0,2.4,13,2,1,1,0,0,15,94,утверждение,40,отложенный,0,0.0,nut graf,расширенная новость,2,4.81,0,0,False,False,0,False,True,8.68,комментарий эксперта,False
Gazeta.uz,gazeta,https://www.gazeta.uz/ru/2026/07/31/quake,2026-07-31T16:37:32+05:00,site,,Gazeta,147,884,6,16.5,10.5,0.167,5,1.2,23.9,15.2,13.61,0.0,27.21,204.08,0.0,6.8,0,2,2,0,0,0,8,66,утверждение,20,фактологический,0,0.0,разбор по пунктам,новость,0,0.0,0,0,False,False,0,False,True,0.05,рерайт,False
Gazeta.uz,gazeta,https://www.gazeta.uz/ru/2026/08/01/creative-park,2026-08-01T10:00:22+05:00,site,,Gazeta,307,2446,18,16.44,14.0,0.111,11,1.64,8.4,17.4,120.52,3.26,52.12,26.06,0.0,6.51,2,0,1,1,0,0,11,79,утверждение,18,фактологический,0,0.0,перевёрнутая пирамида,новость,0,0.0,0,1,True,False,0,False,True,0.0,работа с первоисточником,False
Gazeta.uz,gazeta,https://www.gazeta.uz/ru/2026/08/01/bus,2026-08-01T19:11:59+05:00,site,,Gazeta,361,2639,27,12.56,11.0,0.037,14,2.07,22.8,14.1,116.34,13.85,38.78,49.86,2.77,16.62,6,4,0,2,0,0,13,93,утверждение,31,фактологический,2,5.54,перевёрнутая пирамида,расширенная новость,3,8.31,0,0,False,False,0,False,True,0.45,комментарий эксперта,False
Gazeta.uz,gazeta,https://www.gazeta.uz/ru/2026/08/01/city-heat,2026-08-01T19:35:27+05:00,site,,Азамат Атаджанов; Gazeta,1690,12225,115,14.17,12.0,0.157,58,2.07,28.4,13.9,64.5,2.96,33.14,15.38,2.96,5.33,28,11,3,14,1,0,14,99,утверждение,22,отложенный,4,2.37,разбор по пунктам,расширенная новость,5,2.96,0,0,False,False,0,False,True,17.17,комментарий эксперта,False
Gazeta.uz,gazeta,https://www.gazeta.uz/ru/2026/08/03/minister-of-energy,2026-08-03T09:10:26+05:00,site,,Gazeta,349,2777,22,15.59,15.0,0.136,13,1.69,6.6,17.4,68.77,8.6,51.58,17.19,0.0,8.6,1,6,1,1,0,0,12,80,утверждение,33,фактологический,1,2.87,перевёрнутая пирамида,новость,4,11.46,0,1,True,False,0,False,True,-8.25,собственный сбор,False
Gazeta.uz,gazeta,https://www.gazeta.uz/ru/2026/08/03/deportation,2026-08-03T09:53:42+05:00,site,,Gazeta,112,837,6,17.0,18.0,0.0,5,1.2,6.2,17.9,98.21,17.86,53.57,62.5,0.0,8.93,1,2,1,5,0,0,8,48,утверждение,20,фактологический,0,0.0,перевёрнутая пирамида,новость,0,0.0,0,0,False,False,0,False,True,0.0,рерайт,False
Gazeta.uz,gazeta,https://www.gazeta.uz/ru/2026/08/03/taxes-2027,2026-08-03T13:19:21+05:00,site,,Gazeta,643,4980,37,16.24,14.0,0.108,24,1.54,10.3,17.0,111.98,4.67,43.55,49.77,32.66,10.89,0,1,1,0,0,0,13,85,утверждение,25,фактологический,4,6.22,разбор по пунктам,интервью,1,1.56,0,0,False,False,0,False,True,0.72,рерайт,False
Gazeta.uz,gazeta,https://www.gazeta.uz/ru/2026/08/03/onesec,2026-08-03T15:00:15+05:00,site,,,145,1285,7,20.0,24.0,0.429,5,1.4,-18.4,22.3,34.48,27.59,55.17,6.9,0.0,6.9,1,0,0,0,0,0,13,96,утверждение,33,фактологический,0,0.0,перевёрнутая пирамида,новость,0,0.0,0,0,False,False,0,False,True,-0.58,рерайт,False
Gazeta.uz,gazeta,https://www.gazeta.uz/ru/2026/08/03/bullying,2026-08-03T16:02:07+05:00,site,,Gazeta,578,3996,34,16.44,15.0,0.147,13,2.69,33.3,13.9,62.28,5.19,32.87,22.49,0.0,6.92,10,11,4,1,0,0,11,86,утверждение,36,фактологический,0,0.0,перевёрнутая пирамида,расширенная новость,5,8.65,0,0,False,False,0,False,True,1.38,комментарий эксперта,False
Gazeta.uz,gazeta,https://www.gazeta.uz/ru/2026/08/03/harassment,2026-08-03T19:07:25+05:00,site,,Gazeta,384,2992,22,16.77,18.0,0.136,12,1.83,9.1,17.4,59.9,18.23,41.67,36.46,0.0,5.21,3,6,2,5,0,0,12,96,утверждение,20,фактологический,0,0.0,перевёрнутая пирамида,расширенная новость,2,5.21,0,0,False,False,0,False,True,16.22,комментарий эксперта,False
Gazeta.uz,gazeta,https://www.gazeta.uz/ru/2026/08/04/byd,2026-08-04T15:00:41+05:00,site,,,353,2661,23,14.83,13.0,0.261,17,1.35,21.5,15.0,93.48,5.67,25.5,11.33,0.0,5.67,1,0,2,0,0,0,14,100,утверждение,31,отложенный,0,0.0,нарратив,расширенная новость,0,0.0,0,0,False,False,0,False,True,-0.52,рерайт,False
Gazeta.uz,gazeta,https://www.gazeta.uz/ru/2026/08/04/criminal-code,2026-08-04T16:07:06+05:00,site,,Gazeta,535,4103,28,18.11,14.0,0.25,18,1.56,9.6,17.7,91.59,0.0,69.16,42.99,0.0,0.0,7,8,0,1,0,0,12,97,утверждение,47,фактологический,1,1.87,перевёрнутая пирамида,расширенная новость,4,7.48,0,0,False,False,0,False,True,0.22,комментарий эксперта,False
Gazeta.uz,gazeta,https://www.gazeta.uz/ru/2026/08/04/kia,2026-08-04T17:00:56+05:00,site,,,225,1835,14,15.64,16.5,0.143,15,1.0,21.6,15.3,57.78,4.44,35.56,40.0,13.33,0.0,0,0,6,0,0,0,14,91,утверждение,36,отложенный,0,0.0,нарратив,новость,0,0.0,0,0,False,False,0,False,True,-1.8,рерайт,False
Gazeta.uz,gazeta,https://www.gazeta.uz/ru/2026/08/04/administration-uzb,2026-08-04T19:13:49+05:00,site,,Gazeta,961,8073,63,14.83,13.0,0.111,35,1.8,-3.0,18.5,118.63,3.12,36.42,12.49,0.0,6.24,12,11,1,0,0,0,8,67,утверждение,26,фактологический,4,4.16,разбор по пунктам,интервью,8,8.32,0,1,True,False,0,False,True,0.03,собственный сбор,False
Gazeta.uz,gazeta,https://www.gazeta.uz/ru/2026/08/05/engelberg,2026-08-05T15:00:13+05:00,site,,,293,2502,17,16.59,17.0,0.118,13,1.15,2.6,18.2,61.43,0.0,61.43,37.54,0.0,0.0,0,0,4,0,0,1,10,84,утверждение,36,отложенный,0,0.0,нарратив,новость,0,0.0,0,0,False,False,0,False,True,-2.77,рерайт,False
Gazeta.uz,gazeta,https://www.gazeta.uz/ru/2026/08/05/smuggling,2026-08-05T17:33:58+05:00,site,,Gazeta,107,829,7,14.71,16.0,0.0,6,1.17,14.4,16.0,74.77,9.35,37.38,46.73,0.0,0.0,0,2,1,0,0,0,13,73,листикл,24,фактологический,0,0.0,перевёрнутая пирамида,новость,2,18.69,0,0,False,False,0,False,True,0.12,комментарий эксперта,False
Gazeta.uz,gazeta,https://www.gazeta.uz/ru/2026/08/05/embezzlement,2026-08-05T17:48:12+05:00,site,,Gazeta,76,584,5,14.4,15.0,0.0,4,1.25,12.0,16.2,157.89,13.16,26.32,52.63,0.0,0.0,0,1,1,0,0,0,9,56,утверждение,25,фактологический,0,0.0,перевёрнутая пирамида,новость,1,13.16,0,0,False,False,0,False,True,0.0,рерайт,False
Gazeta.uz,gazeta,https://www.gazeta.uz/ru/2026/08/05/livestock-farming,2026-08-05T20:28:11+05:00,site,,Gazeta,519,4092,27,17.93,17.0,0.259,13,2.08,4.6,18.4,105.97,13.49,40.46,69.36,3.85,3.85,0,0,1,0,0,0,11,79,утверждение,38,фактологический,0,0.0,перевёрнутая пирамида,расширенная новость,0,0.0,0,1,True,False,0,False,True,0.0,работа с первоисточником,False
Gazeta.uz,gazeta,https://www.gazeta.uz/ru/2026/08/06/deposits,2026-08-06T11:37:57+05:00,site,,Gazeta,641,4239,42,13.5,13.0,0.048,22,1.91,40.3,12.0,48.36,0.0,35.88,101.4,71.76,9.36,0,0,1,3,0,0,12,80,утверждение,23,фактологический,4,6.24,разбор по пунктам,расширенная новость,0,0.0,0,1,True,False,0,False,True,0.52,работа с первоисточником,False
Gazeta.uz,gazeta,https://www.gazeta.uz/ru/2026/08/06/rahmat,2026-08-06T13:00:48+05:00,site,,,435,3563,24,18.25,18.0,0.083,22,1.27,8.8,17.9,96.55,4.6,50.57,22.99,0.0,0.0,1,0,4,0,0,1,8,63,утверждение,41,отложенный,3,6.9,разбор по пунктам,расширенная новость,0,0.0,0,0,False,False,0,False,True,4.1,рерайт,False
Gazeta.uz,gazeta,https://www.gazeta.uz/ru/2026/08/06/tbc-bank,2026-08-06T17:00:35+05:00,site,,,778,5570,35,20.6,18.0,0.286,21,1.67,26.0,16.2,60.41,1.29,32.13,44.99,15.42,12.85,4,1,10,1,0,0,12,80,утверждение,42,фактологический,4,5.14,разбор по пунктам,интервью,0,0.0,0,0,False,False,0,False,True,-1.8,рерайт,False
Gazeta.uz,gazeta,https://www.gazeta.uz/ru/2026/08/06/rescue,2026-08-06T20:12:05+05:00,site,,Gazeta,151,1079,12,12.5,11.0,0.0,7,1.71,36.3,12.2,46.36,6.62,13.25,13.25,0.0,0.0,1,2,3,1,0,0,8,53,утверждение,24,фактологический,0,0.0,перевёрнутая пирамида,новость,1,6.62,0,0,False,False,0,False,True,11.65,рерайт,False
Gazeta.uz,gazeta,https://www.gazeta.uz/ru/2026/08/06/uzcard,2026-08-06T21:00:14+05:00,site,,,314,2808,13,23.23,21.0,0.462,9,1.44,-19.2,23.4,60.51,9.55,22.29,6.37,0.0,3.18,1,0,0,0,0,0,10,71,утверждение,65,фактологический,0,0.0,разбор по пунктам,новость,0,0.0,0,0,False,False,0,False,True,-4.9,рерайт,False
Gazeta.uz,gazeta,https://www.gazeta.uz/ru/2026/08/07/weather,2026-08-07T11:42:45+05:00,site,,Gazeta,121,876,10,11.4,11.5,0.0,6,1.67,32.3,12.4,107.44,0.0,24.79,140.5,0.0,8.26,0,0,1,0,0,0,7,48,утверждение,14,отложенный,0,0.0,nut graf,новость,0,0.0,0,1,True,False,0,False,True,0.0,работа с первоисточником,False
Gazeta.uz,gazeta,https://www.gazeta.uz/ru/2026/08/07/birthright-citizenship,2026-08-07T14:02:07+05:00,site,,Gazeta,262,1880,15,16.8,13.0,0.267,7,2.0,30.0,14.5,80.15,7.63,30.53,26.72,0.0,7.63,6,2,3,0,0,0,13,98,утверждение,29,отложенный,0,0.0,нарратив,новость,0,0.0,0,0,False,False,0,False,True,1.08,рерайт,False
Gazeta.uz,gazeta,https://www.gazeta.uz/ru/2026/08/07/us-call,2026-08-07T19:56:02+05:00,site,,Gazeta,189,1696,11,16.91,18.0,0.0,8,1.38,-20.0,21.5,105.82,5.29,84.66,10.58,0.0,5.29,3,5,1,0,0,0,7,56,утверждение,20,фактологический,0,0.0,перевёрнутая пирамида,новость,4,21.16,0,1,True,False,0,False,True,0.05,собственный сбор,False
Kun.uz,kun,https://kun.uz/ru/news/2026/07/08/mvf-priznal-plavayushchiy-rejim-valyutnogo-kursa-v-uzbekistane-92ce49,2026-07-08T14:35:10+05:00,site,Узбекистан,Руслан Рамазанов,120,998,5,23.2,23.0,0.4,5,1.0,-16.1,22.9,108.33,16.67,83.33,33.33,0.0,33.33,0,0,1,0,0,0,8,57,утверждение,15,фактологический,0,0.0,перевёрнутая пирамида,новость,0,0.0,0,1,True,False,0,False,False,,работа с первоисточником,False
Kun.uz,kun,https://kun.uz/ru/news/2026/07/08/v-buxare-indiyskiy-student-ubil-svoyu-sootechestvennitsu-0d7233,2026-07-08T14:40:00+05:00,site,Узбекистан,Руслан Рамазанов,77,635,8,9.5,8.0,0.0,3,2.67,3.9,15.8,129.87,0.0,12.99,25.97,0.0,12.99,0,0,1,0,0,0,7,53,утверждение,19,фактологический,0,0.0,перевёрнутая пирамида,новость,0,0.0,0,0,False,False,0,False,False,,рерайт,False
Kun.uz,kun,https://kun.uz/ru/news/2026/07/08/my-mojyem-poteryat-brend-tashkenta-sozdannyy-po-krupitsam-teplichnik-ob-alternativnyx-resheniyax-5e6106,2026-07-08T15:35:13+05:00,site,Узбекистан,Руслан Рамазанов,385,2984,24,15.17,14.0,0.125,15,1.87,11.9,16.5,119.48,5.19,18.18,33.77,7.79,7.79,1,2,0,0,0,0,13,96,утверждение,35,отложенный,0,0.0,разбор по пунктам,расширенная новость,0,0.0,0,0,False,False,0,False,False,,рерайт,False
Kun.uz,kun,https://kun.uz/ru/news/2026/07/08/grajdaninu-uzbekistana-pomogli-vernutsya-na-rodinu-iz-serbii-ff7a5a,2026-07-08T17:54:06+05:00,site,Узбекистан,Виктория Бамутова,82,673,4,20.5,20.0,0.0,1,4.0,-3.8,20.4,121.95,24.39,97.56,0.0,0.0,0.0,0,1,1,0,0,0,8,60,утверждение,82,фактологический,0,0.0,перевёрнутая пирамида,новость,0,0.0,0,0,False,False,0,False,False,,рерайт,False
Kun.uz,kun,https://kun.uz/ru/news/2026/07/08/abituriyentam-osvobojdyonnym-ot-testirovaniya-propusk-ne-vydayotsya-3cbd0a,2026-07-08T19:40:52+05:00,site,Узбекистан,Руслан Рамазанов,110,858,6,18.17,18.5,0.0,3,2.0,-1.5,19.3,118.18,18.18,54.55,9.09,0.0,0.0,1,2,1,0,0,0,7,64,утверждение,41,фактологический,0,0.0,перевёрнутая пирамида,новость,2,18.18,0,0,False,False,0,False,False,,комментарий эксперта,False
Kun.uz,kun,https://kun.uz/ru/news/2026/07/08/v-tashkente-v-dtp-s-uchastiyem-podrostka-pogibli-dva-cheloveka-42da13,2026-07-08T19:52:23+05:00,site,Узбекистан,Виктория Бамутова,214,1632,15,14.07,14.0,0.0,1,15.0,23.3,14.5,18.69,0.0,37.38,9.35,0.0,0.0,0,8,1,0,0,0,10,58,утверждение,214,фактологический,0,0.0,перевёрнутая пирамида,новость,1,4.67,0,0,False,False,0,False,False,,рерайт,False
Kun.uz,kun,https://kun.uz/ru/news/2026/07/08/v-uzbekistane-import-tyagachey-i-polupritsepov-osvobodili-ot-poshlin-i-utilsbora-do-konsa-2027-goda-826a54,2026-07-08T21:46:27+05:00,site,Узбекистан,Виктория Бамутова,157,1153,7,20.29,18.0,0.286,1,7.0,9.1,18.5,89.17,12.74,38.22,50.96,0.0,31.85,0,0,0,1,0,0,15,96,утверждение,157,фактологический,0,0.0,перевёрнутая пирамида,новость,0,0.0,0,0,False,False,0,False,False,,рерайт,False
Kun.uz,kun,https://kun.uz/ru/news/2026/07/08/mejdunarodnyye-rezervy-uzbekistana-na-1-iyulya-sokratilis-do-6376-mlrd-dollarov-fb8830,2026-07-08T22:57:53+05:00,site,Узбекистан,Виктория Бамутова,81,493,4,17.0,16.0,0.0,1,4.0,51.3,11.6,49.38,0.0,12.35,111.11,24.69,12.35,0,0,1,0,0,0,11,78,утверждение,81,фактологический,0,0.0,перевёрнутая пирамида,новость,0,0.0,0,1,True,False,0,False,False,,работа с первоисточником,False
Kun.uz,kun,https://kun.uz/ru/news/2026/07/09/k-2030-godu-defitsit-vody-dostignet-15-mlrd-kubometrov-ministr-vodnogo-xozyaystva-shavkat-xamroyev-80237d,2026-07-09T00:11:32+05:00,site,Узбекистан,Руслан Рамазанов,317,2193,25,11.84,12.0,0.0,8,3.12,34.1,12.3,75.71,6.31,31.55,63.09,22.08,18.93,2,4,0,2,0,0,15,98,утверждение,56,фактологический,0,0.0,перевёрнутая пирамида,новость,2,6.31,0,0,False,False,0,False,False,,комментарий эксперта,False
Kun.uz,kun,https://kun.uz/ru/news/2026/07/09/vmesto-ekologicheskogo-sbora-vaucher-na-novyy-avtomobil-proyekt-utilizatsii-peresmotren-84cb68,2026-07-09T16:33:56+05:00,site,Узбекистан,Руслан Рамазанов,620,4848,30,19.87,20.5,0.233,14,2.14,3.2,19.2,88.71,20.97,32.26,38.71,8.06,1.61,0,1,1,0,0,0,11,87,утверждение,54,фактологический,0,0.0,перевёрнутая пирамида,расширенная новость,1,1.61,0,1,True,False,0,True,False,,собственный сбор,False
Kun.uz,kun,https://kun.uz/ru/news/2026/07/09/utverjdeny-pravila-deyatelnosti-spetsmayning-zony-besqala-mining-valley-v-karakalpakstane-776a5b,2026-07-09T19:18:01+05:00,site,Узбекистан,Виктория Бамутова,145,1327,8,17.88,13.0,0.125,1,8.0,-29.5,23.1,103.45,6.9,68.97,6.9,0.0,0.0,1,1,1,0,0,0,9,88,утверждение,145,фактологический,0,0.0,перевёрнутая пирамида,новость,1,6.9,0,1,True,False,0,False,False,,собственный сбор,False
Kun.uz,kun,https://kun.uz/ru/news/2026/07/09/senatory-odobrili-konstitutsionnyy-zakon-o-tashkenskom-mejdunarodnom-finansovom-sentre-38245c,2026-07-09T20:26:28+05:00,site,Узбекистан,Виктория Бамутова,145,1282,7,20.57,18.0,0.143,1,7.0,-16.5,22.2,124.14,6.9,117.24,0.0,0.0,0.0,1,1,1,0,0,0,9,87,утверждение,145,фактологический,0,0.0,перевёрнутая пирамида,новость,1,6.9,0,1,True,False,0,False,False,,собственный сбор,False
Kun.uz,kun,https://kun.uz/ru/news/2026/07/09/uzbekistan-i-belarus-vyveli-otnosheniya-na-uroven-strategicheskogo-partnerstva-afab01,2026-07-09T22:50:36+05:00,site,Узбекистан,Руслан Рамазанов,311,2622,3,96.0,22.0,0.333,17,1.06,-108.3,59.0,64.31,9.65,38.59,45.02,0.0,25.72,0,0,1,0,0,0,9,77,утверждение,13,отложенный,0,0.0,nut graf,новость,0,0.0,0,1,True,False,0,False,False,,работа с первоисточником,False
Kun.uz,kun,https://kun.uz/ru/news/2026/07/10/na-podstansii-v-tashkente-proizoshla-avariya-oboshlos-bez-postradavshix-188df6,2026-07-10T14:38:00+05:00,site,Узбекистан,Руслан Рамазанов,174,1386,12,14.17,14.0,0.083,7,1.71,5.6,17.0,103.45,5.75,51.72,40.23,0.0,0.0,1,0,0,0,0,0,9,68,утверждение,28,фактологический,0,0.0,перевёрнутая пирамида,новость,0,0.0,0,0,False,False,0,False,False,,рерайт,False
Kun.uz,kun,https://kun.uz/ru/news/2026/07/10/lukashenko-my-xotim-videt-uzbekskiye-semi-v-belarusi-fd9258,2026-07-10T15:54:46+05:00,site,Узбекистан,Руслан Рамазанов,162,1252,10,15.9,15.0,0.0,6,1.67,11.2,16.8,98.77,12.35,74.07,12.35,0.0,6.17,1,2,1,0,0,0,8,55,утверждение,24,фактологический,0,0.0,перевёрнутая пирамида,новость,2,12.35,0,0,False,False,0,False,False,,комментарий эксперта,False
Kun.uz,kun,https://kun.uz/ru/news/2026/07/10/shavkat-mirziyoyev-nagradil-generalnogo-direktora-icesco-ordenom-dustlik-a54934,2026-07-10T20:52:44+05:00,site,Узбекистан,Руслан Рамазанов,122,1054,7,17.14,15.0,0.286,5,1.4,-14.8,20.8,114.75,8.2,40.98,8.2,0.0,0.0,0,0,1,0,0,0,8,72,утверждение,15,отложенный,0,0.0,nut graf,новость,0,0.0,0,1,True,False,0,False,False,,работа с первоисточником,False
Kun.uz,kun,https://kun.uz/ru/news/2026/07/10/v-karmaninskom-rayone-utonuli-troye-podrostkov-kupavshixsya-v-reke-zarafshane-da5f99,2026-07-10T21:01:28+05:00,site,Узбекистан,Руслан Рамазанов,115,820,9,12.44,10.0,0.0,5,1.8,32.9,12.7,69.57,0.0,52.17,43.48,0.0,43.48,1,3,0,2,0,0,10,74,утверждение,18,отложенный,0,0.0,nut graf,новость,2,17.39,0,0,False,False,0,False,False,,комментарий эксперта,False
Kun.uz,kun,https://kun.uz/ru/news/2026/07/10/prezident-vyrazil-soboleznovaniya-si-tszinpinu-0e31ae,2026-07-10T21:03:38+05:00,site,Узбекистан,Виктория Бамутова,86,633,6,14.0,13.5,0.167,3,2.0,31.2,13.4,23.26,0.0,23.26,23.26,0.0,0.0,0,0,2,1,0,0,5,45,утверждение,14,отложенный,0,0.0,nut graf,новость,0,0.0,0,0,False,False,0,False,False,,рерайт,False
Kun.uz,kun,https://kun.uz/ru/news/2026/07/10/prezident-naznachil-novyx-zamestiteley-ministra-kultury-025efb,2026-07-10T23:22:28+05:00,site,Узбекистан,Руслан Рамазанов,85,715,5,16.6,17.0,0.2,5,1.0,4.2,18.0,94.12,23.53,94.12,0.0,0.0,0.0,0,0,1,0,4,0,6,55,утверждение,9,отложенный,0,0.0,нарратив,новость,0,0.0,0,0,False,False,0,False,False,,рерайт,False
Kun.uz,kun,https://kun.uz/ru/news/2026/07/11/stroitelstvo-jyeleznoy-dorogi-kitay-kyrgyzstan-uzbekistan-pereshlo-v-aktivnuyu-fazu-ab7f18,2026-07-11T15:08:17+05:00,site,Узбекистан,Руслан Рамазанов,206,1715,13,15.54,14.0,0.077,5,2.6,4.3,17.7,116.5,9.71,38.83,14.56,0.0,0.0,1,4,2,0,0,0,12,87,утверждение,58,фактологический,0,0.0,перевёрнутая пирамида,новость,3,14.56,0,0,False,False,0,False,False,,комментарий эксперта,False
Kun.uz,kun,https://kun.uz/ru/news/2026/07/11/posol-shveytsarii-konstantin-obolenskiy-podvyol-itogi-pyatiletney-missii-v-uzbekistane-face35,2026-07-11T20:51:16+05:00,site,Узбекистан,Виктория Бамутова,263,2041,22,11.41,11.0,0.0,2,11.0,16.7,14.6,144.49,3.8,30.42,26.62,7.6,3.8,5,4,0,1,0,0,10,82,утверждение,26,фактологический,0,0.0,перевёрнутая пирамида,новость,1,3.8,0,0,False,False,0,False,False,,рерайт,False
Kun.uz,kun,https://kun.uz/ru/news/2026/07/11/na-uzbeksko-kazaxstanskoy-granitse-vnedryat-tsifrovoy-tamojyennyy-kontrol-3b4c1c,2026-07-11T21:04:01+05:00,site,Узбекистан,Руслан Рамазанов,194,1760,9,21.44,20.0,0.222,7,1.29,-21.0,23.1,97.94,15.46,46.39,0.0,0.0,0.0,0,1,1,0,0,0,7,70,утверждение,20,отложенный,0,0.0,нарратив,новость,0,0.0,0,0,False,False,0,True,False,,рерайт,False
Kun.uz,kun,https://kun.uz/ru/news/2026/07/13/v-tashoblasti-k-otvetstvennosti-privlekli-tryox-voditeley-bez-prav-odin-iz-nix-nesovershennoletniy-0815ad,2026-07-13T15:35:18+05:00,site,Узбекистан,Виктория Бамутова,93,766,4,23.0,19.5,0.25,1,4.0,-1.4,20.8,53.76,21.51,75.27,0.0,0.0,0.0,1,3,0,0,0,0,14,98,утверждение,93,сценический,0,0.0,перевёрнутая пирамида,новость,3,32.26,0,0,False,False,0,False,False,,комментарий эксперта,False
Kun.uz,kun,https://kun.uz/ru/news/2026/07/13/prichinu-poyavleniya-zapaxa-gari-v-tashkente-obyasnili-izmeneniyem-pogodnyx-usloviy-452351,2026-07-13T16:19:45+05:00,site,Узбекистан,Руслан Рамазанов,193,1421,12,15.83,16.5,0.083,7,1.71,17.3,15.9,77.72,10.36,31.09,15.54,0.0,0.0,1,5,1,0,0,0,10,78,утверждение,24,отложенный,0,0.0,nut graf,новость,2,10.36,0,1,True,False,0,False,False,,собственный сбор,False
Kun.uz,kun,https://kun.uz/ru/news/2026/07/13/v-xokimiyate-tashkenta-prizvali-pozabotitsya-o-jivotnyx-v-jaru-561ee6,2026-07-13T19:22:46+05:00,site,Узбекистан,Руслан Рамазанов,193,1423,12,16.08,18.0,0.0,1,12.0,27.1,14.6,93.26,0.0,31.09,0.0,0.0,0.0,1,5,2,1,0,0,9,60,утверждение,192,фактологический,0,0.0,перевёрнутая пирамида,новость,4,20.73,0,0,False,False,0,False,False,,комментарий эксперта,False
Kun.uz,kun,https://kun.uz/ru/news/2026/07/13/shavkat-mirziyoyev-oznakomilsya-s-protsessom-proizvodstva-listovogo-prokata-2852ed,2026-07-13T19:26:34+05:00,site,Узбекистан,Руслан Рамазанов,253,2032,14,17.0,18.5,0.071,10,1.4,0.1,18.7,130.43,7.91,63.24,71.15,0.0,15.81,0,1,1,0,0,0,8,70,утверждение,33,фактологический,0,0.0,перевёрнутая пирамида,новость,1,3.95,0,1,True,False,0,False,False,,собственный сбор,False
Kun.uz,kun,https://kun.uz/ru/news/2026/07/13/uzbekistan-raspolagayet-15-mlrd-tonn-zapasov-jyeleznoy-rudy-prezident-b2710d,2026-07-13T20:41:36+05:00,site,Узбекистан,Руслан Рамазанов,613,4703,32,18.19,18.0,0.156,28,1.14,10.7,17.6,107.67,4.89,45.68,48.94,4.89,6.53,0,2,0,0,0,0,10,70,утверждение,29,фактологический,0,0.0,перевёрнутая пирамида,расширенная новость,2,3.26,0,0,False,False,0,False,False,,комментарий эксперта,False
Kun.uz,kun,https://kun.uz/ru/news/2026/07/13/minzdrav-vypustil-rekomendatsii-iz-za-anomalnoy-jary-dba582,2026-07-13T21:00:21+05:00,site,Узбекистан,Виктория Бамутова,293,2296,15,18.87,19.0,0.2,1,15.0,6.9,18.4,54.61,0.0,34.13,44.37,0.0,0.0,1,4,0,1,0,0,6,52,утверждение,293,фактологический,0,0.0,перевёрнутая пирамида,новость,1,3.41,0,0,False,False,0,False,False,,рерайт,False
Kun.uz,kun,https://kun.uz/ru/news/2026/07/14/boleye-10-000-sluchayev-izbytochnoy-smertnosti-zafiksirovano-v-yevrope-iz-za-iyunskoy-jary-97aeac,2026-07-14T17:58:00+05:00,site,Узбекистан,Виктория Бамутова,238,1893,11,21.36,22.0,0.364,1,11.0,2.6,19.8,75.63,0.0,50.42,16.81,4.2,4.2,0,2,1,0,0,0,12,85,утверждение,238,фактологический,0,0.0,перевёрнутая пирамида,новость,1,4.2,0,0,False,False,0,False,False,,рерайт,False
Kun.uz,kun,https://kun.uz/ru/news/2026/07/14/namangan-stal-samym-bystrorastushchim-i-samym-plotnym-gorodom-1d381d,2026-07-14T19:00:00+05:00,site,Узбекистан,Асал Равшанова,322,2244,21,13.67,12.0,0.048,9,2.33,34.5,12.8,105.59,0.0,34.16,111.8,40.37,37.27,0,0,1,0,3,0,8,58,утверждение,26,фактологический,4,12.42,разбор по пунктам,новость,0,0.0,0,1,True,False,0,False,False,,работа с первоисточником,False
Kun.uz,kun,https://kun.uz/ru/news/2026/07/14/v-xorezmskoy-i-nekotoryx-rayonax-navoiyskoy-oblastey-iz-za-jary-vremenno-zakryty-detskiye-sady-ac7b59,2026-07-14T20:49:14+05:00,site,Узбекистан,Руслан Рамазанов,182,1329,8,18.88,20.0,0.125,10,1.2,-7.2,20.3,60.44,10.99,43.96,49.45,0.0,16.48,0,1,2,1,0,0,13,93,утверждение,49,фактологический,0,0.0,перевёрнутая пирамида,новость,1,5.49,0,0,False,False,0,False,False,,рерайт,False
Kun.uz,kun,https://kun.uz/ru/news/2026/07/14/prezident-oznakomilsya-s-predlojyeniyami-po-reformirovaniyu-pensionnoy-sistemy-c7508a,2026-07-14T23:20:17+05:00,site,Узбекистан,Руслан Рамазанов,322,2424,16,19.19,19.0,0.188,13,1.23,10.0,18.0,139.75,12.42,37.27,46.58,18.63,3.11,0,2,1,0,0,0,8,74,утверждение,18,фактологический,0,0.0,перевёрнутая пирамида,новость,1,3.11,0,1,True,False,0,False,False,,собственный сбор,False
Kun.uz,kun,https://kun.uz/ru/news/2026/07/15/prezident-uzbekistana-pribyl-v-katar-ceb350,2026-07-15T01:19:01+05:00,site,Узбекистан,Руслан Рамазанов,85,577,6,13.33,13.0,0.0,3,2.0,40.0,12.0,35.29,23.53,0.0,70.59,0.0,35.29,0,0,1,0,0,0,5,36,утверждение,21,отложенный,0,0.0,nut graf,новость,0,0.0,0,1,True,False,0,False,False,,работа с первоисточником,False
Kun.uz,kun,https://kun.uz/ru/news/2026/07/15/v-dvux-rayonax-tashkenskoy-oblasti-naznacheny-novyye-xokimy-71b0a8,2026-07-15T14:41:22+05:00,site,Узбекистан,Руслан Рамазанов,157,1257,12,12.75,9.5,0.0,8,1.5,3.3,16.9,44.59,0.0,31.85,25.48,0.0,25.48,1,0,1,0,0,0,8,57,утверждение,35,фактологический,0,0.0,перевёрнутая пирамида,новость,0,0.0,0,0,False,False,0,False,False,,рерайт,False
Kun.uz,kun,https://kun.uz/ru/news/2026/07/15/v-kuveyte-obsudili-vozmojnost-uproshcheniya-vizovyx-protsedur-dlya-uzbekistansev-ac08d3,2026-07-15T17:10:20+05:00,site,Узбекистан,Виктория Бамутова,96,868,5,19.2,19.0,0.0,1,5.0,-21.0,22.4,31.25,10.42,83.33,0.0,0.0,0.0,0,1,1,0,0,0,9,75,утверждение,96,фактологический,0,0.0,перевёрнутая пирамида,новость,1,10.42,0,0,False,False,0,False,False,,рерайт,False
Kun.uz,kun,https://kun.uz/ru/news/2026/07/15/v-44-gradusnuyu-jaru-rabotodatelyam-predyavili-novyye-trebovaniya-e2abff,2026-07-15T19:15:30+05:00,site,Узбекистан,Руслан Рамазанов,144,1112,6,23.33,22.0,0.333,6,1.0,-0.8,20.9,76.39,6.94,48.61,27.78,0.0,0.0,0,3,1,0,0,0,7,61,утверждение,20,фактологический,0,0.0,перевёрнутая пирамида,новость,3,20.83,0,0,False,False,0,False,False,,комментарий эксперта,False
Kun.uz,kun,https://kun.uz/ru/news/2026/07/15/startoval-novyy-sezon-initsiativnogo-budjeta-68bf4a,2026-07-15T20:48:25+05:00,site,Узбекистан,Руслан Рамазанов,258,1971,15,16.2,14.0,0.133,14,1.21,15.9,16.3,131.78,3.88,15.5,62.02,7.75,19.38,3,2,5,1,0,0,5,45,утверждение,32,фактологический,0,0.0,перевёрнутая пирамида,новость,2,7.75,0,2,True,False,0,False,False,,собственный сбор,False
Kun.uz,kun,https://kun.uz/ru/news/2026/07/16/uznat-svoi-telefonnyye-nomera-i-bankovskiye-karty-mojno-budet-cherez-portal-gosuslug-096e52,2026-07-16T14:39:23+05:00,site,Узбекистан,Руслан Рамазанов,119,889,1,111.0,111.0,1.0,3,1.0,-119.4,65.3,58.82,8.4,117.65,16.81,0.0,16.81,0,0,1,0,0,0,12,82,утверждение,14,фактологический,0,0.0,перевёрнутая пирамида,новость,0,0.0,0,1,True,False,0,False,False,,работа с первоисточником,False
Kun.uz,kun,https://kun.uz/ru/news/2026/07/16/prezident-poruchil-regionam-otobrat-po-30-predprinimateley-dlya-realizatsii-proyektov-v-belarusi-d70943,2026-07-16T14:40:11+05:00,site,Узбекистан,Руслан Рамазанов,535,4414,28,18.36,18.5,0.179,18,1.56,-1.7,19.4,100.93,7.48,37.38,35.51,1.87,1.87,1,1,1,0,0,0,12,93,утверждение,62,фактологический,0,0.0,перевёрнутая пирамида,расширенная новость,1,1.87,0,1,True,False,0,False,False,,собственный сбор,False
Kun.uz,kun,https://kun.uz/ru/news/2026/07/16/propan-v-uzbekistane-za-god-podorojal-na-411-tsentralnyy-bank-62be38,2026-07-16T15:32:25+05:00,site,Узбекистан,Виктория Бамутова,96,617,4,18.75,18.5,0.25,1,4.0,27.8,15.4,31.25,0.0,20.83,135.42,114.58,0.0,0,1,1,0,0,0,11,65,утверждение,96,фактологический,0,0.0,перевёрнутая пирамида,новость,0,0.0,0,0,False,False,0,False,False,,рерайт,False
Kun.uz,kun,https://kun.uz/ru/news/2026/07/16/v-rossii-planiruyut-obyazat-migrantov-priobretat-telefony-s-elektronnym-profilem-51d54e,2026-07-16T16:43:11+05:00,site,Мир,Руслан Рамазанов,211,1546,13,15.85,15.0,0.077,1,13.0,19.9,15.6,142.18,4.74,47.39,14.22,0.0,9.48,2,5,1,0,0,0,10,80,утверждение,211,фактологический,0,0.0,перевёрнутая пирамида,новость,1,4.74,0,0,False,False,0,False,False,,рерайт,False
Kun.uz,kun,https://kun.uz/ru/news/2026/07/16/kokandskiy-patyr-poluchil-status-geograficheskogo-ukazaniya-25ff3a,2026-07-16T17:00:05+05:00,site,Узбекистан,Виктория Бамутова,87,764,4,21.5,20.5,0.25,1,4.0,-16.8,22.5,103.45,0.0,68.97,0.0,0.0,0.0,0,0,1,0,0,0,6,56,утверждение,87,отложенный,0,0.0,нарратив,новость,0,0.0,0,0,False,False,0,False,False,,рерайт,False
Kun.uz,kun,https://kun.uz/ru/news/2026/07/16/utverjdeniya-chto-elektromobili-vyzyvayut-rak-absolyutno-bezosnovatelny-ekspert-390fec,2026-07-16T17:30:54+05:00,site,Узбекистан,Руслан Рамазанов,508,4023,37,13.59,12.0,0.081,16,2.62,9.7,16.3,82.68,1.97,35.43,7.87,0.0,0.0,0,0,0,1,0,0,9,82,утверждение,37,отложенный,0,0.0,нарратив,интервью,0,0.0,0,0,False,False,0,False,False,,рерайт,False
Kun.uz,kun,https://kun.uz/ru/news/2026/07/16/posetitel-tashkenskogo-zooparka-neskolko-raz-plyunuvshiy-v-storonu-lva-prinyos-izvineniya-b7cf0f,2026-07-16T21:00:20+05:00,site,Узбекистан,Виктория Бамутова,157,1167,8,19.62,19.0,0.25,1,8.0,7.5,18.5,57.32,6.37,82.8,0.0,0.0,0.0,1,4,1,0,0,0,11,90,утверждение,157,фактологический,0,0.0,перевёрнутая пирамида,новость,0,0.0,0,0,False,False,0,False,False,,рерайт,False
Kun.uz,kun,https://kun.uz/ru/news/2026/07/17/iz-za-anomalnoy-jary-ogranichat-skorost-dvijyeniya-poyezdov-02dd5c,2026-07-17T14:32:00+05:00,site,Узбекистан,Руслан Рамазанов,78,599,5,14.6,15.0,0.0,4,1.25,2.6,17.6,141.03,12.82,102.56,76.92,0.0,25.64,1,1,1,0,0,0,7,57,утверждение,15,отложенный,0,0.0,nut graf,новость,1,12.82,0,0,False,False,0,False,False,,рерайт,False
Kun.uz,kun,https://kun.uz/ru/news/2026/07/17/afganistan-oproverg-soobshcheniya-o-zayavleniyax-v-adres-uzbekistana-2c2143,2026-07-17T14:54:50+05:00,site,Узбекистан,Руслан Рамазанов,227,1726,13,17.23,16.0,0.154,7,2.0,9.2,17.5,70.48,8.81,52.86,8.81,0.0,8.81,2,2,1,0,0,0,8,62,утверждение,45,фактологический,0,0.0,перевёрнутая пирамида,новость,1,4.41,0,0,False,False,0,False,False,,рерайт,False
Kun.uz,kun,https://kun.uz/ru/news/2026/07/17/kasayetsya-tolko-tex-u-kogo-net-smartfona-mid-uzbekistana-o-novyx-trebovaniyax-rossii-k-migrantam-732d74,2026-07-17T18:20:00+05:00,site,Узбекистан,Руслан Рамазанов,143,1146,6,23.67,19.5,0.333,5,1.2,-1.3,21.0,132.87,34.97,34.97,0.0,0.0,0.0,1,1,1,0,0,0,16,100,утверждение,19,отложенный,0,0.0,нарратив,новость,1,6.99,0,0,False,False,0,False,False,,рерайт,False
Kun.uz,kun,https://kun.uz/ru/news/2026/07/17/iz-za-rekordnoy-jary-v-uzbekistane-vvodyatsya-vremennyye-otklyucheniya-elektroenergii-82f7e7,2026-07-17T19:07:59+05:00,site,Узбекистан,Руслан Рамазанов,166,1346,10,15.4,11.5,0.2,5,2.0,-2.5,18.6,72.29,0.0,42.17,48.19,6.02,6.02,0,0,1,0,0,0,9,79,утверждение,42,фактологический,0,0.0,перевёрнутая пирамида,новость,0,0.0,0,1,True,False,0,False,False,,работа с первоисточником,False
Kun.uz,kun,https://kun.uz/ru/news/2026/07/17/xokimiyat-nameren-otozvat-reklamnyye-pasporta-vydannyye-do-2034-goda-predprinimatel-osparivayet-eto--435019,2026-07-17T21:24:15+05:00,site,Узбекистан,Руслан Рамазанов,635,5117,38,16.0,17.5,0.026,24,1.71,6.4,17.5,129.13,3.15,50.39,36.22,0.0,12.6,5,2,0,3,0,0,15,107,утверждение,37,фактологический,0,0.0,перевёрнутая пирамида,расширенная новость,1,1.57,0,0,False,False,0,False,False,,пресс-релиз без обработки,False
Kun.uz,kun,https://kun.uz/ru/news/2026/07/18/utverjdeny-kvoty-priyoma-v-vuzy-na-20262027-uchebnyy-god-1026e4,2026-07-18T14:40:42+05:00,site,Узбекистан,Руслан Рамазанов,283,1758,11,17.55,16.0,0.091,9,1.22,23.0,15.7,74.2,0.0,17.67,123.67,21.2,0.0,1,0,1,0,0,0,9,55,утверждение,37,фактологический,0,0.0,разбор по пунктам,новость,0,0.0,0,1,True,False,0,False,False,,работа с первоисточником,False
Kun.uz,kun,https://kun.uz/ru/news/2026/07/18/zaderjana-prestupnaya-gruppa-poxitivshaya-boleye-1-mlrd-sumov-cherez-poddelnyy-sayt-mygov-33b066,2026-07-18T15:39:29+05:00,site,Узбекистан,Руслан Рамазанов,127,981,7,16.86,16.0,0.0,4,1.75,18.4,16.1,110.24,7.87,62.99,78.74,0.0,7.87,1,1,1,0,0,0,12,86,утверждение,22,отложенный,0,0.0,nut graf,новость,0,0.0,0,0,False,False,0,False,False,,пресс-релиз без обработки,False
Kun.uz,kun,https://kun.uz/ru/news/2026/07/18/na-kolsevoy-linii-metro-tashkenta-provedut-obsledovaniye-vsex-stansiy-b70219,2026-07-18T16:39:58+05:00,site,Узбекистан,Руслан Рамазанов,120,931,7,15.86,14.0,0.143,4,1.75,-2.7,18.7,100.0,58.33,58.33,91.67,0.0,25.0,0,1,1,1,0,0,9,68,утверждение,28,фактологический,0,0.0,перевёрнутая пирамида,новость,0,0.0,0,0,False,False,0,False,False,,рерайт,False
Kun.uz,kun,https://kun.uz/ru/news/2026/07/19/gromkoye-naznacheniye-otklyucheniya-sveta-rekordnaya-jara-i-reforma-pensiy-novosti-nedeli,2026-07-19T16:36:53+05:00,site,Узбекистан,,1740,13156,102,16.47,16.0,0.088,68,1.68,16.6,16.2,90.23,3.45,38.51,34.48,2.3,4.02,2,10,0,0,0,0,12,86,утверждение,76,фактологический,0,0.0,перевёрнутая пирамида,аналитика,5,2.87,0,0,False,False,0,False,False,,комментарий эксперта,False
Kun.uz,kun,https://kun.uz/ru/news/2026/07/20/alen-berse-prizval-fifa-zaklyuchit-mejdunarodnoye-soglasheniye-po-integriti-v-sporte,2026-07-20T12:49:00+05:00,site,Мир,Руслан Рамазанов,294,2033,17,16.12,13.0,0.118,1,10.0,31.9,14.0,57.82,10.2,34.01,44.22,0.0,13.61,2,3,1,0,0,0,11,80,утверждение,287,фактологический,0,0.0,перевёрнутая пирамида,новость,1,3.4,0,0,False,False,0,False,False,,рерайт,False
Kun.uz,kun,https://kun.uz/ru/news/2026/07/20/uzbekistan-za-polgoda-posetili-656-mln-turistov,2026-07-20T12:55:00+05:00,site,Узбекистан,Виктория Бамутова,67,405,3,16.0,19.0,0.0,1,1.0,44.5,12.2,14.93,0.0,0.0,208.96,0.0,0.0,0,0,1,0,0,0,7,48,утверждение,60,фактологический,0,0.0,перевёрнутая пирамида,новость,0,0.0,0,0,False,False,0,False,False,,рерайт,False
Kun.uz,kun,https://kun.uz/ru/news/2026/07/20/v-uzgidromete-predupredili-ob-opasnosti-seley-i-pavodkov,2026-07-20T14:18:00+05:00,site,Узбекистан,Руслан Рамазанов,121,1040,8,15.12,16.5,0.0,2,1.0,4.9,17.5,82.64,0.0,33.06,0.0,0.0,0.0,0,1,1,0,0,0,8,56,утверждение,113,фактологический,0,0.0,перевёрнутая пирамида,новость,1,8.26,0,1,True,False,0,False,False,,собственный сбор,False
Kun.uz,kun,https://kun.uz/ru/news/2026/07/20/na-perevale-kamchik-obrushili-neustoychivyye-kamni-na-gornyx-sklonax,2026-07-20T16:04:00+05:00,site,Узбекистан,Руслан Рамазанов,67,565,4,17.75,17.0,0.25,3,1.33,16.2,16.7,104.48,14.93,14.93,44.78,0.0,14.93,1,1,1,0,0,0,9,64,утверждение,17,отложенный,0,0.0,nut graf,новость,1,14.93,0,0,False,False,0,False,False,,рерайт,False
Kun.uz,kun,https://kun.uz/ru/news/2026/07/20/vyyavleno-krupnoye-moshennichestvo-s-falshivymi-chekami-na-19-mlrd-sumov,2026-07-20T21:00:00+05:00,site,Узбекистан,Руслан Рамазанов,100,751,6,16.33,16.5,0.167,4,1.5,28.0,14.6,100.0,10.0,20.0,50.0,0.0,0.0,0,1,1,0,0,0,10,68,утверждение,27,отложенный,0,0.0,nut graf,новость,0,0.0,0,0,False,False,0,False,False,,рерайт,False
Kun.uz,kun,https://kun.uz/ru/news/2026/07/20/odilxon-ismoilov-prigovoryon-k-pochti-8-godam-zaklyucheniya,2026-07-20T22:17:00+05:00,site,Узбекистан,Руслан Рамазанов,231,1698,12,17.33,15.0,0.083,7,1.71,18.2,16.3,64.94,4.33,47.62,95.24,0.0,30.3,2,1,1,0,0,0,8,54,утверждение,15,фактологический,0,0.0,перевёрнутая пирамида,новость,1,4.33,0,0,False,False,0,False,False,,рерайт,False
Kun.uz,kun,https://kun.uz/ru/news/2026/07/21/sbornaya-uzbekistana-opustilas-na-10-strochek-v-reytinge-fifa,2026-07-21T09:25:00+05:00,site,Спорт,Руслан Рамазанов,158,1064,13,10.69,11.0,0.0,8,1.62,46.8,10.2,107.59,0.0,6.33,145.57,0.0,0.0,0,0,1,0,0,0,9,60,утверждение,13,отложенный,0,0.0,nut graf,новость,0,0.0,0,0,False,False,0,False,False,,рерайт,False
Kun.uz,kun,https://kun.uz/ru/news/2026/07/21/v-djizakskoy-oblasti-utonuli-tri-devushki-podrostka,2026-07-21T10:03:00+05:00,site,Узбекистан,Руслан Рамазанов,81,689,6,13.0,14.0,0.0,4,1.5,-2.7,17.8,61.73,0.0,24.69,37.04,0.0,12.35,0,1,1,0,0,0,6,50,утверждение,25,фактологический,0,0.0,перевёрнутая пирамида,новость,0,0.0,0,0,False,False,0,False,False,,рерайт,False
Kun.uz,kun,https://kun.uz/ru/news/2026/07/21/zayomshchiki-tratyat-na-pogasheniye-dolgov-boleye-poloviny-svoyego-doxoda,2026-07-21T15:39:00+05:00,site,Узбекистан,Руслан Рамазанов,248,1647,16,12.38,13.0,0.0,11,1.45,24.7,13.8,88.71,0.0,44.35,108.87,76.61,8.06,0,2,1,0,0,0,9,64,утверждение,22,фактологический,0,0.0,перевёрнутая пирамида,новость,1,4.03,0,1,True,False,0,False,False,,собственный сбор,False
Kun.uz,kun,https://kun.uz/ru/news/2026/07/21/v-tashkente-cherez-poddelnyye-cheki-poxitili-14-mlrd-sumov-keshbeka,2026-07-21T15:57:00+05:00,site,Узбекистан,Руслан Рамазанов,116,865,6,18.83,21.5,0.167,4,1.5,20.1,16.5,129.31,17.24,17.24,43.1,0.0,0.0,0,0,1,0,0,0,10,64,утверждение,25,отложенный,0,0.0,nut graf,новость,0,0.0,0,0,False,False,0,False,False,,рерайт,False
Kun.uz,kun,https://kun.uz/ru/news/2026/07/21/prezident-nedovolen-rabotoy-bankov-v-maxallyax,2026-07-21T17:19:00+05:00,site,Узбекистан,Руслан Рамазанов,105,852,7,14.86,15.0,0.0,5,1.4,7.8,17.0,114.29,0.0,57.14,9.52,0.0,9.52,0,1,1,0,0,0,6,45,утверждение,14,фактологический,0,0.0,перевёрнутая пирамида,новость,1,9.52,0,0,False,False,0,False,False,,рерайт,False
Kun.uz,kun,https://kun.uz/ru/news/2026/07/21/prezident-poruchil-sokratit-shtrafy-i-sbory-dlya-predprinimateley,2026-07-21T17:49:00+05:00,site,Узбекистан,Виктория Бамутова,131,1015,7,18.0,13.0,0.143,1,3.0,7.9,17.9,61.07,0.0,61.07,45.8,0.0,7.63,0,1,1,0,0,0,8,63,утверждение,127,фактологический,0,0.0,перевёрнутая пирамида,новость,1,7.63,0,0,False,False,0,False,False,,рерайт,False
Kun.uz,kun,https://kun.uz/ru/news/2026/07/22/uzbekistansev-otpravyat-na-rabotu-na-avtomobilnyy-zavod-v-minske,2026-07-22T09:56:00+05:00,site,Узбекистан,Руслан Рамазанов,97,827,5,19.4,18.0,0.2,5,1.0,-14.2,21.5,72.16,20.62,41.24,0.0,0.0,0.0,0,0,1,0,0,0,9,64,утверждение,16,отложенный,0,0.0,нарратив,новость,0,0.0,0,0,False,False,0,False,False,,рерайт,False
Kun.uz,kun,https://kun.uz/ru/news/2026/07/22/v-tashkente-v-kanale-yukori-bozsu-utonul-chelovek,2026-07-22T10:10:00+05:00,site,Узбекистан,Виктория Бамутова,92,696,5,17.6,19.0,0.0,1,2.0,14.6,16.9,119.57,10.87,32.61,65.22,0.0,10.87,0,1,1,0,0,0,8,46,утверждение,89,фактологический,0,0.0,перевёрнутая пирамида,новость,1,10.87,0,0,False,False,0,False,False,,рерайт,False
Kun.uz,kun,https://kun.uz/ru/news/2026/07/22/ugolovnoye-delo-byvshego-predsedatelya-uzbekneftegaza-baxodira-siddikova-napravleno-v-sud,2026-07-22T14:18:00+05:00,site,Узбекистан,Руслан Рамазанов,194,1410,8,22.25,16.5,0.25,7,1.14,9.4,19.1,77.32,20.62,46.39,61.86,0.0,15.46,1,3,1,4,0,0,10,88,утверждение,13,отложенный,0,0.0,nut graf,новость,3,15.46,0,0,False,False,0,False,False,,комментарий эксперта,False
Kun.uz,kun,https://kun.uz/ru/news/2026/07/22/na-trasse-tashkent-nurafshan-postroyen-sovremennyy-puteprovod,2026-07-22T17:49:00+05:00,site,Узбекистан,Руслан Рамазанов,169,1340,7,22.43,23.0,0.286,4,1.75,0.4,20.4,124.26,5.92,59.17,71.01,0.0,0.0,1,1,0,0,3,0,8,60,утверждение,24,фактологический,0,0.0,перевёрнутая пирамида,новость,0,0.0,0,0,False,False,0,False,False,,рерайт,False
Kun.uz,kun,https://kun.uz/ru/news/2026/07/24/v-dvux-muzeyax-obnarujyena-propaja-boleye-500-eksponatov,2026-07-24T11:01:00+05:00,site,Узбекистан,Руслан Рамазанов,96,797,4,23.5,21.5,0.25,4,1.0,-14.2,22.8,62.5,10.42,20.83,20.83,0.0,0.0,0,0,1,0,0,0,8,53,утверждение,16,отложенный,0,0.0,nut graf,новость,0,0.0,0,1,True,False,0,False,False,,работа с первоисточником,False
Kun.uz,kun,https://kun.uz/ru/news/2026/07/24/glavnyy-prioritet-vernut-stolitse-status-zelyonogo-goroda-saida-mirziyoyeva,2026-07-24T17:42:00+05:00,site,Узбекистан,Виктория Бамутова,114,895,6,18.67,18.0,0.0,3,1.67,2.8,18.9,96.49,0.0,78.95,0.0,0.0,0.0,1,1,1,0,4,0,11,79,утверждение,25,отложенный,0,0.0,nut graf,новость,1,8.77,0,0,False,False,0,True,False,,рерайт,False
Kun.uz,kun,https://kun.uz/ru/news/2026/07/24/predpriyatiya-i-organizatsii-belarusi-predlagayut-rabotu-dlya-uzbekistansev,2026-07-24T19:30:00+05:00,site,Узбекистан,Руслан Рамазанов,87,712,4,21.25,22.0,0.25,4,1.0,-6.7,21.0,137.93,11.49,34.48,22.99,0.0,0.0,0,1,1,0,0,0,8,70,утверждение,27,фактологический,0,0.0,перевёрнутая пирамида,новость,1,11.49,0,0,False,False,0,False,False,,рерайт,False
Kun.uz,kun,https://kun.uz/ru/news/2026/07/25/utverjdyon-generalnyy-plan-buxary,2026-07-25T11:32:00+05:00,site,Узбекистан,Руслан Рамазанов,134,972,6,19.17,14.5,0.167,5,1.2,14.2,17.4,74.63,7.46,74.63,89.55,0.0,0.0,0,0,1,0,0,0,4,33,утверждение,7,отложенный,0,0.0,nut graf,новость,0,0.0,0,1,True,False,0,False,False,,работа с первоисточником,False
Kun.uz,kun,https://kun.uz/ru/news/2026/07/27/bolshe-vsego-dtp-v-uzbekistane-v-pervom-polugodii-proizoshlo-v-tashkente,2026-07-27T11:17:00+05:00,site,Узбекистан,Виктория Бамутова,99,653,5,14.2,12.0,0.2,1,2.0,22.5,14.7,60.61,0.0,0.0,151.52,0.0,0.0,0,0,0,1,0,0,11,70,утверждение,96,фактологический,0,0.0,перевёрнутая пирамида,новость,0,0.0,0,0,False,False,0,False,False,,рерайт,False
Kun.uz,kun,https://kun.uz/ru/news/2026/07/27/dualnoye-obucheniye-oxvatit-studentov-starshix-kursov-po-energetike,2026-07-27T17:30:00+05:00,site,Узбекистан,Виктория Бамутова,145,1127,8,17.62,17.0,0.125,1,5.0,9.2,17.6,110.34,0.0,13.79,27.59,0.0,6.9,2,1,1,0,0,0,8,64,утверждение,142,фактологический,0,0.0,перевёрнутая пирамида,новость,1,6.9,0,0,False,False,0,False,False,,рерайт,False
Kun.uz,kun,https://kun.uz/ru/news/2026/07/27/energosistemu-uzbekistana-podvergnut-stress-auditu,2026-07-27T17:59:00+05:00,site,Узбекистан,Виктория Бамутова,167,1353,9,17.78,18.0,0.111,1,4.0,2.3,18.7,161.68,11.98,83.83,35.93,0.0,0.0,1,0,1,0,0,0,4,50,утверждение,162,фактологический,0,0.0,перевёрнутая пирамида,новость,0,0.0,0,0,False,False,0,False,False,,рерайт,False
Kun.uz,kun,https://kun.uz/ru/news/2026/07/28/kriminalnyy-avtoritet-jora-tashkenskiy-zaderjan-v-yegipte,2026-07-28T09:40:00+05:00,site,Узбекистан,Руслан Рамазанов,143,1045,10,14.0,12.5,0.0,5,2.0,36.2,12.7,111.89,6.99,48.95,27.97,0.0,6.99,2,1,1,0,0,0,7,59,утверждение,18,отложенный,0,0.0,nut graf,новость,1,6.99,0,0,False,False,0,False,False,,рерайт,False
Kun.uz,kun,https://kun.uz/ru/news/2026/07/28/afganistan-mojyet-nachat-eksport-kartofelya-v-uzbekistan,2026-07-28T10:53:00+05:00,site,Узбекистан,Руслан Рамазанов,126,1048,7,17.57,17.0,0.0,6,1.17,-4.6,19.6,150.79,7.94,63.49,23.81,0.0,0.0,1,0,1,0,1,0,7,54,утверждение,14,отложенный,0,0.0,nut graf,новость,0,0.0,0,0,False,False,0,False,False,,рерайт,False
Kun.uz,kun,https://kun.uz/ru/news/2026/07/28/v-samarkande-konflikt-mejdu-sosedyami-zavershilsya-gruppovym-izbiyeniyem,2026-07-28T11:38:00+05:00,site,Узбекистан,Руслан Рамазанов,75,533,5,15.0,15.0,0.0,4,1.25,40.7,12.4,66.67,13.33,13.33,93.33,0.0,13.33,0,1,1,0,0,0,8,67,утверждение,12,отложенный,0,0.0,nut graf,новость,0,0.0,0,0,False,False,0,False,False,,рерайт,False
Kun.uz,kun,https://kun.uz/ru/news/2026/07/28/komitet-po-konkurensii-vystupil-s-preduprejdeniyem-po-povodu-initsiativnogo-byudjyeta,2026-07-28T14:59:00+05:00,site,Узбекистан,Руслан Рамазанов,161,1286,6,26.33,19.5,0.333,5,1.2,-8.1,22.8,99.38,31.06,80.75,0.0,0.0,0.0,4,0,1,0,0,0,10,83,утверждение,17,отложенный,0,0.0,нарратив,новость,0,0.0,0,0,False,False,0,False,False,,пресс-релиз без обработки,False
Kun.uz,kun,https://kun.uz/ru/news/2026/07/28/sbornaya-uzbekistana-sygrayet-tovarishcheskiy-match-s-yujnoy-koreyey,2026-07-28T16:09:00+05:00,site,Спорт,Руслан Рамазанов,75,553,5,14.8,15.0,0.0,4,1.25,17.9,15.5,120.0,0.0,13.33,26.67,0.0,13.33,0,0,1,0,0,0,8,60,утверждение,16,фактологический,0,0.0,перевёрнутая пирамида,новость,0,0.0,0,0,False,False,0,False,False,,рерайт,False
Kun.uz,kun,https://kun.uz/ru/news/2026/07/28/stansiya-metro-chinor-otkroyetsya-29-iyulya,2026-07-28T17:58:00+05:00,site,Узбекистан,Руслан Рамазанов,126,930,7,17.14,20.0,0.143,2,2.5,16.8,16.4,95.24,23.81,31.75,63.49,0.0,7.94,0,0,1,0,0,0,6,39,утверждение,91,фактологический,0,0.0,перевёрнутая пирамида,новость,0,0.0,0,0,False,False,0,False,False,,рерайт,False
Kun.uz,kun,https://kun.uz/ru/news/2026/07/29/v-nukuse-moderniziruyut-tsentralnuyu-kotelnuyu,2026-07-29T09:28:00+05:00,site,Узбекистан,Руслан Рамазанов,369,3078,25,13.92,14.0,0.0,17,1.47,-7.6,18.8,146.34,13.55,40.65,59.62,2.71,2.71,0,1,1,0,2,0,5,44,утверждение,16,отложенный,0,0.0,nut graf,расширенная новость,1,2.71,0,1,True,False,0,False,False,,собственный сбор,False
Kun.uz,kun,https://kun.uz/ru/news/2026/07/29/voditel-avtomobilya-onix-v-kotoryy-vrezalis-mototsiklisty-dps-skonchalsya-v-bolnitse,2026-07-29T12:34:00+05:00,site,Узбекистан,Руслан Рамазанов,182,1383,13,13.69,14.0,0.0,7,1.86,21.2,14.7,43.96,0.0,54.95,21.98,0.0,10.99,0,1,0,3,0,0,11,84,утверждение,40,фактологический,0,0.0,перевёрнутая пирамида,новость,0,0.0,0,0,False,False,0,False,False,,рерайт,False
Kun.uz,kun,https://kun.uz/ru/news/2026/07/29/ty-vzdumal-shutit-so-mnoy-s-gosudarstvom-chinovnik-v-kashkadare-ugrojal-grajdaninu,2026-07-29T15:51:00+05:00,site,Узбекистан,Руслан Рамазанов,154,1140,12,12.5,11.0,0.083,6,2.0,24.7,13.8,90.91,12.99,25.97,12.99,0.0,12.99,2,3,1,1,0,0,13,88,утверждение,25,отложенный,0,0.0,нарратив,новость,0,0.0,0,0,False,False,0,False,False,,рерайт,False
Kun.uz,kun,https://kun.uz/ru/news/2026/07/29/v-sudax-tashkenta-nachalis-zakrytyye-protsessy-po-gromkim-ugolovnym-delam,2026-07-29T17:50:00+05:00,site,Узбекистан,Руслан Рамазанов,112,841,9,12.0,8.0,0.0,6,1.5,18.2,14.6,107.14,8.93,17.86,35.71,0.0,0.0,0,1,1,0,0,0,10,70,утверждение,13,фактологический,0,0.0,перевёрнутая пирамида,новость,1,8.93,0,0,False,False,0,False,False,,рерайт,False
Kun.uz,kun,https://kun.uz/ru/news/2026/07/30/v-uzbekistane-na-obshchestvennoye-obsujdeniye-vynesen-proyekt-o-novom-poryadke-otsenki-studentov,2026-07-30T12:22:00+05:00,site,Узбекистан,Виктория Бамутова,863,6765,49,17.22,15.0,0.143,1,35.0,4.1,18.2,123.99,9.27,56.78,27.81,2.32,4.63,0,0,2,0,0,0,12,88,утверждение,839,фактологический,0,0.0,перевёрнутая пирамида,расширенная новость,0,0.0,0,2,True,False,0,False,False,,работа с первоисточником,False
Kun.uz,kun,https://kun.uz/ru/news/2026/07/30/uzbekistan-i-kyrgyzstan-vyveli-otnosheniya-na-uroven-soyuznichestva,2026-07-30T16:02:00+05:00,site,Узбекистан,Руслан Рамазанов,128,1039,1,114.0,114.0,1.0,12,1.0,-126.9,67.3,7.81,15.62,62.5,46.88,0.0,23.44,0,0,1,0,0,0,8,64,утверждение,13,отложенный,0,0.0,нарратив,новость,0,0.0,0,1,True,False,0,False,False,,работа с первоисточником,False
Kun.uz,kun,https://kun.uz/ru/news/2026/07/30/prezident-prinyal-uchastiye-v-otkrytii-pervogo-v-kyrgyzstane-golf-kluba-mejdunarodnogo-klassa,2026-07-30T22:16:00+05:00,site,Узбекистан,Руслан Рамазанов,48,423,3,16.0,11.0,0.333,2,1.5,-0.5,18.5,104.17,0.0,0.0,0.0,0.0,0.0,0,0,1,0,10,0,11,91,утверждение,21,отложенный,0,0.0,нарратив,новость,0,0.0,0,1,True,False,0,False,False,,работа с первоисточником,False
Kun.uz,kun,https://kun.uz/ru/news/2026/07/31/uzbekistan-i-kyrgyzstan-podpisali-soglasheniye-o-pensionnom-obespechenii,2026-07-31T09:40:00+05:00,site,Узбекистан,Руслан Рамазанов,149,1203,4,36.0,23.0,0.25,4,1.0,-24.9,28.3,140.94,0.0,60.4,6.71,0.0,6.71,0,0,0,0,0,0,8,69,утверждение,18,фактологический,0,0.0,перевёрнутая пирамида,новость,0,0.0,0,0,False,False,0,False,False,,рерайт,False
Kun.uz,kun,https://kun.uz/ru/news/2026/07/31/v-uzbekistane-predlagayut-perexod-k-progressivnoy-shkale-naloga-na-doxody-fizicheskix-lits,2026-07-31T09:51:00+05:00,site,Узбекистан,Руслан Рамазанов,504,3673,25,18.12,18.0,0.12,24,1.42,14.8,17.0,97.22,1.98,31.75,79.37,35.71,21.83,1,3,0,0,1,0,12,86,утверждение,24,фактологический,0,0.0,разбор по пунктам,интервью,2,3.97,0,0,False,False,0,False,False,,комментарий эксперта,False
Kun.uz,kun,https://kun.uz/ru/news/2026/07/31/saida-mirziyoyeva-tashkentsy-spravedlivo-vozmushcheny-unichtojyeniyem-dvorov-radi-zastroyki,2026-07-31T11:46:00+05:00,site,Узбекистан,Руслан Рамазанов,109,905,7,15.29,14.0,0.143,3,2.0,4.4,17.6,64.22,0.0,45.87,0.0,0.0,0.0,2,3,1,0,5,0,9,83,утверждение,26,фактологический,0,0.0,перевёрнутая пирамида,новость,1,9.17,0,0,False,False,0,False,False,,рерайт,False
Kun.uz,kun,https://kun.uz/ru/news/2026/07/31/ekspert-nazval-zdorovyy-son-i-pravilnoye-pitaniye-glavnoy-investitsiyey-v-dolgoletiye,2026-07-31T17:18:00+05:00,site,Узбекистан,Виктория Бамутова,664,5088,40,16.32,14.5,0.1,1,17.0,15.5,16.3,97.89,3.01,31.63,3.01,0.0,0.0,7,11,0,0,0,0,11,81,утверждение,641,фактологический,0,0.0,перевёрнутая пирамида,расширенная новость,4,6.02,0,0,False,False,0,False,False,,комментарий эксперта,False
Kun.uz,kun,https://kun.uz/ru/news/2026/07/31/prezident-shavkat-mirziyoyev-prinyal-uchastiye-v-tseremonii-otkrytiya-otelya-baku,2026-07-31T17:43:00+05:00,site,Узбекистан,Виктория Бамутова,50,400,2,23.0,23.0,0.5,1,1.0,-11.2,22.2,80.0,20.0,40.0,60.0,0.0,0.0,1,1,1,0,6,0,10,74,утверждение,49,фактологический,0,0.0,перевёрнутая пирамида,новость,0,0.0,0,1,True,False,0,False,False,,работа с первоисточником,False
Kun.uz,kun,https://kun.uz/ru/news/2026/08/01/kitayskiye-istrebiteli-v-uzbekistane-smena-postavshchika-ili-sluxi,2026-08-01T13:16:00+05:00,site,Узбекистан,Руслан Рамазанов,281,2166,16,17.12,15.5,0.062,13,1.46,14.1,16.8,135.23,3.56,39.15,39.15,0.0,7.12,0,0,1,1,2,0,8,64,вопрос,34,фактологический,0,0.0,перевёрнутая пирамида,новость,0,0.0,0,0,False,False,0,False,False,,рерайт,False
Kun.uz,kun,https://kun.uz/ru/news/2026/08/01/sotrudnik-tsentra-inson-tragicheski-pogib-v-uchkuprikskom-rayone,2026-08-01T17:16:00+05:00,site,Узбекистан,Руслан Рамазанов,106,836,9,11.78,11.0,0.0,5,1.8,24.8,13.6,66.04,0.0,28.3,18.87,0.0,9.43,1,2,0,2,0,0,8,63,утверждение,25,фактологический,0,0.0,перевёрнутая пирамида,новость,1,9.43,0,0,False,False,0,False,False,,рерайт,False
Kun.uz,kun,https://kun.uz/ru/news/2026/08/03/vrach-ayurvedy-prizvala-razvivat-veganskoye-menyu-v-uzbekistane,2026-08-03T10:09:00+05:00,site,Узбекистан,Виктория Бамутова,610,4223,28,20.82,16.5,0.179,1,15.0,25.2,16.4,68.85,3.28,18.03,6.56,1.64,0.0,6,7,0,0,0,0,8,60,утверждение,589,фактологический,0,0.0,перевёрнутая пирамида,расширенная новость,1,1.64,0,0,False,False,0,False,False,,рерайт,False
Kun.uz,kun,https://kun.uz/ru/news/2026/08/03/v-tashkent-pribyl-reys-s-18-grajdanami-uzbekistana-deportirovannymi-iz-ssha,2026-08-03T10:39:00+05:00,site,Узбекистан,Виктория Бамутова,60,561,3,19.67,24.0,0.0,1,2.0,-37.7,24.9,133.33,33.33,100.0,0.0,0.0,0.0,1,1,1,0,0,0,11,74,утверждение,59,фактологический,0,0.0,перевёрнутая пирамида,новость,0,0.0,0,0,False,False,0,False,False,,рерайт,False
Kun.uz,kun,https://kun.uz/ru/news/2026/08/03/v-lixtenshteyne-soobshchili-o-masshtabnoy-kiberatake-na-gosreyestr,2026-08-03T12:05:00+05:00,site,Мир,Виктория Бамутова,45,307,2,22.0,22.0,0.0,1,1.0,29.4,16.2,88.89,0.0,0.0,0.0,0.0,0.0,1,0,0,0,0,0,8,60,утверждение,44,отложенный,0,0.0,нарратив,новость,0,0.0,0,0,False,False,0,False,False,,рерайт,False
Kun.uz,kun,https://kun.uz/ru/news/2026/08/03/v-fergane-sotrudnik-dps-pogib-posle-nayezda-avtomobilya,2026-08-03T13:51:00+05:00,site,Узбекистан,Руслан Рамазанов,179,1333,12,14.83,12.0,0.167,4,2.75,23.1,14.8,55.87,5.59,39.11,27.93,0.0,11.17,1,4,1,2,0,0,8,53,утверждение,35,фактологический,0,0.0,перевёрнутая пирамида,новость,1,5.59,0,0,False,False,1,False,False,,рерайт,True
Kun.uz,kun,https://kun.uz/ru/news/2026/08/03/uzbekistan-podtverdil-plany-po-vstupleniyu-v-vto-v-2026-godu,2026-08-03T15:27:00+05:00,site,Узбекистан,Руслан Рамазанов,240,1897,12,19.42,18.5,0.167,1,6.0,-1.8,19.8,91.67,0.0,70.83,16.67,0.0,4.17,0,4,1,0,0,0,10,59,утверждение,234,фактологический,0,0.0,перевёрнутая пирамида,новость,2,8.33,0,0,False,False,0,False,False,,комментарий эксперта,False
Kun.uz,kun,https://kun.uz/ru/news/2026/08/03/prezident-poruchil-obespechit-stabilnyye-postavki-nefteproduktov,2026-08-03T17:20:00+05:00,site,Мир,Виктория Бамутова,365,2985,18,19.17,19.5,0.222,10,1.8,-6.0,20.3,82.19,19.18,41.1,52.05,2.74,2.74,0,1,1,0,0,0,6,63,утверждение,26,отложенный,0,0.0,nut graf,расширенная новость,1,2.74,0,1,True,False,0,True,False,,собственный сбор,False
Kun.uz,kun,https://kun.uz/ru/news/2026/08/04/sud-otmenil-shtraf-devushke-kotoraya-krikom-zashchishchalas-ot-domogatelstv,2026-08-04T10:10:00+05:00,site,Узбекистан,Руслан Рамазанов,333,2492,18,17.89,17.0,0.111,13,1.46,18.6,16.4,66.07,12.01,39.04,63.06,0.0,12.01,2,3,4,0,0,0,9,69,утверждение,18,фактологический,0,0.0,перевёрнутая пирамида,новость,2,6.01,0,0,False,False,0,False,False,,комментарий эксперта,False
Kun.uz,kun,https://kun.uz/ru/news/2026/08/04/boleye-235-tysyach-initsiativ-postupilo-na-vtoroy-sezon-open-budget,2026-08-04T12:00:00+05:00,site,Узбекистан,Виктория Бамутова,67,495,5,12.2,12.0,0.0,3,1.67,17.6,14.7,164.18,14.93,44.78,74.63,0.0,44.78,0,1,1,0,0,0,10,66,утверждение,28,фактологический,0,0.0,перевёрнутая пирамида,новость,1,14.93,0,1,True,False,0,False,False,,собственный сбор,False
Kun.uz,kun,https://kun.uz/ru/news/2026/08/04/v-tashkente-rassleduyut-nezakonnyy-snos-doma-i-samovolnoye-stroitelstvo,2026-08-04T14:05:00+05:00,site,Узбекистан,Виктория Бамутова,132,989,6,21.67,22.0,0.167,3,2.0,17.3,17.8,98.48,15.15,45.45,45.45,0.0,7.58,2,2,0,1,0,0,9,70,утверждение,46,фактологический,0,0.0,перевёрнутая пирамида,новость,2,15.15,0,0,False,False,0,False,False,,комментарий эксперта,False
Kun.uz,kun,https://kun.uz/ru/news/2026/08/04/deputaty-odobrili-proyekt-konstitutsionnogo-zakona-opredelyayushchego-mexanizmy-raboty-administratsii-prezidenta,2026-08-04T16:38:00+05:00,site,Узбекистан,Виктория Бамутова,110,1033,5,21.6,23.0,0.2,4,1.25,-39.9,25.8,181.82,9.09,54.55,9.09,0.0,0.0,1,1,1,0,0,0,10,105,утверждение,23,отложенный,0,0.0,nut graf,новость,1,9.09,0,0,False,False,0,False,False,,рерайт,False
Kun.uz,kun,https://kun.uz/ru/news/2026/08/04/xokim-shaxrisabza-bez-priglasheniya-voshel-v-jiloy-dom-i-prikazal-oshtrafovat-yego-xozyaina,2026-08-04T17:45:00+05:00,site,Узбекистан,Руслан Рамазанов,374,2517,29,12.69,12.0,0.069,11,2.82,40.4,11.7,104.28,0.0,29.41,0.0,0.0,0.0,7,4,1,0,0,0,13,85,утверждение,47,отложенный,0,0.0,nut graf,расширенная новость,2,5.35,0,0,False,False,0,False,False,,комментарий эксперта,False
Kun.uz,kun,https://kun.uz/ru/news/2026/08/05/nachalas-ofitsialnaya-peredacha-kishlakov-chungara-i-tashtepa-kyrgyzstanu,2026-08-05T09:58:00+05:00,site,Узбекистан,Руслан Рамазанов,157,1381,12,12.75,11.0,0.0,8,1.5,-6.9,18.3,146.5,6.37,57.32,19.11,0.0,12.74,0,1,1,0,0,0,8,68,утверждение,28,фактологический,0,0.0,перевёрнутая пирамида,новость,1,6.37,0,0,False,False,0,False,False,,рерайт,False
Kun.uz,kun,https://kun.uz/ru/news/2026/08/05/agenstvo-po-kadastru-perevedut-na-obnovlyonnuyu-model-raboty,2026-08-05T13:22:00+05:00,site,Узбекистан,Виктория Бамутова,412,3270,22,17.91,16.5,0.136,11,2.0,3.6,18.5,104.37,12.14,84.95,38.83,7.28,2.43,5,2,1,0,0,0,8,60,утверждение,30,фактологический,0,0.0,перевёрнутая пирамида,расширенная новость,1,2.43,0,1,True,False,0,False,False,,собственный сбор,False
Kun.uz,kun,https://kun.uz/ru/news/2026/08/06/uzbekistansy-lidiruyut-po-chislu-poyezdok-v-rossiyu-sredi-inostransev,2026-08-06T09:24:00+05:00,site,Узбекистан,Руслан Рамазанов,158,993,10,12.8,13.0,0.0,6,1.67,50.7,10.3,139.24,12.66,0.0,158.23,0.0,6.33,0,0,1,0,0,0,9,65,утверждение,29,фактологический,0,0.0,перевёрнутая пирамида,новость,0,0.0,0,0,False,False,0,False,False,,рерайт,False
Kun.uz,kun,https://kun.uz/ru/news/2026/08/06/na-almalykskom-gorno-metallurgicheskom-kombinate-proizoshyol-razryv-truby,2026-08-06T09:24:00+05:00,site,Узбекистан,Руслан Рамазанов,58,520,6,9.17,9.5,0.0,4,1.5,-16.0,18.5,137.93,17.24,51.72,51.72,0.0,17.24,2,1,1,0,0,0,7,70,утверждение,11,отложенный,0,0.0,nut graf,новость,0,0.0,0,0,False,False,0,False,False,,рерайт,False
Kun.uz,kun,https://kun.uz/ru/news/2026/08/06/osnovnoy-obyom-importa-govyadiny-v-uzbekistan-v-pervom-polugodii-prishyolsya-na-indiyu,2026-08-06T10:25:00+05:00,site,Узбекистан,Виктория Бамутова,95,662,6,14.17,15.0,0.0,3,2.0,32.2,13.3,94.74,0.0,0.0,94.74,10.53,10.53,0,0,0,1,0,0,12,81,утверждение,33,фактологический,0,0.0,перевёрнутая пирамида,новость,0,0.0,0,0,False,False,0,False,False,,рерайт,False
Kun.uz,kun,https://kun.uz/ru/news/2026/08/06/v-natsionalnom-parke-utonula-5-letnyaya-devochka,2026-08-06T12:32:00+05:00,site,Узбекистан,Руслан Рамазанов,69,543,6,11.33,11.0,0.0,4,1.5,19.8,14.2,101.45,14.49,14.49,57.97,0.0,28.99,0,2,0,2,0,0,6,45,утверждение,18,фактологический,0,0.0,перевёрнутая пирамида,репортаж,1,14.49,0,0,False,False,0,False,False,,собственный сбор,False
Kun.uz,kun,https://kun.uz/ru/news/2026/08/06/fransiya-obyavila-naivysshiy-uroven-pojarnoy-opasnosti-v-chetyryox-departamentax,2026-08-06T15:50:00+05:00,site,Мир,Виктория Бамутова,80,547,5,15.4,14.0,0.2,3,1.67,37.0,13.1,62.5,0.0,50.0,50.0,0.0,25.0,1,1,1,0,0,0,9,77,утверждение,27,фактологический,0,0.0,перевёрнутая пирамида,новость,0,0.0,0,0,False,False,0,False,False,,рерайт,False
Kun.uz,kun,https://kun.uz/ru/news/2026/08/06/xokimiyat-tashkenta-proveril-obrashcheniya-dolshchikov-jk-original-lyuks-servis,2026-08-06T16:57:00+05:00,site,Узбекистан,Альбина Гимранова,394,3302,18,21.06,17.0,0.333,7,2.43,-11.0,21.6,101.52,5.08,65.99,25.38,2.54,15.23,2,5,1,0,0,0,9,73,утверждение,61,фактологический,0,0.0,перевёрнутая пирамида,расширенная новость,4,10.15,0,0,False,False,0,False,False,,комментарий эксперта,False
Daryo.uz,daryo,https://daryo.uz/ru/2026/07/08/grob-hamenei-dostavili-v-irakskiy-gorod-nadzhaf,2026-07-08T09:54:00+05:00,site,,Online Service Group,155,1151,10,15.3,15.5,0.0,7,1.43,16.1,15.9,83.87,19.35,12.9,6.45,0.0,6.45,0,0,1,0,1,0,11,68,утверждение,28,фактологический,0,0.0,перевёрнутая пирамида,новость,0,0.0,0,0,False,False,0,False,True,0.0,рерайт,False
Daryo.uz,daryo,https://daryo.uz/ru/2026/07/08/9-iyulya-uzbekistan-prognoz-pogoda,2026-07-08T11:37:00+05:00,site,,Online Service Group,200,1435,24,7.08,7.0,0.0,8,3.0,46.7,9.1,15.0,0.0,35.0,225.0,0.0,10.0,0,1,1,0,1,0,9,50,листикл,10,фактологический,0,0.0,перевёрнутая пирамида,новость,0,0.0,0,1,True,False,0,False,True,0.0,работа с первоисточником,False
Daryo.uz,daryo,https://daryo.uz/ru/2026/07/08/kibermoshenniki-poxishchavshie-dengi-u-inostrantsev,2026-07-08T15:06:23+05:00,site,,Online Service Group,231,1767,15,14.4,15.0,0.0,10,1.6,16.2,15.6,56.28,4.33,38.96,69.26,4.33,0.0,0,2,1,0,5,0,9,76,утверждение,20,фактологический,0,0.0,перевёрнутая пирамида,новость,1,4.33,0,0,False,False,0,False,True,0.0,рерайт,False
Daryo.uz,daryo,https://daryo.uz/ru/2026/07/08/pakistan-samolet-ischez-radar-video,2026-07-08T16:38:00+05:00,site,,Online Service Group,200,1503,16,12.12,11.5,0.0,7,2.29,26.6,13.5,105.0,0.0,30.0,40.0,0.0,5.0,0,3,1,0,1,1,10,61,утверждение,20,фактологический,0,0.0,перевёрнутая пирамида,новость,2,10.0,0,0,False,False,0,False,True,0.0,комментарий эксперта,False
Daryo.uz,daryo,https://daryo.uz/ru/2026/07/08/shavkat-mirziyoev-minsk,2026-07-08T20:10:04+05:00,site,,Online Service Group,56,440,4,13.75,13.0,0.0,4,1.0,16.3,15.4,125.0,17.86,0.0,17.86,0.0,17.86,0,0,1,0,5,0,7,47,how-to,8,отложенный,0,0.0,нарратив,новость,0,0.0,0,1,True,False,0,False,True,0.0,работа с первоисточником,False
Daryo.uz,daryo,https://daryo.uz/ru/2026/07/09/uzbekistanskie-boksery-obnovlenniy-reyting-wba,2026-07-09T09:43:00+05:00,site,,Online Service Group,309,2090,25,11.64,11.0,0.0,8,3.12,40.3,11.4,58.25,3.24,16.18,55.02,0.0,0.0,0,0,1,0,8,0,9,71,вопрос,36,отложенный,0,0.0,nut graf,новость,0,0.0,0,0,False,False,0,False,True,0.0,рерайт,False
Daryo.uz,daryo,https://daryo.uz/ru/2026/07/09/prezident-fifa-rassledovanie-mok-politika,2026-07-09T12:08:00+05:00,site,,Online Service Group,271,2047,14,18.86,18.5,0.143,7,2.0,14.8,17.3,84.87,7.38,47.97,29.52,0.0,3.69,2,5,1,0,1,0,11,96,утверждение,39,фактологический,0,0.0,перевёрнутая пирамида,новость,2,7.38,0,0,False,False,0,False,True,0.0,комментарий эксперта,False
Daryo.uz,daryo,https://daryo.uz/ru/2026/07/09/iphone-18-pro-novaya-kamera-akkumulyator,2026-07-09T14:13:00+05:00,site,,Online Service Group,169,1164,13,12.15,11.0,0.0,6,2.17,46.9,10.6,124.26,0.0,11.83,65.09,5.92,0.0,0,3,1,0,2,0,14,89,утверждение,26,фактологический,0,0.0,перевёрнутая пирамида,новость,0,0.0,0,0,False,False,0,False,True,0.0,рерайт,False
Daryo.uz,daryo,https://daryo.uz/ru/2026/07/09/mirziyoev-lukashenko-peregovory-v-uzkom-sostave,2026-07-09T16:38:00+05:00,site,,Online Service Group,231,1935,15,15.0,15.0,0.067,12,1.25,-2.6,18.5,82.25,17.32,38.96,25.97,4.33,0.0,0,2,1,0,4,0,10,72,утверждение,16,отложенный,0,0.0,nut graf,новость,0,0.0,0,1,True,False,0,False,True,0.0,работа с первоисточником,False
Daryo.uz,daryo,https://daryo.uz/ru/2026/07/09/portugaliya-braga-perexod-futbolistov-iz-uzbekistana,2026-07-09T22:18:21+05:00,site,,Online Service Group,132,977,10,12.6,10.0,0.0,5,1.8,31.1,13.0,60.61,7.58,0.0,45.45,7.58,7.58,0,0,1,1,3,0,10,84,утверждение,5,отложенный,0,0.0,nut graf,новость,0,0.0,0,0,False,False,0,False,True,0.0,рерайт,False
Daryo.uz,daryo,https://daryo.uz/ru/2026/07/10/tashkent-ulitsa-aviasozlar-perekrytie,2026-07-10T09:57:00+05:00,site,,Online Service Group,74,577,6,11.67,11.5,0.0,4,1.25,13.9,15.1,189.19,13.51,81.08,81.08,0.0,27.03,0,1,1,0,3,0,8,48,утверждение,5,отложенный,0,0.0,nut graf,новость,1,13.51,0,0,False,False,0,False,True,0.0,рерайт,False
Daryo.uz,daryo,https://daryo.uz/ru/2026/07/10/pogoda-vyxodnye-dni-prognoz-iyul,2026-07-10T11:03:00+05:00,site,,Online Service Group,113,801,10,10.2,10.0,0.0,6,1.67,35.7,11.6,53.1,0.0,8.85,150.44,0.0,17.7,0,1,1,0,1,0,8,53,утверждение,10,фактологический,0,0.0,перевёрнутая пирамида,новость,0,0.0,0,1,True,False,0,False,True,0.0,работа с первоисточником,False
Daryo.uz,daryo,https://daryo.uz/ru/2026/07/10/apteki-uzbekistan-zavyshali-tseny-potrebitel-pereraschet,2026-07-10T14:02:00+05:00,site,,Online Service Group,126,953,7,16.71,18.0,0.0,4,1.75,3.8,18.1,95.24,23.81,47.62,47.62,0.0,7.94,0,1,1,0,1,0,11,83,листикл,30,фактологический,0,0.0,перевёрнутая пирамида,новость,1,7.94,0,0,False,False,0,False,True,0.0,рерайт,False
Daryo.uz,daryo,https://daryo.uz/ru/2026/07/11/chislo-ekonomicheski-aktivnyx-zhenshchin-uzbekistan,2026-07-11T09:26:00+05:00,site,,Online Service Group,153,1233,8,18.38,15.5,0.25,5,1.6,7.1,18.2,84.97,0.0,6.54,45.75,6.54,13.07,0,0,1,0,1,0,13,82,утверждение,34,фактологический,0,0.0,перевёрнутая пирамида,новость,0,0.0,0,0,False,False,0,False,True,0.0,рерайт,False
Daryo.uz,daryo,https://daryo.uz/ru/2026/07/11/kvartiry-arenda-zemlya-nedvizhimost-uzbekistan,2026-07-11T12:01:00+05:00,site,,Online Service Group,225,1542,14,14.36,14.5,0.071,8,1.75,38.1,12.6,53.33,0.0,17.78,88.89,57.78,8.89,2,1,1,0,1,0,13,86,утверждение,33,фактологический,0,0.0,перевёрнутая пирамида,новость,0,0.0,0,1,True,False,0,False,True,0.0,работа с первоисточником,False
Daryo.uz,daryo,https://daryo.uz/ru/2026/07/11/fifa-zapret-angliyskie-arbitry-argentina-istoricheskiy-konflikt,2026-07-11T18:38:16+05:00,site,,Online Service Group,168,1293,11,14.82,13.0,0.091,6,1.83,18.3,15.5,95.24,17.86,17.86,23.81,0.0,17.86,0,2,1,0,1,0,11,95,утверждение,22,фактологический,0,0.0,перевёрнутая пирамида,новость,1,5.95,0,0,False,False,0,False,True,0.0,рерайт,False
Daryo.uz,daryo,https://daryo.uz/ru/2026/07/12/uzbekistan-voditel-nabral-shtrafnye-balli,2026-07-12T09:03:00+05:00,site,,Online Service Group,202,1487,10,17.9,18.5,0.1,6,1.67,14.0,17.1,54.46,4.95,59.41,108.91,0.0,44.55,0,1,0,1,1,0,9,58,утверждение,18,фактологический,0,0.0,перевёрнутая пирамида,новость,0,0.0,0,0,False,False,0,False,True,0.0,рерайт,False
Daryo.uz,daryo,https://daryo.uz/ru/2026/07/12/tashkent-gostinitsa-uzbekistan-pozhar,2026-07-12T17:30:04+05:00,site,,Online Service Group,75,599,6,12.17,12.5,0.0,4,1.0,12.4,15.5,66.67,0.0,66.67,53.33,0.0,13.33,0,2,1,0,1,0,7,51,утверждение,12,фактологический,0,0.0,перевёрнутая пирамида,новость,0,0.0,0,0,False,False,0,False,True,0.0,рерайт,False
Daryo.uz,daryo,https://daryo.uz/ru/2026/07/13/tashkentskiy-metropoliten-tri-novyx-elektropoezda,2026-07-13T09:23:00+05:00,site,,Online Service Group,107,906,8,13.0,11.0,0.0,6,1.33,-2.5,17.8,158.88,0.0,46.73,28.04,0.0,18.69,0,1,1,1,2,0,7,60,утверждение,8,отложенный,0,0.0,nut graf,новость,0,0.0,0,0,False,False,0,False,True,0.0,рерайт,False
Daryo.uz,daryo,https://daryo.uz/ru/2026/07/13/mirziyoev-tashkent-bekabad-noviy-elektropoezd,2026-07-13T11:23:00+05:00,site,,Online Service Group,120,930,8,14.5,14.0,0.0,5,1.6,16.5,15.6,83.33,0.0,25.0,33.33,0.0,0.0,0,0,1,0,6,0,11,74,утверждение,41,фактологический,0,0.0,перевёрнутая пирамида,новость,0,0.0,0,1,True,False,0,False,True,0.0,работа с первоисточником,False
Daryo.uz,daryo,https://daryo.uz/ru/2026/07/13/uzbekistan-anomalnaya-zhara-do-46-gradusov,2026-07-13T13:36:54+05:00,site,,Online Service Group,148,1032,13,10.08,10.0,0.0,5,2.6,39.6,11.0,67.57,0.0,0.0,175.68,0.0,20.27,0,1,0,0,1,0,9,67,утверждение,41,фактологический,0,0.0,перевёрнутая пирамида,новость,0,0.0,0,0,False,False,0,False,True,0.0,рерайт,False
Daryo.uz,daryo,https://daryo.uz/ru/2026/07/13/wb-taxi-zapusk-buxara,2026-07-13T19:10:34+05:00,site,,Online Service Group,112,805,9,12.22,13.0,0.0,6,1.5,41.2,11.4,62.5,0.0,53.57,0.0,0.0,0.0,1,1,0,1,1,0,6,32,утверждение,27,отложенный,0,0.0,nut graf,новость,1,8.93,0,0,False,False,0,False,True,0.0,рерайт,False
Daryo.uz,daryo,https://daryo.uz/ru/2026/07/14/abu-dabi-ostrov-zdorovya-stoimostyu-11-mlrd,2026-07-14T10:12:00+05:00,site,,Online Service Group,272,1984,18,14.44,15.0,0.056,9,2.22,30.2,13.7,88.24,3.68,22.06,33.09,3.68,7.35,1,1,1,0,1,0,8,55,утверждение,38,фактологический,0,0.0,перевёрнутая пирамида,новость,1,3.68,0,0,False,False,0,False,True,0.0,рерайт,False
Daryo.uz,daryo,https://daryo.uz/ru/2026/07/14/shavkat-mirziyoev-podaril-elektromobil-95-letnemu-metallurgu,2026-07-14T12:20:26+05:00,site,,Online Service Group,131,994,7,18.0,17.0,0.143,5,1.2,12.7,17.3,137.4,7.63,7.63,30.53,0.0,15.27,1,2,1,1,2,0,7,75,утверждение,11,фактологический,0,0.0,перевёрнутая пирамида,новость,1,7.63,0,0,False,False,0,False,True,0.0,рерайт,False
Daryo.uz,daryo,https://daryo.uz/ru/2026/07/14/toskana-sotrudnichestvo-regioni-uzbekistan,2026-07-14T15:58:00+05:00,site,,Online Service Group,191,1641,12,15.67,15.0,0.0,7,1.71,-7.6,19.4,89.01,0.0,36.65,10.47,5.24,5.24,0,0,1,0,3,0,6,55,утверждение,19,отложенный,0,0.0,nut graf,новость,0,0.0,0,1,True,False,0,False,True,0.0,работа с первоисточником,False
Daryo.uz,daryo,https://daryo.uz/ru/2026/07/14/period-zarabotka-raschet-pensii-uzbekistan,2026-07-14T17:28:00+05:00,site,,Online Service Group,298,2216,16,17.69,18.5,0.062,13,1.23,15.4,16.8,137.58,13.42,30.2,50.34,20.13,3.36,0,2,1,0,4,0,13,87,утверждение,9,отложенный,0,0.0,nut graf,новость,2,6.71,0,1,True,False,0,False,True,0.0,собственный сбор,False
Daryo.uz,daryo,https://daryo.uz/ru/2026/07/15/uzbekistan-nezakonnyy-vybros-musora-shtraf,2026-07-15T10:28:29+05:00,site,,Online Service Group,116,883,7,15.29,13.0,0.143,4,1.75,4.4,17.6,86.21,25.86,51.72,60.34,8.62,8.62,0,2,1,0,1,0,15,94,утверждение,22,фактологический,0,0.0,перевёрнутая пирамида,новость,2,17.24,0,1,True,False,0,False,True,0.0,собственный сбор,False
Daryo.uz,daryo,https://daryo.uz/ru/2026/07/15/reyting-stran-chislo-zaklyuchennyx-uzbekistan,2026-07-15T13:58:00+05:00,site,,Online Service Group,213,1500,13,13.38,10.0,0.077,7,1.86,25.4,14.0,122.07,0.0,23.47,164.32,0.0,4.69,1,0,1,0,1,0,10,77,вопрос,16,фактологический,0,0.0,разбор по пунктам,новость,0,0.0,0,0,False,False,0,False,True,0.0,рерайт,False
Daryo.uz,daryo,https://daryo.uz/ru/2026/07/15/uzbekistan-prestupnost-molodej-podrostki,2026-07-15T17:12:54+05:00,site,,Online Service Group,192,1341,13,12.54,11.0,0.0,6,2.17,28.7,13.3,36.46,0.0,62.5,114.58,20.83,26.04,0,3,0,1,2,0,6,51,утверждение,34,фактологический,0,0.0,перевёрнутая пирамида,новость,2,10.42,0,0,False,False,0,False,True,0.0,комментарий эксперта,False
Daryo.uz,daryo,https://daryo.uz/ru/2026/07/16/uzbekistan-usilenie-zhary-anomalnaya-zhara,2026-07-16T10:35:03+05:00,site,,Online Service Group,101,670,7,14.0,13.0,0.0,6,1.33,38.4,12.4,69.31,0.0,19.8,99.01,0.0,9.9,0,0,0,2,0,0,9,66,утверждение,16,фактологический,0,0.0,перевёрнутая пирамида,новость,0,0.0,0,0,False,False,0,False,True,0.0,рерайт,False
Daryo.uz,daryo,https://daryo.uz/ru/2026/07/16/frantsiya-uzakonila-pravo-na-evtanaziyu,2026-07-16T13:06:00+05:00,site,,Online Service Group,205,1657,14,14.29,15.0,0.0,7,2.0,8.0,16.8,117.07,9.76,43.9,19.51,0.0,9.76,2,0,1,0,1,0,7,52,утверждение,23,фактологический,0,0.0,перевёрнутая пирамида,новость,0,0.0,0,0,False,False,0,False,True,0.0,рерайт,False
Daryo.uz,daryo,https://daryo.uz/ru/2026/07/16/xusanov-rukovodstvo-federatsii-futbola-belarus,2026-07-16T16:02:00+05:00,site,,Online Service Group,241,1729,20,11.75,12.0,0.0,7,3.14,36.8,11.9,45.64,0.0,12.45,12.45,0.0,12.45,2,1,1,0,5,0,9,77,утверждение,21,фактологический,0,0.0,перевёрнутая пирамида,новость,1,4.15,0,0,False,False,0,False,True,0.0,рерайт,False
Daryo.uz,daryo,https://daryo.uz/ru/2026/07/16/tysyacha-maxalley-uzbekistan-proizvodstvo-selxozproduktsii,2026-07-16T19:21:00+05:00,site,,Online Service Group,174,1371,10,16.8,17.5,0.1,7,1.43,11.5,17.1,109.2,5.75,40.23,28.74,17.24,5.75,0,0,1,0,2,0,10,82,утверждение,14,отложенный,0,0.0,nut graf,новость,0,0.0,0,0,False,False,0,False,True,0.0,рерайт,False
Daryo.uz,daryo,https://daryo.uz/ru/2026/07/17/vsemirnaya-organizatsiya-po-ii-uzbekistan-odin-iz-uchrediteley,2026-07-17T09:43:00+05:00,site,,Online Service Group,191,1568,9,20.56,23.0,0.333,6,1.5,-7.7,20.9,104.71,5.24,41.88,20.94,0.0,10.47,1,2,2,0,2,0,10,87,утверждение,23,сценический,0,0.0,nut graf,новость,2,10.47,0,0,False,False,0,False,True,0.0,комментарий эксперта,False
Daryo.uz,daryo,https://daryo.uz/ru/2026/07/17/kogda-v-uzbekistane-spadet-anomalnaya-zhara,2026-07-17T11:44:21+05:00,site,,Online Service Group,116,792,11,9.64,9.0,0.0,5,2.2,41.8,10.5,94.83,0.0,17.24,172.41,0.0,17.24,0,0,0,0,1,0,8,58,утверждение,25,фактологический,0,0.0,перевёрнутая пирамида,новость,0,0.0,0,0,False,False,0,False,True,0.0,рерайт,False
Daryo.uz,daryo,https://daryo.uz/ru/2026/07/17/frantsiya-ispaniya-polufinal-chm-2026-petitsiya-povtorniy-match,2026-07-17T15:15:16+05:00,site,,Online Service Group,128,916,9,13.78,13.0,0.0,6,1.33,30.9,13.4,117.19,7.81,15.62,31.25,0.0,7.81,1,1,1,0,1,0,11,86,утверждение,3,отложенный,0,0.0,nut graf,новость,0,0.0,0,0,False,False,0,False,True,0.0,рерайт,False
Daryo.uz,daryo,https://daryo.uz/ru/2026/07/17/luchshie-igroki-chm-2026-reyting-the-athletic,2026-07-17T19:13:59+05:00,site,,Online Service Group,148,1025,18,7.39,5.0,0.0,16,1.19,47.7,9.0,87.84,0.0,0.0,128.38,0.0,13.51,0,0,1,0,1,0,10,63,утверждение,3,отложенный,0,0.0,nut graf,новость,0,0.0,0,0,False,False,0,False,True,0.0,рерайт,False
Daryo.uz,daryo,https://daryo.uz/ru/2026/07/18/vokrug-tashkenta-zelyonyy-poyas,2026-07-18T10:23:00+05:00,site,,Online Service Group,216,1620,10,20.8,18.5,0.3,6,1.67,7.9,18.8,78.7,9.26,46.3,41.67,4.63,9.26,0,1,1,0,1,0,12,78,утверждение,26,отложенный,0,0.0,nut graf,новость,1,4.63,0,1,True,False,0,False,True,0.0,собственный сбор,False
Daryo.uz,daryo,https://daryo.uz/ru/2026/07/18/uchenye-vyyasnili-mozhno-li-nauchit-lyudey-raspoznavat-dipfeyki,2026-07-18T13:20:00+05:00,site,,Online Service Group,323,2771,18,17.72,18.5,0.111,13,1.54,-8.0,20.1,95.98,0.0,65.02,9.29,9.29,0.0,0,1,1,0,2,0,13,99,утверждение,47,фактологический,0,0.0,перевёрнутая пирамида,новость,0,0.0,0,0,False,False,0,False,True,0.0,рерайт,False
Daryo.uz,daryo,https://daryo.uz/ru/2026/07/18/uzbekistan-kvoty-priema-v-vuzy-na-20262027-uchebnyy-god,2026-07-18T20:23:02+05:00,site,,Online Service Group,403,2861,18,18.61,17.5,0.056,12,1.5,13.1,17.4,101.74,0.0,49.63,76.92,2.48,0.0,1,0,0,1,1,0,11,68,утверждение,8,отложенный,0,0.0,разбор по пунктам,интервью,0,0.0,0,0,False,False,0,False,True,0.0,рерайт,False
Daryo.uz,daryo,https://daryo.uz/ru/2026/07/19/apstar-uzbekistan-sputnikovye-texnologii,2026-07-19T09:08:00+05:00,site,,Online Service Group,160,1358,6,26.17,26.5,0.5,6,1.0,-8.6,22.9,43.75,12.5,31.25,18.75,6.25,0.0,0,1,1,1,3,0,8,79,утверждение,30,отложенный,0,0.0,nut graf,новость,1,6.25,0,0,False,False,0,False,True,0.0,рерайт,False
Daryo.uz,daryo,https://daryo.uz/ru/2026/07/19/zhara-lyudi-s-diabetom-i-endokrinnymi-zabolevaniyami-sovety-minzdrava,2026-07-19T16:19:35+05:00,site,,Online Service Group,246,1930,14,17.43,18.5,0.214,7,2.0,3.6,18.4,65.04,8.13,36.59,0.0,0.0,0.0,0,2,1,0,1,0,9,63,how-to,29,отложенный,0,0.0,nut graf,новость,2,8.13,0,1,True,False,0,False,True,0.0,собственный сбор,False
Daryo.uz,daryo,https://daryo.uz/ru/2026/07/20/luchshie-futbolisty-chempionata-mira-2026,2026-07-20T08:55:49+05:00,site,,Online Service Group,343,2349,17,18.88,19.0,0.235,11,1.82,30.6,15.0,69.97,0.0,8.75,69.97,0.0,20.41,0,0,0,0,1,0,7,54,утверждение,58,фактологический,0,0.0,перевёрнутая пирамида,новость,0,0.0,0,0,False,False,0,False,True,0.0,рерайт,False
Daryo.uz,daryo,https://daryo.uz/ru/2026/07/20/dzhizak-xishchenie-mlrd-sumov-keshbek,2026-07-20T11:06:00+05:00,site,,Online Service Group,240,1728,12,19.25,17.0,0.25,9,1.44,27.0,15.7,70.83,12.5,29.17,50.0,0.0,4.17,0,0,2,0,1,0,9,56,утверждение,18,фактологический,0,0.0,перевёрнутая пирамида,новость,0,0.0,0,0,False,False,0,False,True,0.0,рерайт,False
Daryo.uz,daryo,https://daryo.uz/ru/2026/07/20/uzbekistan-kvoty-na-prezidentskie-i-imennye-stipendii,2026-07-20T12:55:45+05:00,site,,Online Service Group,178,1270,8,17.25,13.0,0.125,5,1.2,-9.8,20.2,84.27,0.0,11.24,89.89,0.0,0.0,0,0,1,0,1,0,9,66,утверждение,2,отложенный,0,0.0,разбор по пунктам,новость,0,0.0,0,0,False,False,0,False,True,0.0,рерайт,False
Daryo.uz,daryo,https://daryo.uz/ru/2026/07/20/uzbekistan-zashchita-grazhdan-turputevka-turizm,2026-07-20T17:28:00+05:00,site,,Online Service Group,294,2464,15,19.33,19.0,0.267,12,1.42,-2.5,19.8,125.85,3.4,44.22,10.2,0.0,3.4,1,0,1,0,1,0,11,84,утверждение,23,отложенный,0,0.0,нарратив,новость,0,0.0,0,1,True,False,0,False,True,0.0,работа с первоисточником,False
Daryo.uz,daryo,https://daryo.uz/ru/2026/07/21/pogoda-na-segodnya-spad-zhary,2026-07-21T08:01:04+05:00,site,,Online Service Group,102,732,10,9.8,10.0,0.0,3,2.33,52.4,9.1,19.61,0.0,9.8,215.69,0.0,0.0,0,1,1,0,1,0,7,52,утверждение,1,отложенный,0,0.0,nut graf,новость,1,9.8,0,1,True,False,0,False,True,0.0,собственный сбор,False
Daryo.uz,daryo,https://daryo.uz/ru/2026/07/21/eldor-shomurodov-golosovanie-za-luchshiy-gol-chm-2026,2026-07-21T10:50:24+05:00,site,,Online Service Group,113,801,6,16.5,11.5,0.167,4,1.5,19.0,15.9,141.59,0.0,8.85,26.55,0.0,17.7,0,0,0,0,1,0,11,64,утверждение,22,фактологический,0,0.0,разбор по пунктам,новость,0,0.0,0,0,False,False,0,False,True,0.0,рерайт,False
Daryo.uz,daryo,https://daryo.uz/ru/2026/07/21/tashkentskaya-oblast-novye-tseny-na-proezd-avtobusy,2026-07-21T13:02:15+05:00,site,,Online Service Group,108,751,5,19.0,19.0,0.2,5,1.0,20.2,16.5,92.59,9.26,46.3,37.04,9.26,0.0,0,0,0,0,1,0,8,60,утверждение,17,отложенный,0,0.0,nut graf,новость,0,0.0,0,0,False,False,0,False,True,0.0,рерайт,False
Daryo.uz,daryo,https://daryo.uz/ru/2026/07/21/prezident-poruchil-sokratit-byurokratiyu-shtrafi-sbori,2026-07-21T16:02:00+05:00,site,,Online Service Group,156,1220,8,18.75,18.0,0.125,5,1.6,5.8,18.5,83.33,0.0,32.05,44.87,0.0,12.82,0,3,1,0,2,0,13,99,утверждение,38,фактологический,0,0.0,перевёрнутая пирамида,новость,3,19.23,0,0,False,False,0,False,True,0.0,комментарий эксперта,False
Daryo.uz,daryo,https://daryo.uz/ru/2026/07/21/uzbekistan-oformlenie-na-rabotu-bez-soglasiya,2026-07-21T18:18:47+05:00,site,,Online Service Group,169,1282,10,16.2,15.0,0.0,5,1.6,9.9,17.1,65.09,11.83,47.34,47.34,0.0,11.83,0,1,3,0,1,0,12,71,утверждение,10,фактологический,0,0.0,перевёрнутая пирамида,новость,1,5.92,0,0,False,False,0,False,True,0.0,рерайт,False
Daryo.uz,daryo,https://daryo.uz/ru/2026/07/22/programma-podderzhki-natsionalnyx-brendov,2026-07-22T09:07:32+05:00,site,,Online Service Group,130,1029,9,14.22,14.0,0.0,6,1.5,20.7,14.9,76.92,0.0,7.69,15.38,0.0,0.0,0,1,1,0,1,0,7,54,утверждение,15,отложенный,0,0.0,nut graf,новость,1,7.69,0,0,False,False,0,False,True,0.0,рерайт,False
Daryo.uz,daryo,https://daryo.uz/ru/2026/07/22/selxozperepis-sokrashchenie-pogolovya-skota-uzbekistan,2026-07-22T10:16:00+05:00,site,,Online Service Group,260,1742,13,18.31,17.0,0.077,7,2.0,32.8,14.6,92.31,3.85,7.69,69.23,7.69,0.0,0,2,2,0,1,0,7,64,утверждение,24,отложенный,0,0.0,nut graf,новость,2,7.69,0,0,False,False,0,False,True,0.0,комментарий эксперта,False
Daryo.uz,daryo,https://daryo.uz/ru/2026/07/22/ukrainskie-drony-atakovali-dva-sklada-wildberries,2026-07-22T12:23:00+05:00,site,,Online Service Group,218,1590,15,14.0,14.0,0.0,8,1.88,32.1,13.3,77.98,4.59,0.0,32.11,0.0,13.76,0,2,2,1,1,0,6,49,утверждение,25,фактологический,0,0.0,перевёрнутая пирамида,новость,1,4.59,0,0,False,False,0,False,True,0.0,рерайт,False
Daryo.uz,daryo,https://daryo.uz/ru/2026/07/22/iran-pobeda-ispanii-na-chm-ssha-izrail,2026-07-22T14:21:00+05:00,site,,Online Service Group,164,1226,6,27.17,27.0,0.5,6,1.0,-2.1,22.3,48.78,0.0,12.2,12.2,0.0,0.0,1,2,1,0,1,0,10,63,утверждение,25,отложенный,0,0.0,нарратив,новость,2,12.2,0,0,False,False,0,False,True,0.0,комментарий эксперта,False
Daryo.uz,daryo,https://daryo.uz/ru/2026/07/23/prognoz-pogoda-uzbekistan-tashkent-23-iyulya,2026-07-23T08:16:18+05:00,site,,Online Service Group,92,710,11,8.09,9.0,0.0,3,2.33,47.8,9.2,32.61,0.0,21.74,173.91,0.0,0.0,0,1,1,0,1,0,8,56,утверждение,1,отложенный,0,0.0,nut graf,новость,0,0.0,0,1,True,False,0,False,True,0.0,работа с первоисточником,False
Daryo.uz,daryo,https://daryo.uz/ru/2026/07/23/abdukodir-xusanov-samye-prosmatrivaemye-igroki-chm-2026,2026-07-23T10:08:02+05:00,site,,Online Service Group,143,1035,8,16.5,17.5,0.0,6,1.17,25.6,15.0,69.93,0.0,0.0,83.92,0.0,13.99,0,0,1,0,2,0,12,93,утверждение,2,отложенный,0,0.0,nut graf,новость,0,0.0,0,0,False,False,0,False,True,0.0,рерайт,False
Daryo.uz,daryo,https://daryo.uz/ru/2026/07/23/otmena-sistemy-keshbeka-za-pokupki-uzbekistan,2026-07-23T12:19:18+05:00,site,,Online Service Group,398,2890,21,18.05,19.0,0.048,15,1.53,25.3,15.5,103.02,7.54,25.13,50.25,15.08,7.54,3,6,1,2,1,0,7,48,утверждение,24,отложенный,0,0.0,nut graf,расширенная новость,1,2.51,0,0,False,False,0,False,True,0.0,рерайт,False
Daryo.uz,daryo,https://daryo.uz/ru/2026/07/23/zarplaty-sotrudnikov-detsadov-anomalnaya-zhara,2026-07-23T14:17:58+05:00,site,,Online Service Group,156,1251,10,15.6,15.5,0.0,7,1.43,13.2,16.4,96.15,12.82,38.46,6.41,0.0,6.41,0,2,1,0,1,0,9,78,утверждение,18,отложенный,0,0.0,нарратив,новость,1,6.41,0,0,False,False,0,False,True,0.0,рерайт,False
Daryo.uz,daryo,https://daryo.uz/ru/2026/07/23/zakonoproekt-arenda-zemli-do-49-let,2026-07-23T16:59:00+05:00,site,,Online Service Group,145,1190,7,20.0,20.0,0.286,5,1.4,-3.3,20.2,96.55,6.9,55.17,34.48,0.0,6.9,0,0,2,0,1,0,12,71,утверждение,22,фактологический,0,0.0,перевёрнутая пирамида,новость,0,0.0,0,2,True,False,0,False,True,0.0,работа с первоисточником,False
Daryo.uz,daryo,https://daryo.uz/ru/2026/07/23/uzbekistan-ilgiz-tantashev-top-10-arbitrov-chm-2026,2026-07-23T20:05:30+05:00,site,,Online Service Group,153,1069,19,7.05,4.0,0.0,15,1.27,41.6,9.8,65.36,0.0,6.54,98.04,0.0,13.07,0,0,1,0,1,0,11,68,утверждение,7,отложенный,0,0.0,nut graf,новость,0,0.0,0,0,False,False,0,False,True,0.0,рерайт,False
Daryo.uz,daryo,https://daryo.uz/ru/2026/07/24/uzbekistan-proizvodstvo-zelenoy-energii-gaz-ekologiya,2026-07-24T11:20:53+05:00,site,,Online Service Group,105,660,5,17.2,18.0,0.0,3,1.67,45.4,12.4,66.67,0.0,9.52,152.38,19.05,57.14,0,0,1,2,1,0,15,102,утверждение,2,отложенный,0,0.0,разбор по пунктам,новость,0,0.0,0,1,True,False,0,False,True,0.0,работа с первоисточником,False
Daryo.uz,daryo,https://daryo.uz/ru/2026/07/24/nachalnik-upravleniya-blagoustroystva-shtraf,2026-07-24T15:50:25+05:00,site,,Online Service Group,115,895,8,13.62,13.0,0.0,4,1.25,11.6,16.0,43.48,8.7,60.87,52.17,0.0,8.7,0,1,3,0,1,0,6,60,утверждение,26,отложенный,0,0.0,нарратив,новость,1,8.7,0,0,False,False,0,False,True,0.0,рерайт,False
Daryo.uz,daryo,https://daryo.uz/ru/2026/07/24/drony-snova-atakovali-sklady-wildberries,2026-07-24T21:25:54+05:00,site,,Online Service Group,428,3261,28,14.89,14.5,0.0,18,1.67,29.8,13.9,37.38,0.0,9.35,23.36,0.0,11.68,4,10,0,0,0,0,9,68,утверждение,45,фактологический,0,0.0,перевёрнутая пирамида,расширенная новость,4,9.35,0,0,False,False,0,False,True,0.0,комментарий эксперта,False
Daryo.uz,daryo,https://daryo.uz/ru/2026/07/25/metro-vospolzovalis-bolee-155-mln-passazhirov,2026-07-25T09:31:00+05:00,site,,Online Service Group,110,801,11,8.91,9.0,0.0,6,1.83,22.3,13.0,90.91,0.0,9.09,109.09,9.09,36.36,0,1,3,0,2,0,9,60,утверждение,28,фактологический,0,0.0,перевёрнутая пирамида,новость,1,9.09,0,1,True,False,0,False,True,0.0,собственный сбор,False
Daryo.uz,daryo,https://daryo.uz/ru/2026/07/25/uzbekistan-tsifrovaya-zashchita-biometricheskiy-pasport,2026-07-25T12:34:00+05:00,site,,Online Service Group,136,1185,7,18.86,19.0,0.143,6,1.17,-8.5,20.5,147.06,14.71,36.76,7.35,0.0,0.0,1,1,1,0,2,0,6,59,утверждение,22,отложенный,0,0.0,nut graf,новость,1,7.35,0,1,True,False,0,True,True,0.0,собственный сбор,False
Daryo.uz,daryo,https://daryo.uz/ru/2026/07/25/uzbekistan-srednyaya-zarplata-tashkent,2026-07-25T18:27:56+05:00,site,,Online Service Group,210,1480,12,14.83,14.0,0.0,5,2.4,23.1,14.8,95.24,0.0,23.81,133.33,42.86,4.76,0,2,1,0,3,0,10,64,утверждение,35,фактологический,0,0.0,перевёрнутая пирамида,новость,2,9.52,0,1,True,False,0,False,True,0.0,собственный сбор,False
Daryo.uz,daryo,https://daryo.uz/ru/2026/07/26/pervaya-skvazhina-kyzylzhar-ustyurt-burenie,2026-07-26T10:38:00+05:00,site,,Online Service Group,164,1398,9,17.67,17.0,0.111,7,1.29,-11.2,20.5,97.56,18.29,54.88,24.39,0.0,12.2,1,1,1,0,3,0,10,78,утверждение,23,фактологический,0,0.0,перевёрнутая пирамида,новость,0,0.0,0,0,False,False,0,False,True,0.0,рерайт,False
Daryo.uz,daryo,https://daryo.uz/ru/2026/07/26/uzbekistan-prekrashenie-vyplaty-detskix-posobiy,2026-07-26T16:15:11+05:00,site,,Online Service Group,247,1957,13,17.92,16.0,0.231,11,1.09,6.1,18.2,93.12,4.05,12.15,36.44,8.1,16.19,0,2,2,0,1,0,11,81,утверждение,18,фактологический,0,0.0,разбор по пунктам,новость,2,8.1,0,1,True,False,0,False,True,0.0,собственный сбор,False
Daryo.uz,daryo,https://daryo.uz/ru/2026/07/27/uzbekistan-dolgi-naseleniya-pered-bankami-kredity,2026-07-27T10:11:00+05:00,site,,Online Service Group,170,1142,12,12.5,12.5,0.0,6,2.0,56.0,9.5,52.94,0.0,11.76,105.88,0.0,11.76,0,0,1,0,1,0,12,79,утверждение,13,фактологический,0,0.0,перевёрнутая пирамида,новость,0,0.0,0,1,True,False,0,False,True,0.0,работа с первоисточником,False
Daryo.uz,daryo,https://daryo.uz/ru/2026/07/27/uzbekistan-pogoda-vyshe-klimaticheskoy-normy,2026-07-27T12:15:32+05:00,site,,Online Service Group,89,614,8,10.38,9.5,0.0,5,1.6,39.1,11.2,78.65,0.0,11.24,157.3,0.0,0.0,0,1,0,0,1,0,11,80,утверждение,10,фактологический,0,0.0,перевёрнутая пирамида,новость,0,0.0,0,0,False,False,0,False,True,0.0,рерайт,False
Daryo.uz,daryo,https://daryo.uz/ru/2026/07/27/rossiya-migranty-doxod-dlya-soderzhaniya-sebya-i-semi,2026-07-27T15:41:52+05:00,site,,Online Service Group,200,1437,9,21.78,24.0,0.444,6,1.33,18.5,17.7,110.0,0.0,40.0,15.0,0.0,0.0,0,0,1,1,1,0,11,66,утверждение,4,отложенный,0,0.0,нарратив,новость,0,0.0,0,0,False,False,0,False,True,0.0,рерайт,False
Daryo.uz,daryo,https://daryo.uz/ru/2026/07/27/uzbekistan-saudovskaya-araviya-preduprezhdenie-pylevyx-bur,2026-07-27T18:13:00+05:00,site,,Online Service Group,144,1187,7,19.86,21.0,0.143,6,1.17,-11.8,21.3,83.33,0.0,55.56,27.78,0.0,13.89,0,0,2,0,3,0,11,93,утверждение,27,отложенный,0,0.0,nut graf,новость,0,0.0,0,2,True,False,0,False,True,0.0,работа с первоисточником,False
Daryo.uz,daryo,https://daryo.uz/ru/2026/07/28/eldor-shomurodov-vtoroy-samyy-krasivyy-gol-na-chm-2026,2026-07-28T08:50:44+05:00,site,,Online Service Group,62,415,4,15.0,16.0,0.0,2,1.5,41.1,12.3,129.03,0.0,0.0,64.52,0.0,16.13,0,0,1,0,1,0,13,84,утверждение,5,отложенный,0,0.0,нарратив,новость,0,0.0,0,0,False,False,0,False,True,0.0,рерайт,False
Daryo.uz,daryo,https://daryo.uz/ru/2026/07/28/uzgidromet-pogoda-prognoz-29-iyulya,2026-07-28T11:12:00+05:00,site,,Online Service Group,166,1241,23,6.57,5.0,0.0,8,2.88,48.6,8.6,24.1,0.0,6.02,271.08,0.0,6.02,0,0,1,0,1,0,8,44,утверждение,13,фактологический,0,0.0,перевёрнутая пирамида,новость,0,0.0,0,1,True,False,0,False,True,0.0,работа с первоисточником,False
Daryo.uz,daryo,https://daryo.uz/ru/2026/07/28/sbornaya-uzbekistana-kubok-azii,2026-07-28T14:17:33+05:00,site,,Online Service Group,144,899,12,11.5,12.0,0.0,4,3.25,53.8,9.5,34.72,0.0,0.0,13.89,0.0,13.89,3,2,1,0,1,0,9,42,утверждение,14,фактологический,0,0.0,перевёрнутая пирамида,новость,1,6.94,0,0,False,False,0,False,True,0.0,рерайт,False
Daryo.uz,daryo,https://daryo.uz/ru/2026/07/28/tashkent-stantsiya-metro-chinor-rekonstruktsiya,2026-07-28T17:14:42+05:00,site,,Online Service Group,85,640,6,13.0,12.5,0.0,4,1.5,14.3,15.5,47.06,11.76,23.53,94.12,0.0,11.76,0,0,1,0,1,0,8,62,утверждение,5,отложенный,0,0.0,nut graf,новость,0,0.0,0,0,False,False,0,False,True,0.0,рерайт,False
Daryo.uz,daryo,https://daryo.uz/ru/2026/07/29/mnogokvartirnye-doma-nukus-tsentralnoe-otoplenie,2026-07-29T08:51:00+05:00,site,,Online Service Group,311,2595,22,13.18,12.5,0.0,12,1.92,-6.1,18.4,125.4,12.86,19.29,67.52,3.22,3.22,0,0,1,0,3,0,9,68,утверждение,19,отложенный,0,0.0,nut graf,новость,0,0.0,0,1,True,False,0,False,True,0.0,работа с первоисточником,False
Daryo.uz,daryo,https://daryo.uz/ru/2026/07/29/zemletryasenie-yaponiya-zhertvi-foto,2026-07-29T10:41:00+05:00,site,,Online Service Group,197,1475,15,12.53,12.0,0.0,8,1.88,21.8,14.3,86.29,0.0,35.53,40.61,0.0,10.15,1,3,1,0,8,0,10,69,утверждение,32,фактологический,0,0.0,перевёрнутая пирамида,новость,2,10.15,0,0,False,False,0,False,True,0.0,комментарий эксперта,False
Daryo.uz,daryo,https://daryo.uz/ru/2026/07/29/tashkent-skonchalsya-voditel-onix-stolknovenie-s-mototsiklami-dps,2026-07-29T13:21:57+05:00,site,,Online Service Group,102,727,10,9.8,8.5,0.0,5,1.4,38.9,11.0,39.22,0.0,9.8,39.22,0.0,19.61,0,2,0,2,1,0,9,68,утверждение,25,отложенный,0,0.0,nut graf,новость,0,0.0,0,0,False,False,0,False,True,0.0,рерайт,False
Daryo.uz,daryo,https://daryo.uz/ru/2026/07/30/pogoda-na-segodnya-uzbekistan-tashkent-30-iyulya,2026-07-30T08:01:07+05:00,site,,Online Service Group,69,495,9,7.22,5.0,0.0,3,2.0,51.4,8.4,14.49,0.0,28.99,231.88,0.0,0.0,0,1,1,0,1,0,9,67,утверждение,1,отложенный,0,0.0,nut graf,новость,0,0.0,0,0,False,False,0,False,True,0.0,рерайт,False
Daryo.uz,daryo,https://daryo.uz/ru/2026/07/30/zastroyshchik-kanalizatsionnye-vody-kanal-salar-kompensatsiya,2026-07-30T10:30:00+05:00,site,,Online Service Group,186,1379,10,16.7,17.5,0.1,7,1.29,8.8,17.4,43.01,0.0,37.63,86.02,0.0,0.0,0,2,1,2,2,0,15,98,утверждение,12,отложенный,0,0.0,nut graf,новость,1,5.38,0,1,True,False,0,False,True,0.0,собственный сбор,False
Daryo.uz,daryo,https://daryo.uz/ru/2026/07/30/na-chetyrex-vezdax-v-tashkent-postroyat-simvolicheskie-vorota,2026-07-30T12:53:00+05:00,site,,Online Service Group,101,759,7,13.86,15.0,0.0,4,1.75,22.2,14.6,247.52,0.0,9.9,49.5,0.0,19.8,1,0,1,1,1,0,8,58,утверждение,33,фактологический,0,0.0,перевёрнутая пирамида,новость,0,0.0,0,1,True,False,0,False,True,0.0,работа с первоисточником,False
Daryo.uz,daryo,https://daryo.uz/ru/2026/07/30/shavkat-mirziyoev-ziroat-mirziyoeva-kyrgyzstan-vizit-foto,2026-07-30T13:50:12+05:00,site,,Online Service Group,64,500,4,16.0,14.5,0.0,4,1.0,23.6,15.1,171.88,0.0,31.25,0.0,0.0,0.0,0,0,0,0,4,0,9,60,утверждение,14,отложенный,0,0.0,нарратив,новость,0,0.0,0,0,False,False,0,False,True,0.0,рерайт,False
Daryo.uz,daryo,https://daryo.uz/ru/2026/07/31/shavkat-mirziyoev-pervyy-mezhdunarodnyy-golf-klub-kyrgyzstan-video,2026-07-31T12:04:21+05:00,site,,Online Service Group,78,652,5,15.6,11.0,0.0,4,1.25,7.0,17.3,153.85,0.0,0.0,0.0,0.0,0.0,0,0,1,0,5,0,14,116,утверждение,14,отложенный,0,0.0,нарратив,новость,0,0.0,0,1,True,False,0,False,True,0.0,работа с первоисточником,False
Daryo.uz,daryo,https://daryo.uz/ru/2026/08/01/uzbekistan-chastnyy-sektor-snabzhenie-szhizhennij-gaz,2026-08-01T09:02:00+05:00,site,,Online Service Group,134,1089,10,13.0,13.0,0.0,5,2.0,10.6,16.0,111.94,0.0,52.24,29.85,0.0,0.0,0,0,1,0,1,0,9,66,утверждение,24,отложенный,0,0.0,nut graf,новость,0,0.0,0,1,True,False,0,False,True,0.0,работа с первоисточником,False
Daryo.uz,daryo,https://daryo.uz/ru/2026/08/01/inostrannye-it-giganty-byudzhet-uzbekistan-132-mlrd-sumov,2026-08-01T12:07:00+05:00,site,,Online Service Group,148,926,4,28.0,26.0,0.5,4,1.25,24.5,18.8,33.78,0.0,13.51,114.86,6.76,6.76,0,1,1,0,1,0,11,80,утверждение,27,фактологический,0,0.0,разбор по пунктам,новость,1,6.76,0,0,False,False,0,False,True,0.0,рерайт,False
Daryo.uz,daryo,https://daryo.uz/ru/2026/08/01/prospekt-mustakillik-tashkent-asfalt-ogranichenie-dvizheniya-avto,2026-08-01T18:46:07+05:00,site,,Online Service Group,73,513,3,21.67,14.0,0.333,3,1.0,5.8,19.4,150.68,13.7,82.19,68.49,0.0,27.4,0,0,1,0,3,0,8,57,утверждение,14,отложенный,0,0.0,nut graf,новость,0,0.0,0,0,False,False,0,False,True,0.0,рерайт,False
Daryo.uz,daryo,https://daryo.uz/ru/2026/08/02/sobstvennik-golubyx-kupolov-istoricheskiy-oblik-kompleksa,2026-08-02T09:37:00+05:00,site,,Online Service Group,162,1346,8,20.0,20.0,0.25,5,1.6,-3.6,20.2,129.63,12.35,12.35,6.17,0.0,6.17,1,2,1,1,1,0,10,83,утверждение,15,фактологический,0,0.0,перевёрнутая пирамида,новость,2,12.35,0,0,False,False,0,False,True,0.0,комментарий эксперта,False
Daryo.uz,daryo,https://daryo.uz/ru/2026/08/02/uzbekistan-zastrojshik-sud-zhiteli-mahallya-hokimiyat-proekt,2026-08-02T15:03:00+05:00,site,,Online Service Group,2778,20883,165,16.27,15.0,0.103,97,1.75,20.0,15.7,80.27,4.68,24.84,24.48,0.36,13.32,20,22,0,0,7,0,13,100,утверждение,71,отложенный,0,0.0,нарратив,расширенная новость,14,5.04,0,0,False,False,0,False,True,0.0,комментарий эксперта,False
Daryo.uz,daryo,https://daryo.uz/ru/2026/08/03/tashkent-obrushenie-kotlovana-vozle-jilogo-doma,2026-08-03T09:00:04+05:00,site,,Online Service Group,106,894,7,15.14,15.0,0.143,4,1.5,-2.8,18.5,150.94,0.0,47.17,0.0,0.0,0.0,0,1,2,0,1,0,14,108,утверждение,12,отложенный,0,0.0,нарратив,новость,0,0.0,0,0,False,False,0,False,True,0.0,рерайт,False
Daryo.uz,daryo,https://daryo.uz/ru/2026/08/03/uzbekistan-polgoda-proizvodstvo-benzin,2026-08-03T11:57:00+05:00,site,,Online Service Group,152,989,7,18.14,16.0,0.143,5,1.4,39.9,13.5,59.21,0.0,0.0,92.11,0.0,26.32,0,2,1,2,1,0,10,64,утверждение,18,фактологический,0,0.0,разбор по пунктам,новость,2,13.16,0,0,False,False,0,False,True,0.0,комментарий эксперта,False
Daryo.uz,daryo,https://daryo.uz/ru/2026/08/03/uzbekistan-utonuli-111-chelovek-nexvatka-basseynov,2026-08-03T14:41:18+05:00,site,,Online Service Group,330,2433,15,20.47,18.0,0.267,14,1.29,18.1,17.3,72.73,15.15,15.15,57.58,3.03,21.21,0,6,2,1,1,0,13,83,вопрос,33,фактологический,0,0.0,перевёрнутая пирамида,новость,6,18.18,0,1,True,False,0,False,True,0.0,собственный сбор,False
Daryo.uz,daryo,https://daryo.uz/ru/2026/08/03/uzbekistan-tsentr-obrabotki-seysmicheskix-dannyx,2026-08-03T17:51:00+05:00,site,,Online Service Group,170,1477,9,18.0,18.0,0.222,6,1.67,-15.4,21.2,82.35,5.88,52.94,41.18,0.0,0.0,0,0,1,0,2,0,7,59,утверждение,29,фактологический,0,0.0,перевёрнутая пирамида,новость,0,0.0,0,1,True,False,0,True,True,0.0,работа с первоисточником,False
Daryo.uz,daryo,https://daryo.uz/ru/2026/08/04/prognoz-pogoda-na-segodnya-uzbekistan-tashkent-4-avgust,2026-08-04T08:11:26+05:00,site,,Online Service Group,103,749,11,8.73,10.0,0.0,3,2.33,42.1,10.2,38.83,0.0,29.13,184.47,0.0,0.0,0,1,1,0,1,0,7,51,утверждение,1,отложенный,0,0.0,nut graf,новость,0,0.0,0,0,False,False,0,False,True,0.0,рерайт,False
Daryo.uz,daryo,https://daryo.uz/ru/2026/08/04/skonchalsya-boets-ufc-allan-nasimento,2026-08-04T11:52:00+05:00,site,,Online Service Group,191,1219,14,13.21,11.5,0.0,5,3.0,53.2,10.1,62.83,10.47,10.47,36.65,0.0,5.24,1,1,1,0,1,0,5,34,утверждение,31,фактологический,0,0.0,перевёрнутая пирамида,новость,1,5.24,0,0,False,False,0,False,True,0.0,рерайт,False
Daryo.uz,daryo,https://daryo.uz/ru/2026/08/04/skidki-na-elektroenergiyu-dlya-rayonov-bez-gaza,2026-08-04T14:32:28+05:00,site,,Online Service Group,82,656,5,16.2,18.0,0.0,3,1.67,1.8,18.2,73.17,0.0,24.39,12.2,0.0,0.0,0,2,1,0,1,0,10,67,утверждение,19,отложенный,0,0.0,nut graf,новость,2,24.39,0,0,False,False,0,False,True,0.0,комментарий эксперта,False
Daryo.uz,daryo,https://daryo.uz/ru/2026/08/04/uzbekistantsy-zhertvy-torgovli-lyudmi-telefony-doveriya,2026-08-04T17:45:29+05:00,site,,Online Service Group,121,1038,7,16.43,17.0,0.143,5,1.4,-11.5,20.2,148.76,8.26,16.53,41.32,0.0,24.79,0,0,1,0,1,0,9,78,утверждение,21,отложенный,0,0.0,nut graf,новость,0,0.0,0,1,True,False,0,False,True,0.0,работа с первоисточником,False
Daryo.uz,daryo,https://daryo.uz/ru/2026/08/05/tamozhnya-vyvoz-dragotsennosti-valyuta-deti,2026-08-05T08:50:05+05:00,site,,Online Service Group,120,891,8,14.38,16.0,0.0,5,1.6,21.4,14.9,58.33,8.33,33.33,50.0,0.0,0.0,0,2,1,0,4,0,12,100,утверждение,21,отложенный,0,0.0,nut graf,новость,2,16.67,0,0,False,False,0,False,True,0.0,комментарий эксперта,False
Daryo.uz,daryo,https://daryo.uz/ru/2026/08/05/tashkent-sud-shest-vinovnyx-obrushenie-stena-puteprovod,2026-08-05T11:32:00+05:00,site,,Online Service Group,851,6227,54,14.96,14.5,0.111,32,1.75,26.5,14.4,97.53,4.7,32.9,50.53,0.0,4.7,4,4,0,1,4,0,10,75,утверждение,36,отложенный,0,0.0,nut graf,расширенная новость,4,4.7,0,0,False,False,0,False,True,0.0,комментарий эксперта,False
Daryo.uz,daryo,https://daryo.uz/ru/2026/08/05/abiturienty-invalidnost-vstupitelnye-ekzameny,2026-08-05T13:41:45+05:00,site,,Online Service Group,159,1273,6,23.83,20.5,0.333,6,1.0,-15.4,23.1,88.05,0.0,56.6,75.47,6.29,25.16,0,0,1,0,1,0,9,76,утверждение,25,фактологический,0,0.0,перевёрнутая пирамида,новость,0,0.0,0,1,True,False,0,False,True,0.0,работа с первоисточником,False
Daryo.uz,daryo,https://daryo.uz/ru/2026/08/05/dmed-lozhnye-dannye-dubli-akkauntov-ocheredi-onlajn-zapis,2026-08-05T17:37:00+05:00,site,,Online Service Group,765,6036,54,14.0,12.0,0.056,37,1.46,13.9,15.8,134.64,6.54,47.06,11.76,0.0,2.61,1,9,0,0,1,0,13,94,how-to,40,отложенный,0,0.0,нарратив,расширенная новость,6,7.84,0,0,False,False,0,False,True,0.0,комментарий эксперта,False
Daryo.uz,daryo,https://daryo.uz/ru/2026/08/05/plen-ukraina-grazhdane-51-strany-armiya-rossii,2026-08-05T20:03:53+05:00,site,,Online Service Group,325,2376,17,17.94,17.0,0.118,13,1.38,15.4,16.9,86.15,6.15,36.92,52.31,0.0,6.15,1,5,1,2,1,0,11,73,утверждение,19,фактологический,0,0.0,перевёрнутая пирамида,новость,2,6.15,0,0,False,False,0,False,True,0.0,комментарий эксперта,False
Daryo.uz,daryo,https://daryo.uz/ru/2026/08/06/xokim-chinaz-pozornaya-maxallya-neblagoustroennaya-territoriya,2026-08-06T10:36:45+05:00,site,,Online Service Group,255,2030,15,17.0,17.0,0.0,7,1.86,8.4,17.6,94.12,15.69,23.53,0.0,0.0,0.0,4,2,1,0,1,0,5,35,утверждение,33,отложенный,0,0.0,nut graf,новость,2,7.84,0,0,False,False,4,False,True,0.0,комментарий эксперта,True
Daryo.uz,daryo,https://daryo.uz/ru/2026/08/06/ii-model-meta-vzlom-storonnyaya-kompaniya-kiberbezopasnost,2026-08-06T13:14:00+05:00,site,,Online Service Group,263,1968,16,16.31,16.0,0.062,6,2.67,28.1,14.6,64.64,3.8,26.62,3.8,0.0,0.0,1,5,1,0,1,0,10,91,утверждение,38,фактологический,0,0.0,перевёрнутая пирамида,новость,2,7.6,0,0,False,False,0,False,True,0.0,комментарий эксперта,False
Daryo.uz,daryo,https://daryo.uz/ru/2026/08/06/uzbekistan-import-myasa-indiya,2026-08-06T20:52:39+05:00,site,,Online Service Group,149,1057,8,17.75,15.0,0.125,5,1.2,28.4,15.0,114.09,6.71,33.56,53.69,0.0,6.71,0,0,0,2,0,0,9,69,утверждение,1,отложенный,0,0.0,nut graf,новость,0,0.0,0,0,False,False,0,False,True,0.0,рерайт,False
Daryo.uz,daryo,https://daryo.uz/ru/2026/08/07/rossiya-pomoshch-migrantam-iz-uzbekistana,2026-08-07T10:00:02+05:00,site,,Online Service Group,132,996,8,15.0,13.5,0.0,5,1.6,14.5,16.1,113.64,0.0,7.58,90.91,0.0,0.0,0,0,1,0,1,0,12,95,утверждение,12,отложенный,0,0.0,nut graf,новость,0,0.0,0,0,False,False,0,False,True,0.0,рерайт,False
Daryo.uz,daryo,https://daryo.uz/ru/2026/08/07/prognoz-pogoda-na-vyxodnyx-uzbekistan-tashkent,2026-08-07T14:00:16+05:00,site,,Online Service Group,133,943,11,11.0,9.0,0.0,6,1.83,33.6,12.1,60.15,0.0,15.04,127.82,0.0,7.52,0,0,0,0,1,0,9,63,утверждение,16,отложенный,0,0.0,nut graf,новость,0,0.0,0,0,False,False,0,False,True,0.0,рерайт,False
Spot.uz,spot,https://www.spot.uz/ru/2026/07/08/budget,2026-07-08T01:04:46+05:00,site,,Бюджет Минэкономфин «Spot,303,2038,18,14.72,12.5,0.111,11,1.64,40.5,12.3,75.91,0.0,16.5,92.41,13.2,9.9,0,2,1,2,0,0,10,71,утверждение,19,фактологический,0,0.0,перевёрнутая пирамида,новость,2,6.6,0,1,True,False,0,False,True,0.1,собственный сбор,False
Spot.uz,spot,https://www.spot.uz/ru/2026/07/08/renovation,2026-07-08T13:10:36+05:00,site,,Tashkent Invest Реновация «Spot,251,1815,15,16.0,15.0,0.133,6,2.5,28.3,14.5,107.57,3.98,39.84,39.84,3.98,0.0,1,2,1,1,0,0,9,70,утверждение,32,отложенный,0,0.0,nut graf,новость,0,0.0,0,0,False,False,0,False,True,-0.08,рерайт,False
Spot.uz,spot,https://www.spot.uz/ru/2026/07/08/bukhara-university,2026-07-08T16:20:48+05:00,site,,Аукцион Бухара Бухарский Госуниверситет Приватизация «Spot,291,2105,28,9.46,9.0,0.0,14,2.0,30.1,12.1,89.35,3.44,6.87,75.6,0.0,13.75,0,0,4,1,0,0,8,69,утверждение,19,отложенный,0,0.0,nut graf,новость,0,0.0,0,0,False,False,0,False,True,1.08,рерайт,False
Spot.uz,spot,https://www.spot.uz/ru/2026/07/08/amir-temur-square,2026-07-08T18:04:59+05:00,site,,Сквер Амира Темура Ташкент Хокимият Ташкента Цодд «Spot,225,1777,11,20.0,18.0,0.273,9,1.33,4.6,19.0,66.67,4.44,40.0,8.89,0.0,0.0,0,2,1,2,0,0,12,87,утверждение,22,фактологический,0,0.0,перевёрнутая пирамида,новость,1,4.44,0,0,False,False,0,False,True,79.07,рерайт,False
Spot.uz,spot,https://www.spot.uz/ru/2026/07/09/diesel,2026-07-09T00:15:16+05:00,site,,Александр Новак Дизель Дизельное Топливо Россия «Spot,218,1698,13,16.23,16.0,0.154,8,1.62,12.8,16.7,146.79,13.76,36.7,27.52,0.0,27.52,1,3,2,3,0,0,6,53,утверждение,25,фактологический,0,0.0,перевёрнутая пирамида,новость,1,4.59,0,0,False,False,0,False,True,0.0,рерайт,False
Spot.uz,spot,https://www.spot.uz/ru/2026/07/09/uzum-bank-uzcard,2026-07-09T09:00:11+05:00,site,,Uzcard Uzum Bank Реклама,164,1221,11,14.55,14.0,0.0,6,1.83,32.0,13.5,73.17,6.1,42.68,12.2,0.0,0.0,0,0,2,0,0,0,10,58,утверждение,30,отложенный,0,0.0,nut graf,новость,0,0.0,0,0,False,False,0,False,True,-17.88,рерайт,False
Spot.uz,spot,https://www.spot.uz/ru/2026/07/09/sm-tech,2026-07-09T15:00:16+05:00,site,,Sm Tech Trustonic Реклама,536,4517,29,18.24,19.0,0.172,18,1.72,6.7,18.2,87.69,5.6,37.31,5.6,0.0,0.0,2,1,8,0,0,0,11,76,утверждение,35,отложенный,6,11.19,разбор по пунктам,расширенная новость,1,1.87,0,0,False,False,0,False,True,-3.57,рерайт,False
Spot.uz,spot,https://www.spot.uz/ru/2026/07/09/anor-bank,2026-07-09T15:10:49+05:00,site,,,65,521,5,12.6,14.0,0.0,4,1.25,16.8,15.0,46.15,0.0,0.0,15.38,0.0,15.38,0,0,1,0,0,0,4,23,утверждение,15,фактологический,0,0.0,перевёрнутая пирамида,новость,0,0.0,0,0,False,False,0,False,False,,рерайт,False
Spot.uz,spot,https://www.spot.uz/ru/2026/07/09/belarus-livestock,2026-07-09T15:58:16+05:00,site,,Александр Лукашенко Беларусь Животноводство Мясо Продовольствие Птицеводство «Spot,253,1950,16,15.44,14.0,0.0,9,1.78,16.0,16.0,90.91,0.0,27.67,11.86,0.0,3.95,3,6,2,2,0,0,8,63,утверждение,25,фактологический,0,0.0,перевёрнутая пирамида,новость,4,15.81,0,0,False,False,0,False,True,0.05,комментарий эксперта,False
Spot.uz,spot,https://www.spot.uz/ru/2026/07/09/belarus-agreements,2026-07-09T18:30:06+05:00,site,,Беларусь Соглашение Трудовая Миграция «Spot,333,2712,8,38.75,18.5,0.125,6,1.33,-30.2,29.9,69.07,9.01,33.03,45.05,0.0,24.02,0,1,2,2,0,0,8,66,утверждение,20,отложенный,0,0.0,разбор по пунктам,новость,1,3.0,0,1,True,False,0,False,True,0.18,собственный сбор,False
Spot.uz,spot,https://www.spot.uz/ru/2026/07/10/belarus-projects,2026-07-10T00:44:14+05:00,site,,Беларусь Жамшид Ходжаев «Spot,197,1603,10,18.9,17.0,0.1,6,1.67,4.8,18.7,91.37,5.08,25.38,40.61,0.0,10.15,1,2,0,1,0,0,11,76,утверждение,21,фактологический,0,0.0,перевёрнутая пирамида,новость,2,10.15,0,0,False,False,0,False,True,18.02,комментарий эксперта,False
Spot.uz,spot,https://www.spot.uz/ru/2026/07/10/sardor-umurzakov,2026-07-10T13:05:26+05:00,site,,Абдулла Абдукадиров Агентство Стратегического Развития Сардор Умурзаков «Spot,258,2034,16,15.5,15.0,0.0,10,1.6,9.8,16.9,73.64,3.88,38.76,38.76,0.0,31.01,1,1,1,8,0,0,8,70,утверждение,13,фактологический,1,3.88,перевёрнутая пирамида,новость,1,3.88,0,0,False,False,0,False,True,5.67,рерайт,False
Spot.uz,spot,https://www.spot.uz/ru/2026/07/10/kattaxonova,2026-07-10T14:19:58+05:00,site,,Дилноза Каттахонова Назначение «Spot,160,1254,10,15.4,14.5,0.1,6,1.67,11.2,16.7,68.75,6.25,43.75,43.75,0.0,25.0,1,1,1,1,0,0,12,76,утверждение,16,фактологический,0,0.0,перевёрнутая пирамида,новость,1,6.25,0,0,False,False,0,False,True,0.03,рерайт,False
Spot.uz,spot,https://www.spot.uz/ru/2026/07/10/mice-tourism-cashback,2026-07-10T18:01:09+05:00,site,,Деловой Туризм Кэшбек Ндс Постановление «Spot,294,2306,18,15.61,15.5,0.111,11,1.64,9.0,17.0,122.45,37.41,44.22,23.81,10.2,3.4,0,0,1,1,0,0,13,88,утверждение,20,фактологический,0,0.0,разбор по пунктам,новость,0,0.0,0,1,True,False,0,False,True,0.1,работа с первоисточником,False
Spot.uz,spot,https://www.spot.uz/ru/2026/07/10/belarus,2026-07-10T21:23:10+05:00,site,,Беларусь Мид «Spot,192,1459,10,18.1,16.0,0.1,6,1.67,11.0,17.5,135.42,5.21,52.08,62.5,0.0,31.25,1,3,1,2,0,0,15,86,утверждение,42,фактологический,0,0.0,перевёрнутая пирамида,новость,2,10.42,0,1,True,False,0,False,True,0.08,собственный сбор,False
Spot.uz,spot,https://www.spot.uz/ru/2026/07/11/hub-poland,2026-07-11T15:10:34+05:00,site,,Логистика Польша Торгово-Промышленная Палата «Spot,239,1979,13,18.23,18.0,0.0,9,1.44,0.6,19.0,104.6,0.0,41.84,8.37,0.0,4.18,2,4,1,3,0,0,11,77,утверждение,16,фактологический,0,0.0,перевёрнутая пирамида,новость,3,12.55,0,0,False,False,0,False,True,2.13,комментарий эксперта,False
Spot.uz,spot,https://www.spot.uz/ru/2026/07/11/electricity-summer,2026-07-11T20:39:36+05:00,site,,Минэнерго Отключения Электричества Электроэнергия «Spot,267,2266,14,18.57,19.5,0.071,11,1.27,-9.6,20.6,71.16,11.24,63.67,33.71,0.0,11.24,3,5,1,2,0,0,9,77,утверждение,14,фактологический,0,0.0,перевёрнутая пирамида,новость,4,14.98,0,1,True,False,0,False,True,0.0,собственный сбор,False
Spot.uz,spot,https://www.spot.uz/ru/2026/07/13/wb-taxi-bukhara,2026-07-13T10:39:35+05:00,site,,Wb Taxi Бухара Такси «Spot,168,1233,11,14.91,14.0,0.0,6,1.83,32.4,13.5,77.38,5.95,53.57,11.9,0.0,11.9,1,2,0,4,0,0,7,36,утверждение,17,фактологический,0,0.0,перевёрнутая пирамида,новость,2,11.9,0,0,False,False,0,False,True,1.8,комментарий эксперта,False
Spot.uz,spot,https://www.spot.uz/ru/2026/07/13/sunexpress-tashkent,2026-07-13T13:35:27+05:00,site,,Sunexpress Авиарейсы Турция «Spot,185,1262,12,13.5,13.5,0.0,8,1.5,37.2,12.4,108.11,0.0,27.03,86.49,0.0,16.22,0,2,1,3,0,0,11,64,утверждение,15,отложенный,0,0.0,nut graf,новость,2,10.81,0,0,False,False,0,False,True,0.0,комментарий эксперта,False
Spot.uz,spot,https://www.spot.uz/ru/2026/07/13/pension-reform,2026-07-13T16:19:33+05:00,site,,Мвф Пенсии «Spot,584,4579,35,15.83,14.0,0.114,19,1.84,7.3,17.3,80.48,8.56,37.67,37.67,1.71,20.55,4,9,1,7,0,0,13,83,утверждение,30,фактологический,1,1.71,перевёрнутая пирамида,расширенная новость,3,5.14,0,1,True,False,0,False,True,0.82,собственный сбор,False
Spot.uz,spot,https://www.spot.uz/ru/2026/07/13/power-cuts,2026-07-13T21:23:15+05:00,site,,Отключения Электроэнергии Ташкент Электроэнергия «Spot,158,1253,8,19.25,17.5,0.25,6,1.33,3.5,19.0,56.96,0.0,44.3,31.65,6.33,0.0,2,3,1,2,0,0,9,72,утверждение,28,фактологический,0,0.0,перевёрнутая пирамида,новость,2,12.66,0,0,False,False,0,False,True,0.0,комментарий эксперта,False
Spot.uz,spot,https://www.spot.uz/ru/2026/07/14/tifc-fines,2026-07-14T10:59:49+05:00,site,,Закон Финансовый Центр «Spot,315,2390,18,16.72,15.5,0.056,12,1.5,14.8,16.6,101.59,0.0,28.57,22.22,3.17,9.52,2,1,2,5,0,0,9,54,утверждение,15,отложенный,0,0.0,нарратив,новость,1,3.17,0,0,False,False,0,False,True,0.95,рерайт,False
Spot.uz,spot,https://www.spot.uz/ru/2026/07/14/parkings-comment,2026-07-14T14:03:39+05:00,site,,Korzinka Платные Парковки Хокимият Ташкента «Spot,228,1776,14,15.64,15.0,0.071,9,1.56,12.5,16.5,100.88,4.39,26.32,26.32,0.0,4.39,4,3,1,2,0,0,13,94,утверждение,21,фактологический,0,0.0,перевёрнутая пирамида,новость,2,8.77,0,0,False,False,0,False,True,0.37,комментарий эксперта,False
Spot.uz,spot,https://www.spot.uz/ru/2026/07/14/pensions-proposals,2026-07-14T17:08:43+05:00,site,,Пенсии Шавкат Мирзиеев «Spot,356,2612,23,14.39,14.0,0.043,14,1.64,20.5,15.0,115.17,5.62,30.9,61.8,19.66,8.43,0,3,1,2,0,0,12,87,утверждение,14,фактологический,0,0.0,перевёрнутая пирамида,расширенная новость,1,2.81,0,1,True,False,0,False,True,0.02,собственный сбор,False
Spot.uz,spot,https://www.spot.uz/ru/2026/07/15/atmos-pulberry,2026-07-15T09:00:39+05:00,site,,Atmos Pulberry Реклама,628,4941,25,23.44,21.0,0.24,24,1.04,3.8,20.3,89.17,1.59,58.92,0.0,0.0,0.0,1,0,6,0,0,0,11,91,утверждение,21,отложенный,8,12.74,разбор по пунктам,интервью,0,0.0,0,0,False,False,0,False,True,-21.42,рерайт,False
Spot.uz,spot,https://www.spot.uz/ru/2026/07/15/perception-june26,2026-07-15T09:57:29+05:00,site,,Инфляция Статистика Цб «Spot,312,2013,19,13.95,13.0,0.0,10,1.9,38.8,12.3,54.49,0.0,12.82,137.82,108.97,0.0,0,1,1,1,0,0,8,63,утверждение,25,фактологический,0,0.0,перевёрнутая пирамида,новость,0,0.0,0,1,True,False,0,False,True,0.17,работа с первоисточником,False
Spot.uz,spot,https://www.spot.uz/ru/2026/07/15/pensions,2026-07-15T13:00:17+05:00,site,,Отабек Фозилкаримов Пенсии Самозанятые Социальный Налог «Spot,416,3185,21,18.86,18.0,0.238,13,1.62,9.2,18.0,108.17,7.21,43.27,45.67,14.42,4.81,2,8,0,3,0,0,10,85,утверждение,15,фактологический,0,0.0,перевёрнутая пирамида,расширенная новость,2,4.81,0,0,False,False,0,False,True,4.17,комментарий эксперта,False
Spot.uz,spot,https://www.spot.uz/ru/2026/07/15/lv-permits,2026-07-15T14:53:44+05:00,site,,Грузоперевозки Латвия Минтранс «Spot,179,1482,12,14.5,12.5,0.083,7,1.86,5.3,17.2,139.66,11.17,67.04,22.35,0.0,22.35,0,0,1,2,0,0,11,88,утверждение,19,отложенный,0,0.0,nut graf,новость,0,0.0,0,1,True,False,0,False,True,0.0,работа с первоисточником,False
Spot.uz,spot,https://www.spot.uz/ru/2026/07/15/asman-start,2026-07-15T18:35:33+05:00,site,,Asman Airlines Авиарейсы Иссык-Куль Кыргызстан «Spot,217,1569,15,13.47,13.0,0.0,9,1.67,36.7,12.5,124.42,4.61,13.82,50.69,0.0,18.43,2,1,2,3,0,0,9,66,утверждение,12,отложенный,0,0.0,nut graf,новость,1,4.61,0,0,False,False,0,False,True,0.0,рерайт,False
Spot.uz,spot,https://www.spot.uz/ru/2026/07/15/talent-pool,2026-07-15T21:03:08+05:00,site,,Кадры Шавкат Мирзиеев «Spot,504,4199,27,18.15,16.0,0.148,16,1.69,-3.6,19.6,77.38,9.92,47.62,33.73,3.97,7.94,1,2,1,1,0,0,10,77,утверждение,30,фактологический,0,0.0,перевёрнутая пирамида,расширенная новость,2,3.97,0,1,True,False,0,False,True,0.0,собственный сбор,False
Spot.uz,spot,https://www.spot.uz/ru/2026/07/16/electricity-pick,2026-07-16T12:52:18+05:00,site,,Минэнерго Электроэнергия «Spot,237,1960,13,17.77,14.0,0.385,7,1.86,-0.2,19.0,75.95,4.22,37.97,46.41,8.44,12.66,0,3,0,2,0,0,9,78,утверждение,40,фактологический,0,0.0,перевёрнутая пирамида,новость,2,8.44,0,0,False,False,0,False,True,0.0,комментарий эксперта,False
Spot.uz,spot,https://www.spot.uz/ru/2026/07/16/humo,2026-07-16T13:00:59+05:00,site,,Humo Реклама,477,3993,23,20.65,21.0,0.261,14,1.71,14.7,17.8,98.53,6.29,29.35,6.29,0.0,4.19,3,3,5,0,0,0,9,69,утверждение,26,отложенный,0,0.0,nut graf,расширенная новость,3,6.29,0,0,False,False,0,False,True,-0.38,комментарий эксперта,False
Spot.uz,spot,https://www.spot.uz/ru/2026/07/16/parking-lots,2026-07-16T14:39:15+05:00,site,,Tashkent Invest Автостоянки Аукцион Платная Парковка «Spot,295,2230,20,13.6,12.5,0.1,12,1.75,21.9,14.6,94.92,6.78,27.12,57.63,10.17,6.78,2,1,1,3,0,0,11,69,утверждение,20,фактологический,0,0.0,перевёрнутая пирамида,новость,0,0.0,0,0,False,False,0,False,True,3.52,рерайт,False
Spot.uz,spot,https://www.spot.uz/ru/2026/07/16/mahalla-issues,2026-07-16T16:52:52+05:00,site,,Бедность Безработица Махалля «Spot,338,2408,21,14.9,15.0,0.0,11,1.91,25.6,14.5,73.96,8.88,41.42,59.17,2.96,0.0,5,7,2,1,0,0,11,71,утверждение,18,фактологический,0,0.0,перевёрнутая пирамида,новость,6,17.75,0,0,False,False,0,False,True,53.4,комментарий эксперта,False
Spot.uz,spot,https://www.spot.uz/ru/2026/07/16/kyrgyzstan-tourism,2026-07-16T20:29:53+05:00,site,,Авиарейсы Комитет По Туризму Кыргызстан Туризм «Spot,253,2031,11,22.27,18.0,0.364,7,1.57,6.4,19.5,90.91,3.95,35.57,15.81,0.0,11.86,1,1,2,1,0,0,13,75,утверждение,54,фактологический,0,0.0,перевёрнутая пирамида,новость,1,3.95,0,2,True,False,0,False,True,0.37,собственный сбор,False
Spot.uz,spot,https://www.spot.uz/ru/2026/07/17/id-amendments,2026-07-17T10:02:43+05:00,site,,Id-Карты Паспорт Персональные Данные «Spot,250,2051,12,19.83,13.5,0.083,8,1.5,-7.3,20.7,96.0,0.0,88.0,8.0,0.0,4.0,1,0,1,2,0,0,10,69,утверждение,26,отложенный,0,0.0,разбор по пунктам,новость,0,0.0,0,1,True,False,0,False,True,0.57,работа с первоисточником,False
Spot.uz,spot,https://www.spot.uz/ru/2026/07/17/currency-purposes,2026-07-17T13:08:19+05:00,site,,Банки Валюта Центральный Банк «Spot,234,1776,14,16.29,15.0,0.143,8,1.5,18.3,15.9,85.47,4.27,29.91,29.91,0.0,4.27,1,2,2,2,0,0,8,64,утверждение,24,фактологический,0,0.0,перевёрнутая пирамида,новость,0,0.0,0,2,True,False,0,False,True,3.78,работа с первоисточником,False
Spot.uz,spot,https://www.spot.uz/ru/2026/07/17/miit-azerbaijan,2026-07-17T21:57:29+05:00,site,,Азербайджан Инвестиции Мипт Промышленность «Spot,403,3330,15,25.4,22.0,0.2,12,1.25,-8.4,22.6,64.52,2.48,32.26,27.3,9.93,7.44,0,3,1,1,0,0,12,92,утверждение,35,фактологический,0,0.0,разбор по пунктам,интервью,2,4.96,0,1,True,False,0,False,True,0.55,собственный сбор,False
Spot.uz,spot,https://www.spot.uz/ru/2026/07/18/energy-complaints,2026-07-18T13:31:35+05:00,site,,Газ Минэнерго Умид Мамадаминов Цифровизация Электроэнергия «Spot,316,2534,18,16.78,15.5,0.167,11,1.73,1.5,18.4,94.94,12.66,50.63,34.81,6.33,3.16,3,5,0,2,0,0,9,70,утверждение,29,фактологический,0,0.0,перевёрнутая пирамида,новость,1,3.16,0,0,False,False,0,False,True,0.37,рерайт,False
Spot.uz,spot,https://www.spot.uz/ru/2026/07/18/samauto-electrobus,2026-07-18T18:00:08+05:00,site,,Samauto Автобус Электробус «Spot,267,1959,17,14.59,13.0,0.059,11,1.64,34.5,13.1,67.42,7.49,11.24,74.91,3.75,14.98,1,1,1,4,0,0,10,72,утверждение,24,отложенный,0,0.0,nut graf,новость,0,0.0,0,1,True,False,0,False,True,0.05,работа с первоисточником,False
Spot.uz,spot,https://www.spot.uz/ru/2026/07/20/sobiroff-committee,2026-07-20T11:05:08+05:00,site,,Алкоголь Блогеры Комитет По Конкуренции Рекламный Рынок «Spot,206,1547,12,16.25,11.0,0.167,8,1.5,11.0,17.0,58.25,9.71,53.4,38.83,0.0,4.85,0,2,2,2,0,0,12,87,утверждение,16,фактологический,0,0.0,перевёрнутая пирамида,новость,2,9.71,0,1,True,False,0,False,True,4.27,пресс-релиз без обработки,False
Spot.uz,spot,https://www.spot.uz/ru/2026/07/20/medical-college,2026-07-20T14:59:01+05:00,site,,Аукцион Бпи Колледж Мирабад «Spot,139,1021,11,11.55,12.0,0.0,6,2.0,38.5,11.6,93.53,0.0,21.58,115.11,0.0,14.39,0,0,1,1,0,0,13,90,утверждение,17,отложенный,0,0.0,nut graf,новость,0,0.0,0,0,False,False,0,False,True,0.08,рерайт,False
Spot.uz,spot,https://www.spot.uz/ru/2026/07/20/oson-uzcard,2026-07-20T17:00:29+05:00,site,,Oson Tez Qr Uzcard Реклама,309,2389,17,17.76,18.0,0.118,8,2.12,12.4,17.2,87.38,3.24,51.78,6.47,0.0,0.0,1,1,0,0,0,0,9,60,утверждение,41,отложенный,0,0.0,нарратив,новость,0,0.0,0,0,False,False,0,False,True,-1.87,рерайт,False
Spot.uz,spot,https://www.spot.uz/ru/2026/07/20/tourist-insurance,2026-07-20T17:08:51+05:00,site,,Комитет По Туризму Турбизнес Туризм «Spot,380,2948,20,17.95,15.5,0.1,12,1.67,7.7,18.0,105.26,7.89,39.47,21.05,2.63,5.26,3,0,1,1,0,0,8,65,утверждение,27,отложенный,0,0.0,разбор по пунктам,расширенная новость,0,0.0,0,1,True,False,0,False,True,0.75,работа с первоисточником,False
Spot.uz,spot,https://www.spot.uz/ru/2026/07/20/budget-income,2026-07-20T19:14:50+05:00,site,,Бюджет Минэкономфин Налоги «Spot,386,2498,13,22.31,16.0,0.077,12,1.33,24.9,16.9,51.81,5.18,20.73,173.58,64.77,31.09,0,0,1,1,0,0,12,77,утверждение,37,фактологический,0,0.0,разбор по пунктам,расширенная новость,0,0.0,0,1,True,False,0,False,True,0.0,работа с первоисточником,False
Spot.uz,spot,https://www.spot.uz/ru/2026/07/21/business-it,2026-07-21T00:01:03+05:00,site,,,80,655,6,12.67,10.5,0.167,3,2.0,9.3,16.1,75.0,0.0,0.0,25.0,0.0,12.5,0,0,1,0,0,0,11,83,утверждение,16,фактологический,0,0.0,перевёрнутая пирамида,новость,0,0.0,0,0,False,False,0,False,False,,рерайт,False
Spot.uz,spot,https://www.spot.uz/ru/2026/07/21/pharma-generics,2026-07-21T16:25:28+05:00,site,,Всемирный Банк Фармацевтика «Spot,518,4105,29,17.14,17.0,0.103,16,1.94,9.8,17.4,108.11,5.79,32.82,46.33,9.65,7.72,1,0,1,3,0,0,13,80,утверждение,26,фактологический,0,0.0,перевёрнутая пирамида,расширенная новость,0,0.0,0,0,False,False,0,False,True,0.0,рерайт,False
Spot.uz,spot,https://www.spot.uz/ru/2026/07/21/trade-mobilization,2026-07-21T20:07:28+05:00,site,,Внешняя Торговля Инвестиции Мобилизация Саида Мирзиёева Шавкат Мирзиеев «Spot,330,2583,21,15.1,14.0,0.048,12,1.83,8.8,16.9,133.33,3.03,57.58,24.24,0.0,9.09,5,1,1,2,0,0,11,85,утверждение,31,фактологический,0,0.0,перевёрнутая пирамида,новость,1,3.03,0,0,False,False,0,False,True,0.45,рерайт,False
Spot.uz,spot,https://www.spot.uz/ru/2026/07/21/oil-depots,2026-07-21T20:31:28+05:00,site,,Нефтепродукты Узбекнефтегаз «Spot,457,3749,22,19.82,18.0,0.136,14,1.57,-7.9,20.7,67.83,6.56,54.7,39.39,6.56,6.56,2,5,1,1,0,0,10,105,утверждение,44,фактологический,0,0.0,перевёрнутая пирамида,расширенная новость,5,10.94,0,0,False,False,0,False,True,0.0,комментарий эксперта,False
Spot.uz,spot,https://www.spot.uz/ru/2026/07/21/asialuxe-travel,2026-07-21T21:00:50+05:00,site,,Asialuxe Travel Реклама,525,4049,32,16.31,15.0,0.125,26,1.27,20.2,15.7,80.0,0.0,11.43,5.71,3.81,0.0,0,0,5,0,0,0,8,63,утверждение,42,отложенный,9,17.14,разбор по пунктам,расширенная новость,0,0.0,0,0,False,False,0,False,True,-2.85,рерайт,False
Spot.uz,spot,https://www.spot.uz/ru/2026/07/22/tashkent-region-buses,2026-07-22T09:31:10+05:00,site,,Автобусы Кенгаш Тарифы Ташкентская Область «Spot,157,1130,10,15.0,16.5,0.0,6,1.67,31.1,13.8,76.43,0.0,6.37,31.85,6.37,0.0,0,0,1,1,0,0,9,65,утверждение,22,отложенный,0,0.0,nut graf,новость,0,0.0,0,1,True,False,0,False,True,0.0,работа с первоисточником,False
Spot.uz,spot,https://www.spot.uz/ru/2026/07/22/cryptocurrency-arrest,2026-07-22T13:21:09+05:00,site,,Криптовалюта Мвд «Spot,150,1145,8,17.88,15.0,0.125,6,1.33,17.2,16.6,80.0,20.0,53.33,53.33,0.0,6.67,1,1,1,2,0,0,11,78,утверждение,20,отложенный,0,0.0,nut graf,новость,0,0.0,0,0,False,False,0,False,True,0.22,рерайт,False
Spot.uz,spot,https://www.spot.uz/ru/2026/07/22/visitor-registration,2026-07-22T15:58:30+05:00,site,,Гостиницы Иностранцы Миграция «Spot,190,1477,13,14.08,14.0,0.0,7,1.71,15.1,15.7,121.05,0.0,31.58,31.58,5.26,5.26,4,1,1,2,0,0,10,84,утверждение,23,фактологический,0,0.0,перевёрнутая пирамида,новость,1,5.26,0,0,False,False,0,False,True,22.03,рерайт,False
Spot.uz,spot,https://www.spot.uz/ru/2026/07/22/tourist-bookings,2026-07-22T16:47:29+05:00,site,,Комитет По Туризму Туризм «Spot,262,1931,16,15.5,14.5,0.062,9,1.78,25.0,14.8,99.24,0.0,3.82,45.8,19.08,7.63,1,1,2,2,0,0,12,65,утверждение,20,фактологический,0,0.0,перевёрнутая пирамида,новость,1,3.82,0,1,True,False,0,False,True,0.22,собственный сбор,False
Spot.uz,spot,https://www.spot.uz/ru/2026/07/22/nurafshon-overpass,2026-07-22T17:44:06+05:00,site,,Путепровод Ташкентская Область «Spot,195,1422,12,15.08,14.5,0.0,7,1.71,26.8,14.4,107.69,5.13,46.15,76.92,0.0,10.26,0,1,2,2,0,0,12,75,утверждение,17,фактологический,0,0.0,перевёрнутая пирамида,новость,1,5.13,0,1,True,False,0,False,True,0.35,собственный сбор,False
Spot.uz,spot,https://www.spot.uz/ru/2026/07/22/eu-aliexpress,2026-07-22T23:28:05+05:00,site,,Aliexpress Евросоюз Маркетплейс «Spot,271,2028,17,15.29,15.0,0.0,10,1.7,24.5,14.8,55.35,0.0,44.28,40.59,0.0,11.07,3,6,1,2,0,0,13,87,утверждение,14,фактологический,0,0.0,перевёрнутая пирамида,новость,2,7.38,0,0,False,False,0,False,True,10.63,пресс-релиз без обработки,False
Spot.uz,spot,https://www.spot.uz/ru/2026/07/23/uk-e-visa,2026-07-23T12:17:06+05:00,site,,Великобритания Визы «Spot,200,1521,12,16.33,12.0,0.083,8,1.62,17.0,16.1,85.0,5.0,35.0,15.0,0.0,15.0,0,2,2,1,0,0,8,57,утверждение,22,фактологический,0,0.0,перевёрнутая пирамида,новость,0,0.0,0,0,False,False,0,True,True,0.0,рерайт,False
Spot.uz,spot,https://www.spot.uz/ru/2026/07/23/krantas-plans,2026-07-23T15:32:47+05:00,site,,Krantas Group Пикап Самосвал Спецтехника «Spot,353,2827,23,14.39,14.0,0.0,13,2.0,14.8,15.8,104.82,5.67,19.83,82.15,2.83,2.83,2,5,0,1,0,0,12,80,утверждение,36,фактологический,0,0.0,перевёрнутая пирамида,расширенная новость,2,5.67,0,0,False,False,0,False,True,0.0,комментарий эксперта,False
Spot.uz,spot,https://www.spot.uz/ru/2026/07/23/covec,2026-07-23T17:40:18+05:00,site,,Covec Китай Платные Дороги Самарканд Ташкент «Spot,722,5665,32,21.69,20.5,0.312,25,1.36,15.5,18.1,126.04,8.31,34.63,19.39,2.77,2.77,7,16,1,3,0,0,11,73,утверждение,17,фактологический,1,1.39,перевёрнутая пирамида,расширенная новость,11,15.24,0,0,False,False,0,False,True,0.23,комментарий эксперта,False
Spot.uz,spot,https://www.spot.uz/ru/2026/07/24/stablecoins-bonds,2026-07-24T09:35:26+05:00,site,,Гособлигации Криптовалюта Стейблкоин «Spot,238,1916,19,12.42,12.0,0.0,11,1.73,12.7,15.5,113.45,21.01,67.23,8.4,0.0,0.0,0,0,1,3,0,0,7,66,утверждение,20,отложенный,0,0.0,нарратив,новость,0,0.0,0,1,True,False,0,False,True,0.0,работа с первоисточником,False
Spot.uz,spot,https://www.spot.uz/ru/2026/07/24/green-energy-mark,2026-07-24T10:59:19+05:00,site,,Зеленая Энергетика Минэнерго «Spot,212,1452,13,14.69,16.0,0.077,8,1.62,32.6,13.4,70.75,0.0,14.15,136.79,14.15,28.3,0,0,2,3,0,0,14,85,утверждение,16,фактологический,0,0.0,перевёрнутая пирамида,новость,0,0.0,0,2,True,False,0,False,True,0.08,работа с первоисточником,False
Spot.uz,spot,https://www.spot.uz/ru/2026/07/24/businnes-mission,2026-07-24T14:21:23+05:00,site,,,90,727,5,15.8,19.0,0.2,4,1.25,-7.7,19.4,66.67,0.0,44.44,44.44,0.0,11.11,0,0,1,0,0,0,3,27,утверждение,22,фактологический,0,0.0,перевёрнутая пирамида,новость,0,0.0,0,0,False,False,0,False,False,,рерайт,False
Spot.uz,spot,https://www.spot.uz/ru/2026/07/24/e-rozilik,2026-07-24T17:30:59+05:00,site,,Мвд Регистрация «Spot,464,3414,21,20.76,15.0,0.095,12,1.75,12.9,18.1,92.67,4.31,43.1,30.17,4.31,8.62,0,0,1,1,0,0,10,83,утверждение,25,отложенный,0,0.0,разбор по пунктам,интервью,0,0.0,0,1,True,False,0,False,True,97.78,работа с первоисточником,False
Spot.uz,spot,https://www.spot.uz/ru/2026/07/25/remittances,2026-07-25T17:19:47+05:00,site,,Валютный Рынок Денежные Переводы Центральный Банк «Spot,209,1449,7,26.0,23.0,0.429,8,1.38,16.5,19.3,43.06,0.0,23.92,105.26,14.35,14.35,0,3,1,1,0,0,13,77,утверждение,36,фактологический,0,0.0,перевёрнутая пирамида,новость,2,9.57,0,1,True,False,0,False,True,1.9,собственный сбор,False
Spot.uz,spot,https://www.spot.uz/ru/2026/07/26/wages,2026-07-26T13:43:39+05:00,site,,Зарплаты Нацкомстат «Spot,493,3320,19,20.89,20.0,0.263,14,1.36,22.7,16.8,79.11,2.03,26.37,125.76,42.6,6.09,0,0,1,1,0,0,14,79,утверждение,35,фактологический,3,6.09,разбор по пунктам,интервью,0,0.0,0,1,True,False,0,False,True,0.0,работа с первоисточником,False
Spot.uz,spot,https://www.spot.uz/ru/2026/07/27/uzum-record-bonds,2026-07-27T09:54:07+05:00,site,,Uzum Облигации Фондовая Биржа «Spot,229,1618,17,12.59,14.0,0.0,9,1.89,36.3,12.3,56.77,0.0,17.47,61.14,17.47,8.73,2,0,1,4,0,0,11,75,утверждение,13,отложенный,0,0.0,nut graf,новость,0,0.0,0,0,False,False,0,False,True,8.25,рерайт,False
Spot.uz,spot,https://www.spot.uz/ru/2026/07/27/verba-legal,2026-07-27T11:00:02+05:00,site,,Verba Legal Реклама,168,1412,8,20.75,20.0,0.375,6,1.5,-4.1,20.5,107.14,29.76,53.57,5.95,0.0,0.0,1,2,7,0,0,0,12,104,утверждение,58,фактологический,0,0.0,перевёрнутая пирамида,новость,2,11.9,0,0,False,False,0,False,True,2.25,комментарий эксперта,False
Spot.uz,spot,https://www.spot.uz/ru/2026/07/27/minenergy,2026-07-27T14:09:31+05:00,site,,Журабек Мирзамахмудов Минэнерго «Spot,189,1494,12,15.0,12.5,0.083,6,2.0,10.7,16.6,37.04,10.58,26.46,47.62,0.0,42.33,1,2,1,1,0,0,7,65,утверждение,34,фактологический,0,0.0,перевёрнутая пирамида,новость,1,5.29,0,0,False,False,0,False,True,2.43,рерайт,False
Spot.uz,spot,https://www.spot.uz/ru/2026/07/27/regional-electric-networks,2026-07-27T16:59:43+05:00,site,,Региональные Электросети Сардор Исакулов «Spot,237,1968,14,16.36,14.0,0.143,10,1.4,3.7,18.0,63.29,0.0,37.97,25.32,0.0,21.1,8,2,2,2,0,0,8,72,утверждение,17,фактологический,1,4.22,перевёрнутая пирамида,новость,2,8.44,0,0,False,False,0,False,True,3.83,комментарий эксперта,False
Spot.uz,spot,https://www.spot.uz/ru/2026/07/27/toll-road,2026-07-27T20:06:43+05:00,site,,Covec Китай Платные Дороги Самарканд Ташкент «Spot,316,2388,19,15.95,16.0,0.158,14,1.43,24.2,15.0,113.92,0.0,15.82,28.48,6.33,3.16,2,7,0,3,0,0,12,87,утверждение,17,фактологический,0,0.0,перевёрнутая пирамида,новость,5,15.82,0,0,False,False,0,False,True,0.0,комментарий эксперта,False
Spot.uz,spot,https://www.spot.uz/ru/2026/07/27/new-tashkent,2026-07-27T23:39:46+05:00,site,,Новый Ташкент Шавкат Мирзиеев «Spot,349,2872,21,16.05,15.0,0.095,11,1.91,1.9,18.2,100.29,8.6,22.92,34.38,5.73,8.6,1,2,1,1,0,0,10,72,утверждение,16,фактологический,0,0.0,перевёрнутая пирамида,новость,2,5.73,0,1,True,False,0,False,True,0.0,собственный сбор,False
Spot.uz,spot,https://www.spot.uz/ru/2026/07/28/capital-market-bill,2026-07-28T12:59:41+05:00,site,,Законопроект Инвестиции Олий Мажлис Рынок Капитала «Spot,248,2066,17,14.29,13.0,0.0,10,1.7,-1.4,18.1,125.0,12.1,36.29,12.1,0.0,4.03,1,0,1,1,0,0,10,65,утверждение,21,фактологический,0,0.0,перевёрнутая пирамида,новость,0,0.0,0,0,False,False,0,False,True,3.35,рерайт,False
Spot.uz,spot,https://www.spot.uz/ru/2026/07/28/servercore,2026-07-28T15:00:46+05:00,site,,Servercore Реклама,383,3344,17,21.94,22.0,0.353,10,1.7,-4.9,21.0,73.11,5.22,67.89,73.11,0.0,0.0,1,1,2,0,0,0,10,103,утверждение,57,фактологический,1,2.61,перевёрнутая пирамида,расширенная новость,1,2.61,0,0,False,False,0,False,True,0.0,рерайт,False
Spot.uz,spot,https://www.spot.uz/ru/2026/07/28/water-reorganization,2026-07-28T18:35:01+05:00,site,,Вода Водопровод Канализация Указ «Spot,310,2525,18,16.83,17.0,0.111,11,1.73,-1.7,18.9,106.45,3.23,67.74,25.81,0.0,22.58,1,0,1,3,0,0,12,80,утверждение,23,фактологический,0,0.0,перевёрнутая пирамида,новость,0,0.0,0,1,True,False,0,False,True,1.35,работа с первоисточником,False
Spot.uz,spot,https://www.spot.uz/ru/2026/07/28/tourism-qr,2026-07-28T19:00:42+05:00,site,,Ассоциация Частных Туристических Организаций Безопасность Комитет По Туризму Туризм «Spot,941,7015,49,18.47,17.0,0.224,24,2.04,15.6,17.0,109.46,0.0,35.07,13.82,0.0,2.13,7,0,5,1,0,0,17,80,утверждение,17,фактологический,1,1.06,разбор по пунктам,интервью,0,0.0,0,1,True,False,0,False,True,-1.78,работа с первоисточником,False
Spot.uz,spot,https://www.spot.uz/ru/2026/07/28/tashkent-transport,2026-07-28T21:18:27+05:00,site,,Абдурахмон Бахтиев Китай Платные Дороги Хокимият Ташкента Цодд «Spot,309,2361,15,19.27,17.0,0.067,11,1.36,16.9,17.1,110.03,0.0,22.65,74.43,0.0,0.0,0,1,2,1,0,0,11,80,утверждение,52,отложенный,0,0.0,nut graf,новость,1,3.24,0,2,True,False,0,False,True,13.33,собственный сбор,False
Spot.uz,spot,https://www.spot.uz/ru/2026/07/29/kapitalbank,2026-07-29T09:00:35+05:00,site,,Kapitalbank Реклама,271,2246,9,29.0,23.0,0.444,5,1.4,-14.8,24.6,81.18,3.69,62.73,40.59,14.76,7.38,0,1,1,0,0,0,11,82,утверждение,30,отложенный,0,0.0,nut graf,новость,1,3.69,0,0,False,False,0,False,True,5.93,рерайт,False
Spot.uz,spot,https://www.spot.uz/ru/2026/07/29/cb-rate,2026-07-29T11:22:02+05:00,site,,Инфляция Основная Ставка Центральный Банк «Spot,369,2900,23,15.26,13.0,0.174,13,1.77,1.9,17.9,73.17,5.42,78.59,40.65,29.81,10.84,2,5,1,1,0,0,14,90,утверждение,23,фактологический,0,0.0,перевёрнутая пирамида,расширенная новость,2,5.42,0,1,True,False,0,False,True,3.78,собственный сбор,False
Spot.uz,spot,https://www.spot.uz/ru/2026/07/29/dxb-vacancies,2026-07-29T12:58:22+05:00,site,,Аэропорт Дубая Дубай Оаэ Трудовая Миграция «Spot,211,1485,14,13.86,11.5,0.071,8,1.75,22.8,14.5,127.96,0.0,28.44,61.61,0.0,9.48,0,0,1,1,0,0,10,77,утверждение,19,отложенный,0,0.0,nut graf,новость,0,0.0,0,0,False,False,0,False,True,0.1,рерайт,False
Spot.uz,spot,https://www.spot.uz/ru/2026/07/29/kapitalbank-safety,2026-07-29T17:00:01+05:00,site,,Kapitalbank Реклама,718,5497,39,17.87,15.0,0.077,12,3.08,16.3,16.7,103.06,2.79,48.75,18.11,0.0,9.75,4,0,1,0,0,0,11,81,утверждение,65,фактологический,4,5.57,разбор по пунктам,интервью,0,0.0,0,1,True,False,0,False,True,-2.12,работа с первоисточником,False
Spot.uz,spot,https://www.spot.uz/ru/2026/07/29/business-survey,2026-07-29T19:36:04+05:00,site,,Бизнес-Омбудсман Опрос Торгово-Промышленная Палата Цэир «Spot,129,1029,9,14.0,13.0,0.0,6,1.5,9.3,16.5,131.78,7.75,62.02,38.76,0.0,7.75,0,1,1,1,0,0,13,86,утверждение,21,фактологический,0,0.0,перевёрнутая пирамида,новость,1,7.75,0,0,False,False,0,False,True,0.42,рерайт,False
Spot.uz,spot,https://www.spot.uz/ru/2026/07/30/uzcard,2026-07-30T00:35:51+05:00,site,,Uzcard Платёжная Система «Spot,312,2101,17,16.06,18.0,0.059,9,1.89,36.7,13.3,35.26,0.0,12.82,102.56,19.23,28.85,0,0,2,2,0,0,13,74,утверждение,46,фактологический,0,0.0,перевёрнутая пирамида,новость,0,0.0,0,0,False,False,0,False,True,10.05,рерайт,False
Spot.uz,spot,https://www.spot.uz/ru/2026/07/30/asterium,2026-07-30T11:00:58+05:00,site,,Asterium Реклама,139,1221,8,17.38,19.0,0.125,7,1.29,8.3,17.7,115.11,14.39,64.75,0.0,0.0,0.0,0,0,2,0,0,0,10,70,утверждение,14,отложенный,0,0.0,нарратив,новость,0,0.0,0,0,False,False,0,False,True,1.33,рерайт,False
Spot.uz,spot,https://www.spot.uz/ru/2026/07/30/apartments-bank,2026-07-30T14:22:16+05:00,site,,Постановление Реновация Строительство «Spot,369,2850,22,16.27,15.5,0.045,12,1.83,14.9,16.4,108.4,5.42,29.81,27.1,0.0,10.84,0,3,1,4,0,0,9,70,утверждение,26,фактологический,0,0.0,перевёрнутая пирамида,расширенная новость,3,8.13,0,1,True,False,0,False,True,0.3,собственный сбор,False
Spot.uz,spot,https://www.spot.uz/ru/2026/07/30/cars-h1-2026,2026-07-30T16:55:57+05:00,site,,Автомобили Цэир «Spot,326,2081,23,12.3,11.0,0.0,12,1.83,47.7,10.6,67.48,0.0,9.2,107.36,61.35,3.07,0,0,0,2,0,0,15,92,утверждение,24,отложенный,0,0.0,nut graf,новость,0,0.0,0,0,False,False,0,False,True,16.8,рерайт,False
Spot.uz,spot,https://www.spot.uz/ru/2026/07/30/heating-tariffs,2026-07-30T20:21:15+05:00,site,,Горячая Вода Отопление Субсидии Тарифы «Spot,314,2323,15,19.33,16.0,0.267,8,1.88,12.0,17.8,111.46,0.0,31.85,63.69,28.66,6.37,0,1,0,1,0,0,12,76,утверждение,47,фактологический,0,0.0,перевёрнутая пирамида,новость,0,0.0,0,0,False,False,0,False,True,0.0,рерайт,False
Spot.uz,spot,https://www.spot.uz/ru/2026/07/31/diesel-payment,2026-07-31T09:59:58+05:00,site,,Дизель Сельское Хозяйство Субсидия «Spot,252,1933,15,16.07,15.0,0.133,9,1.67,14.6,16.4,91.27,0.0,19.84,31.75,0.0,23.81,0,0,1,2,0,0,8,63,утверждение,23,фактологический,0,0.0,перевёрнутая пирамида,новость,0,0.0,0,1,True,False,0,False,True,3.88,работа с первоисточником,False
Spot.uz,spot,https://www.spot.uz/ru/2026/07/31/malaysia-madein,2026-07-31T11:51:52+05:00,site,,,71,541,6,10.33,11.0,0.0,3,2.0,17.0,14.2,126.76,0.0,0.0,70.42,0.0,14.08,1,0,1,0,0,0,5,45,утверждение,19,фактологический,0,0.0,перевёрнутая пирамида,новость,0,0.0,0,0,False,False,0,False,False,,рерайт,False
Spot.uz,spot,https://www.spot.uz/ru/2026/07/31/humo,2026-07-31T16:00:14+05:00,site,,Humo Реклама,443,3234,27,16.07,15.0,0.111,19,1.58,32.6,13.9,81.26,11.29,24.83,31.6,0.0,11.29,1,1,8,0,0,0,11,83,утверждение,30,фактологический,2,4.51,перевёрнутая пирамида,расширенная новость,0,0.0,0,0,False,False,0,False,True,-5.3,рерайт,False
Spot.uz,spot,https://www.spot.uz/ru/2026/07/31/real-estate,2026-07-31T17:45:29+05:00,site,,Жилье Недвижимость Цэир «Spot,239,1583,17,11.82,11.0,0.059,9,1.89,37.5,11.8,46.03,0.0,20.92,117.15,87.87,12.55,0,0,1,1,0,0,14,79,утверждение,33,фактологический,0,0.0,перевёрнутая пирамида,новость,0,0.0,0,0,False,False,0,False,True,0.0,рерайт,False
Spot.uz,spot,https://www.spot.uz/ru/2026/07/31/chirchiq-gastro,2026-07-31T17:55:31+05:00,site,,Гастроулица Туризм Чирчик «Spot,180,1328,12,13.58,13.0,0.083,7,1.71,19.2,15.0,105.56,11.11,5.56,66.67,0.0,11.11,1,1,1,2,0,0,7,64,утверждение,17,фактологический,0,0.0,перевёрнутая пирамида,новость,1,5.56,0,1,True,False,0,False,True,2.28,собственный сбор,False
Spot.uz,spot,https://www.spot.uz/ru/2026/07/31/benkam,2026-07-31T19:00:00+05:00,site,,Beknam Termo,326,2577,19,16.11,19.0,0.053,13,1.54,14.2,16.5,79.75,0.0,52.15,64.42,0.0,0.0,0,0,2,0,0,0,10,88,утверждение,34,отложенный,2,6.13,nut graf,новость,0,0.0,0,0,False,False,0,False,True,-7.15,рерайт,False
Spot.uz,spot,https://www.spot.uz/ru/2026/07/31/nmmc,2026-07-31T23:43:03+05:00,site,,Золото Нгмк Полезные Ископаемые «Spot,305,2406,20,13.6,13.0,0.05,12,1.67,9.1,16.4,78.69,9.84,29.51,101.64,19.67,3.28,1,1,1,1,0,0,14,91,утверждение,18,фактологический,1,3.28,перевёрнутая пирамида,новость,0,0.0,0,0,False,False,0,False,True,0.0,рерайт,False
Spot.uz,spot,https://www.spot.uz/ru/2026/08/01/aero-nomad,2026-08-01T12:25:21+05:00,site,,Aero Nomad Airlines Авиарейсы Кыргызстан «Spot,261,1802,15,15.73,17.0,0.0,9,1.67,36.4,13.2,137.93,0.0,11.49,53.64,0.0,7.66,0,0,2,2,0,0,12,66,утверждение,19,отложенный,0,0.0,nut graf,новость,0,0.0,0,0,False,False,0,False,True,0.07,рерайт,False
Spot.uz,spot,https://www.spot.uz/ru/2026/08/01/yandex-auto,2026-08-01T15:00:57+05:00,site,,Li Auto Li L,465,3488,23,19.57,18.0,0.217,11,2.09,23.3,16.3,75.27,2.15,30.11,15.05,0.0,0.0,2,2,0,0,0,0,9,64,утверждение,26,отложенный,0,0.0,разбор по пунктам,интервью,2,4.3,0,0,False,False,0,False,True,-24.42,комментарий эксперта,False
Spot.uz,spot,https://www.spot.uz/ru/2026/08/01/lolazor,2026-08-01T17:25:12+05:00,site,,Строительство Ташкент «Spot,361,2931,17,20.88,20.0,0.353,11,1.55,1.9,19.7,99.72,11.08,19.39,16.62,2.77,11.08,3,5,1,3,0,0,10,80,утверждение,26,фактологический,0,0.0,перевёрнутая пирамида,расширенная новость,3,8.31,0,0,False,False,0,False,True,18.28,комментарий эксперта,False
Spot.uz,spot,https://www.spot.uz/ru/2026/08/02/week-summary,2026-08-02T17:50:21+05:00,site,,Главное За Неделю «Spot,1326,9885,113,11.19,9.0,0.018,41,2.44,27.2,13.1,121.42,2.26,24.89,45.25,9.8,6.03,8,5,0,35,0,1,15,100,утверждение,47,отложенный,7,5.28,разбор по пунктам,дайджест,5,3.77,0,0,False,False,0,False,True,0.22,комментарий эксперта,False
Spot.uz,spot,https://www.spot.uz/ru/2026/08/03/edelweiss-samarkand,2026-08-03T09:58:20+05:00,site,,Edelweiss Edelweiss Resort; Spa Самаркандская Область Туризм «Spot,179,1326,11,15.36,15.0,0.091,7,1.71,22.6,15.1,94.97,0.0,22.35,44.69,0.0,0.0,0,4,1,1,0,0,9,62,утверждение,16,фактологический,0,0.0,перевёрнутая пирамида,новость,2,11.17,0,1,True,False,0,False,True,0.35,собственный сбор,False
Spot.uz,spot,https://www.spot.uz/ru/2026/08/03/crypto-fines,2026-08-03T14:55:11+05:00,site,,Криптоактивы Напп Штрафы «Spot,360,2663,20,17.2,15.0,0.2,13,1.62,15.4,16.6,100.0,11.11,80.56,27.78,5.56,2.78,0,0,1,1,0,0,13,84,утверждение,25,отложенный,0,0.0,разбор по пунктам,расширенная новость,0,0.0,0,1,True,False,0,False,True,0.17,работа с первоисточником,False
Spot.uz,spot,https://www.spot.uz/ru/2026/08/03/heating-fraud,2026-08-03T16:18:27+05:00,site,,Мошенничество Отопление Прокуратура Субсидии «Spot,272,2007,16,16.0,16.0,0.0,9,1.78,20.1,15.6,91.91,3.68,36.76,51.47,7.35,7.35,1,5,1,2,0,0,12,71,утверждение,17,фактологический,0,0.0,перевёрнутая пирамида,новость,2,7.35,0,0,False,False,0,False,True,0.8,комментарий эксперта,False
Spot.uz,spot,https://www.spot.uz/ru/2026/08/03/electricity-discount,2026-08-03T20:02:33+05:00,site,,Газ Минэнерго Тарифы Шерзод Ходжаев Электроэнергия «Spot,471,3751,28,16.61,16.0,0.107,17,1.76,10.0,17.2,84.93,4.25,53.08,12.74,0.0,0.0,3,15,0,1,0,0,14,105,утверждение,28,фактологический,0,0.0,перевёрнутая пирамида,расширенная новость,9,19.11,0,0,False,False,0,False,True,0.3,комментарий эксперта,False
Spot.uz,spot,https://www.spot.uz/ru/2026/08/04/nurbuloq,2026-08-04T10:01:43+05:00,site,,Комитет По Туризму Медицина Самаркандская Область Туризм «Spot,357,2787,21,16.05,14.0,0.095,13,1.62,12.6,16.7,109.24,5.6,30.81,33.61,5.6,5.6,2,1,1,1,0,0,8,65,утверждение,19,отложенный,0,0.0,nut graf,расширенная новость,1,2.8,0,1,True,False,0,False,True,0.0,собственный сбор,False
Spot.uz,spot,https://www.spot.uz/ru/2026/08/04/ip-registration,2026-08-04T12:30:16+05:00,site,,Авторское Право Госуслуги Законопроект Интеллектуальная Собственность Олий Мажлис «Spot,288,2344,17,16.59,14.0,0.059,10,1.7,8.2,17.5,97.22,3.47,76.39,10.42,0.0,3.47,2,1,1,3,0,0,12,90,утверждение,22,отложенный,0,0.0,nut graf,новость,1,3.47,0,0,False,False,0,False,True,2.62,рерайт,False
Spot.uz,spot,https://www.spot.uz/ru/2026/08/04/impounding,2026-08-04T14:40:22+05:00,site,,Цодд Штрафстоянка Эвакуатор «Spot,326,2357,18,17.11,16.0,0.056,10,1.8,22.2,15.7,85.89,3.07,49.08,36.81,6.13,9.2,4,5,3,3,0,0,10,71,утверждение,15,фактологический,0,0.0,перевёрнутая пирамида,новость,0,0.0,0,1,True,False,0,False,True,45.98,работа с первоисточником,False
Spot.uz,spot,https://www.spot.uz/ru/2026/08/04/real-estate,2026-08-04T18:00:34+05:00,site,,Жилье Ипотека Недвижимость «Spot,232,1581,15,13.47,13.0,0.0,9,1.67,38.2,12.3,60.34,0.0,0.0,107.76,34.48,21.55,3,2,1,3,0,0,11,73,утверждение,32,фактологический,0,0.0,перевёрнутая пирамида,новость,2,8.62,0,1,True,False,0,False,True,1.83,собственный сбор,False
Spot.uz,spot,https://www.spot.uz/ru/2026/08/04/cadastre-reforms,2026-08-04T18:55:42+05:00,site,,Кадастр Цифровизация Шавкат Мирзиеев «Spot,479,3709,34,13.41,13.0,0.0,19,1.89,13.7,15.7,123.17,2.09,48.02,45.93,10.44,0.0,2,0,1,2,0,0,8,68,утверждение,20,отложенный,0,0.0,nut graf,расширенная новость,0,0.0,0,1,True,False,0,False,True,0.0,работа с первоисточником,False
Spot.uz,spot,https://www.spot.uz/ru/2026/08/04/economic-growth,2026-08-04T20:56:30+05:00,site,,Ввп Нацкомстат «Spot,354,2497,24,12.38,11.5,0.042,11,2.18,25.8,13.6,50.85,0.0,42.37,138.42,98.87,8.47,0,1,1,1,0,0,12,78,утверждение,29,фактологический,0,0.0,перевёрнутая пирамида,расширенная новость,1,2.82,0,1,True,False,0,False,True,0.0,собственный сбор,False
Spot.uz,spot,https://www.spot.uz/ru/2026/08/05/engelberg,2026-08-05T13:00:44+05:00,site,,Engelberg Окна Оконные Системы Реклама,293,2502,17,16.59,17.0,0.118,13,1.15,2.6,18.2,61.43,0.0,61.43,37.54,0.0,0.0,0,0,4,0,0,1,10,84,утверждение,36,отложенный,0,0.0,нарратив,новость,0,0.0,0,0,False,False,0,False,True,-0.83,рерайт,False
Spot.uz,spot,https://www.spot.uz/ru/2026/08/05/uklon-ferghana,2026-08-05T16:27:28+05:00,site,,Uklon Андижан Маргилан Наманган Такси Фергана «Spot,360,2476,23,15.35,15.0,0.087,12,1.92,38.9,12.8,72.22,5.56,27.78,2.78,0.0,2.78,6,2,0,2,0,0,8,57,утверждение,18,фактологический,0,0.0,перевёрнутая пирамида,расширенная новость,1,2.78,0,0,False,False,0,False,True,0.02,рерайт,False
Spot.uz,spot,https://www.spot.uz/ru/2026/08/05/wildberries-export,2026-08-05T20:28:36+05:00,site,,Wildberries Жамшид Ходжаев Экспорт «Spot,337,2617,20,16.35,14.5,0.15,11,2.09,18.9,15.9,68.25,2.97,23.74,20.77,5.93,5.93,1,2,3,1,0,0,12,83,утверждение,26,отложенный,0,0.0,nut graf,новость,2,5.93,0,0,False,False,0,False,True,18.7,комментарий эксперта,False
Spot.uz,spot,https://www.spot.uz/ru/2026/08/05/octobank,2026-08-05T21:00:53+05:00,site,,Octobank Автокредиты Реклама,86,559,6,10.83,9.0,0.0,8,0.88,41.1,11.0,11.63,0.0,11.63,139.53,46.51,11.63,0,0,1,0,0,0,5,50,утверждение,8,отложенный,0,0.0,разбор по пунктам,новость,0,0.0,0,0,False,False,0,False,True,-5.85,пресс-релиз без обработки,False
Spot.uz,spot,https://www.spot.uz/ru/2026/08/06/russia-migration,2026-08-06T13:48:17+05:00,site,,Мигранты Россия Трудовая Миграция «Spot,263,1985,14,18.0,15.5,0.071,7,2.0,15.8,16.8,117.87,15.21,30.42,38.02,15.21,3.8,1,2,1,1,0,0,12,74,утверждение,44,фактологический,0,0.0,перевёрнутая пирамида,новость,1,3.8,0,0,False,False,0,False,True,0.0,рерайт,False
Spot.uz,spot,https://www.spot.uz/ru/2026/08/06/uzcard,2026-08-06T17:00:35+05:00,site,,Uzcard Реклама,314,2808,13,23.23,21.0,0.462,9,1.44,-19.2,23.4,60.51,9.55,22.29,6.37,0.0,3.18,1,0,0,0,0,0,10,71,утверждение,65,фактологический,0,0.0,разбор по пунктам,новость,0,0.0,0,0,False,False,0,False,True,-0.95,рерайт,False
Spot.uz,spot,https://www.spot.uz/ru/2026/08/06/akfa,2026-08-06T19:00:23+05:00,site,,Akfa Akfa Plast Окна Пвх-Окна Реклама,275,2208,16,17.19,16.0,0.125,12,1.42,12.9,17.0,105.45,3.64,58.18,18.18,0.0,0.0,0,0,2,0,0,0,7,53,утверждение,24,отложенный,4,14.55,разбор по пунктам,новость,0,0.0,0,0,False,False,0,False,True,17.55,рерайт,False
Spot.uz,spot,https://www.spot.uz/ru/2026/08/06/small-aviation,2026-08-06T20:30:16+05:00,site,,Авиация Комитет По Туризму Минтранс Узавиация «Spot,276,2303,16,16.69,17.0,0.0,11,1.45,-6.6,19.6,86.96,0.0,47.1,21.74,0.0,0.0,1,1,1,2,0,0,10,89,утверждение,15,фактологический,0,0.0,перевёрнутая пирамида,новость,1,3.62,0,1,True,False,0,False,True,0.03,собственный сбор,False
Spot.uz,spot,https://www.spot.uz/ru/2026/08/06/loong-air-ferghana,2026-08-06T21:37:19+05:00,site,,Loong Air Uzbekistan Airports Авиарейсы Фергана «Spot,252,1910,16,15.06,15.0,0.062,10,1.6,21.7,15.1,75.4,3.97,31.75,19.84,0.0,11.9,1,0,2,2,0,0,10,65,утверждение,14,отложенный,0,0.0,nut graf,новость,0,0.0,0,1,True,False,0,False,True,0.0,работа с первоисточником,False
Spot.uz,spot,https://www.spot.uz/ru/2026/08/07/new-tax,2026-08-07T12:00:48+05:00,site,,Азизахон Закирова,1897,12990,111,16.4,16.0,0.126,46,2.37,32.6,14.0,90.67,1.05,17.4,18.45,8.96,3.69,1,0,1,3,0,0,17,113,утверждение,9,отложенный,0,0.0,nut graf,расширенная новость,0,0.0,0,0,False,False,0,False,True,9.12,рерайт,False
Spot.uz,spot,https://www.spot.uz/ru/2026/08/07/liquefied-gas,2026-08-07T13:49:50+05:00,site,,Минэнерго Сжиженный Газ Шерзод Ходжаев Электроэнергия «Spot,351,2890,21,16.52,16.0,0.095,11,2.0,0.4,18.5,88.32,0.0,68.38,5.7,0.0,2.85,2,5,0,2,0,0,11,80,утверждение,24,фактологический,0,0.0,перевёрнутая пирамида,расширенная новость,2,5.7,0,0,False,False,0,False,True,0.42,комментарий эксперта,False
Spot.uz,spot,https://www.spot.uz/ru/2026/08/07/coal-subsidies,2026-08-07T17:04:04+05:00,site,,Социальная Поддержка Субсидии Уголь «Spot,348,2588,21,16.38,16.0,0.048,12,1.75,20.8,15.6,91.95,11.49,57.47,22.99,0.0,8.62,1,0,1,2,0,0,13,80,утверждение,22,фактологический,0,0.0,перевёрнутая пирамида,новость,0,0.0,0,1,True,False,0,False,True,0.0,работа с первоисточником,False
Spot.uz,spot,https://www.spot.uz/ru/2026/08/07/bribe-punishment,2026-08-07T18:27:11+05:00,site,,Анваржон Отаходжаев Наманган Суд «Spot,251,1686,30,7.27,2.5,0.0,7,1.43,40.2,10.0,39.84,3.98,43.82,95.62,0.0,7.97,0,2,1,2,0,0,12,75,утверждение,29,фактологический,0,0.0,разбор по пунктам,новость,2,7.97,0,0,False,False,0,False,True,0.0,комментарий эксперта,False
Podrobno.uz,podrobno,https://podrobno.uz/cat/economic/obshchepitu-turizmu-i-yuveliram-vernuli-pochti-100-milliardov-sumov-nds,2026-07-09T00:00:00+05:00,site,,,119,923,7,14.71,16.0,0.0,5,1.4,6.8,17.0,67.23,0.0,8.4,109.24,8.4,8.4,0,1,1,1,0,0,10,67,утверждение,39,фактологический,0,0.0,перевёрнутая пирамида,новость,1,8.4,0,0,False,False,0,False,False,,рерайт,False
Podrobno.uz,podrobno,https://podrobno.uz/cat/economic/uzbekistan-mozhet-privlech-do-6-4-milliarda-dollarov-chastnykh-investitsiy,2026-07-10T00:00:00+05:00,site,,,214,1584,12,16.33,15.5,0.083,5,2.4,18.8,15.9,107.48,0.0,37.38,70.09,14.02,9.35,1,0,1,1,0,0,9,70,утверждение,36,фактологический,0,0.0,перевёрнутая пирамида,новость,0,0.0,0,0,False,False,0,False,False,,рерайт,False
Podrobno.uz,podrobno,https://podrobno.uz/cat/economic/inostrannym-kinostudiyam-vernut-chast-zatrat-na-semki-v-uzbekistane,2026-07-10T00:00:00+05:00,site,,,158,1130,11,12.09,11.0,0.0,10,1.5,20.3,14.3,113.92,6.33,12.66,82.28,31.65,0.0,0,0,1,1,0,0,9,67,утверждение,28,отложенный,0,0.0,нарратив,новость,0,0.0,0,1,True,False,0,False,False,,работа с первоисточником,False
Podrobno.uz,podrobno,https://podrobno.uz/cat/politic/postupleniya-v-byudzhety-makhalley-pochti-vtroe-prevysyat-pervonachalnyy-plan,2026-07-16T00:00:00+05:00,site,,,191,1363,11,15.64,16.0,0.091,6,1.83,21.9,15.2,125.65,0.0,26.18,78.53,20.94,5.24,0,0,1,1,0,0,9,71,утверждение,25,фактологический,0,0.0,перевёрнутая пирамида,новость,0,0.0,0,0,False,False,0,False,False,,рерайт,False
Podrobno.uz,podrobno,https://podrobno.uz/cat/politic/posol-germanii-manfred-khuterer-zavershil-diplomaticheskuyu-missiyu-v-uzbekistane,2026-07-16T00:00:00+05:00,site,,,83,656,5,16.4,18.0,0.2,4,1.25,16.9,16.2,96.39,0.0,24.1,12.05,0.0,12.05,0,1,1,1,0,0,9,76,утверждение,26,отложенный,0,0.0,nut graf,новость,1,12.05,0,0,False,False,0,False,False,,рерайт,False
Podrobno.uz,podrobno,https://podrobno.uz/cat/economic/v-uzbekistane-soglasovali-sdelku-po-pokupke-50-operatora-perfectum,2026-07-16T00:00:00+05:00,site,,,208,1586,13,15.69,16.0,0.077,6,2.17,17.0,15.9,76.92,4.81,57.69,14.42,4.81,4.81,0,1,1,1,0,0,9,67,утверждение,43,фактологический,0,0.0,перевёрнутая пирамида,новость,1,4.81,0,0,False,False,0,False,False,,рерайт,False
Podrobno.uz,podrobno,https://podrobno.uz/cat/economic/octobank-zavershil-pervoe-polugodie-2026-goda-finansovym-rostom-novymi-vozmozhnostyami-i-mezhdunarod,2026-07-16T00:00:00+05:00,site,,,1394,11023,68,19.59,18.0,0.162,56,1.34,15.0,17.5,61.69,10.04,43.76,38.74,3.59,10.04,4,1,1,0,0,0,13,111,утверждение,46,фактологический,0,0.0,перевёрнутая пирамида,аналитика,0,0.0,0,0,False,False,0,False,False,,рерайт,False
Podrobno.uz,podrobno,https://podrobno.uz/cat/politic/uzbekistan-predstavit-svoe-kulturnoe-nasledie-na-krupneyshikh-mirovykh-ploshchadkakh,2026-07-17T00:00:00+05:00,site,,,437,3364,26,16.08,14.5,0.038,11,2.36,14.3,16.4,116.7,11.44,16.02,36.61,0.0,11.44,3,0,1,1,0,0,9,78,утверждение,39,отложенный,0,0.0,nut graf,расширенная новость,0,0.0,0,1,True,False,0,False,False,,работа с первоисточником,False
Podrobno.uz,podrobno,https://podrobno.uz/cat/politic/prezident-uzbekistana-prinyal-glavu-minekonomiki-azerbaydzhana-mikaila-dzhabbarova,2026-07-17T00:00:00+05:00,site,,,160,1366,9,17.22,17.0,0.111,4,2.25,-12.9,20.6,125.0,6.25,31.25,18.75,12.5,6.25,0,1,0,0,0,0,8,79,утверждение,39,фактологический,0,0.0,перевёрнутая пирамида,новость,0,0.0,0,0,False,False,0,False,False,,рерайт,False
Podrobno.uz,podrobno,https://podrobno.uz/cat/politic/rustam-dzhuraev-vozglavil-gosudarstvennuyu-sluzhbu-bezopasnosti-prezidenta,2026-07-18T00:00:00+05:00,site,,,82,743,8,10.0,8.5,0.0,5,1.6,-2.2,16.8,134.15,12.2,85.37,12.2,0.0,12.2,0,1,2,0,0,0,7,71,утверждение,28,отложенный,0,0.0,nut graf,новость,0,0.0,0,0,False,False,0,False,False,,рерайт,False
Podrobno.uz,podrobno,https://podrobno.uz/cat/politic/uzbekistan-i-katar-rasshiryat-sotrudnichestvo-v-ekonomike-energetike-i-logistike,2026-07-20T00:00:00+05:00,site,,,125,991,9,13.89,15.0,0.0,5,1.8,16.2,15.5,104.0,24.0,24.0,0.0,0.0,0.0,0,0,1,1,0,0,10,78,утверждение,37,отложенный,0,0.0,нарратив,новость,0,0.0,0,0,False,False,0,False,False,,рерайт,False
Podrobno.uz,podrobno,https://podrobno.uz/cat/politic/shavkat-mirziyeev-prinyal-delegatsiyu-belarusi-vo-glave-s-vitse-premerom-viktorom-karankevichem,2026-07-20T00:00:00+05:00,site,,,136,1171,8,16.62,17.5,0.0,4,2.0,-14.1,20.6,117.65,7.35,44.12,29.41,0.0,14.71,0,2,0,0,0,0,11,89,утверждение,20,фактологический,0,0.0,перевёрнутая пирамида,новость,0,0.0,0,0,False,False,0,False,False,,рерайт,False
Podrobno.uz,podrobno,https://podrobno.uz/cat/economic/shavkat-mirziyeev-poruchil-razdelit-funktsii-proizvodstva-i-postavki-pitevoy-vody,2026-07-20T00:00:00+05:00,site,,,282,2282,15,18.2,19.0,0.133,5,3.0,-3.1,19.5,117.02,21.28,63.83,24.82,7.09,10.64,0,0,0,0,0,0,10,79,утверждение,45,отложенный,0,0.0,nut graf,новость,0,0.0,0,0,False,False,0,False,False,,рерайт,False
Podrobno.uz,podrobno,https://podrobno.uz/cat/politic/zamkhokima-bukharskoy-oblasti-lishilsya-dolzhnosti-za-proval-po-nalogam,2026-07-21T00:00:00+05:00,site,,,215,1579,13,15.62,15.0,0.077,8,1.62,17.2,15.9,111.63,4.65,27.91,46.51,9.3,4.65,1,1,1,1,0,0,9,66,утверждение,37,отложенный,0,0.0,nut graf,новость,0,0.0,0,0,False,False,0,False,False,,рерайт,False
Podrobno.uz,podrobno,https://podrobno.uz/cat/politic/prezident-raskritikoval-rabotu-bankov-na-mestakh-i-prigrozil-kadrovymi-resheniyami,2026-07-21T00:00:00+05:00,site,,,132,1009,8,16.25,16.5,0.0,5,1.6,22.1,15.4,136.36,0.0,60.61,7.58,7.58,0.0,0,2,1,1,0,0,10,79,утверждение,30,фактологический,0,0.0,перевёрнутая пирамида,новость,2,15.15,0,0,False,False,0,False,False,,комментарий эксперта,False
Podrobno.uz,podrobno,https://podrobno.uz/cat/economic/v-uzbekistane-gotovyat-sokrashchenie-shtrafov-dlya-biznesa-i-novuyu-volnu-privatizatsii,2026-07-21T00:00:00+05:00,site,,,276,2248,17,15.24,15.0,0.059,5,3.4,1.6,17.9,105.07,3.62,43.48,61.59,3.62,3.62,0,1,1,0,0,0,11,79,утверждение,36,отложенный,0,0.0,nut graf,новость,1,3.62,0,1,True,False,0,False,False,,собственный сбор,False
Podrobno.uz,podrobno,https://podrobno.uz/cat/economic/ekonomika-uzbekistana-vyrosla-na-8-5-shavkat-mirziyeev-potreboval-uskorit-razvitie-regionov,2026-07-21T00:00:00+05:00,site,,,320,2504,20,14.55,13.0,0.1,6,3.33,3.3,17.5,118.75,6.25,50.0,65.62,21.88,6.25,3,2,1,0,0,0,12,93,утверждение,25,отложенный,0,0.0,nut graf,новость,2,6.25,0,1,True,False,0,False,False,,собственный сбор,False
Podrobno.uz,podrobno,https://podrobno.uz/cat/politic/v-yangikhaetskom-rayone-tashkenta-postroyat-novyy-zavod-po-proizvodstvu-spetstekhniki,2026-07-22T00:00:00+05:00,site,,,196,1567,13,14.23,13.0,0.0,6,2.17,7.4,16.8,102.04,10.2,20.41,56.12,0.0,0.0,2,0,1,1,0,0,10,79,утверждение,17,отложенный,0,0.0,nut graf,новость,0,0.0,0,1,True,False,0,False,False,,работа с первоисточником,False
Podrobno.uz,podrobno,https://podrobno.uz/cat/politic/v-uzbekistane-nachal-rabotu-novyy-posol-pakistana,2026-07-22T00:00:00+05:00,site,,,121,1003,7,17.29,20.0,0.0,4,1.75,1.6,18.6,82.64,0.0,41.32,0.0,0.0,0.0,0,1,1,1,0,0,7,48,утверждение,37,отложенный,0,0.0,nut graf,новость,1,8.26,0,0,False,False,0,False,False,,рерайт,False
Podrobno.uz,podrobno,https://podrobno.uz/cat/economic/v-tashkente-sostoyalos-torzhestvennoe-otkrytie-proizvodstvennogo-kompleksa-damira-beverages-enterpri,2026-07-22T00:00:00+05:00,site,,,596,5248,35,16.69,16.0,0.143,20,1.85,-8.1,19.8,80.54,13.42,50.34,8.39,1.68,0.0,3,3,1,0,0,0,11,107,утверждение,15,отложенный,0,0.0,nut graf,расширенная новость,3,5.03,0,0,False,False,0,False,False,,комментарий эксперта,False
Podrobno.uz,podrobno,https://podrobno.uz/cat/economic/tashkent-narastil-investitsii-v-poltora-raza-i-stal-liderom-po-rostu-ekonomiki,2026-07-22T00:00:00+05:00,site,,,267,1967,16,14.94,16.0,0.062,9,1.78,17.9,15.6,116.1,0.0,14.98,71.16,18.73,3.75,0,0,1,1,0,0,12,76,утверждение,42,фактологический,0,0.0,перевёрнутая пирамида,новость,0,0.0,0,0,False,False,0,False,False,,рерайт,False
Podrobno.uz,podrobno,https://podrobno.uz/cat/economic/belorusskiy-maz-rasshirit-privlechenie-spetsialistov-iz-uzbekistana,2026-07-22T00:00:00+05:00,site,,,145,1218,10,14.1,14.5,0.0,5,2.0,-5.0,18.5,75.86,0.0,27.59,20.69,0.0,0.0,0,0,1,1,0,0,7,64,утверждение,34,фактологический,0,0.0,перевёрнутая пирамида,новость,0,0.0,0,0,False,False,0,False,False,,рерайт,False
Podrobno.uz,podrobno,https://podrobno.uz/cat/politic/prezident-nazval-tashkentskuyu-oblast-odnoy-iz-glavnykh-opor-ekonomiki-respubliki,2026-07-23T00:00:00+05:00,site,,,241,1878,14,16.5,16.0,0.143,4,3.5,15.8,16.4,103.73,8.3,20.75,37.34,4.15,4.15,3,0,1,0,0,0,10,79,утверждение,34,фактологический,0,0.0,перевёрнутая пирамида,новость,0,0.0,0,1,True,False,0,False,False,,работа с первоисточником,False
Podrobno.uz,podrobno,https://podrobno.uz/cat/economic/v-bukharskoy-oblasti-otkroyut-pervoe-v-uzbekistane-proizvodstvo-khimicheskikh-dobavok-dlya-dorog,2026-07-23T00:00:00+05:00,site,,,187,1491,13,14.15,13.0,0.0,6,2.17,16.6,15.5,117.65,5.35,21.39,21.39,0.0,0.0,0,0,1,1,0,0,12,90,утверждение,33,отложенный,0,0.0,nut graf,новость,0,0.0,0,0,False,False,0,False,False,,рерайт,False
Podrobno.uz,podrobno,https://podrobno.uz/cat/economic/uzbekistan-stal-mirovym-liderom-po-tempam-rosta-venchurnykh-investitsiy,2026-07-23T00:00:00+05:00,site,,,204,1578,11,17.36,16.0,0.091,6,1.83,16.9,16.5,98.04,0.0,4.9,49.02,29.41,4.9,0,1,0,0,0,0,9,68,утверждение,32,фактологический,0,0.0,перевёрнутая пирамида,новость,0,0.0,0,0,False,False,0,False,False,,рерайт,False
Podrobno.uz,podrobno,https://podrobno.uz/cat/economic/pochemu-ot-privychnogo-odnoprotsentnogo-keshbeka-khotyat-otkazatsya-imenno-seychas-i-chto-predlagayu,2026-07-23T00:00:00+05:00,site,,,1017,7959,55,17.96,17.0,0.182,25,2.2,11.5,17.4,108.16,0.98,25.57,20.65,5.9,5.9,0,0,0,0,0,0,13,99,how-to,83,отложенный,0,0.0,нарратив,аналитика,0,0.0,0,0,False,False,0,False,False,,рерайт,False
Podrobno.uz,podrobno,https://podrobno.uz/cat/politic/kto-pozdravil-shavkata-mirziyeeva-s-dnem-rozhdeniya-i-kakie-pozhelaniya-emu-peredali-zarubezhnye-lid,2026-07-24T00:00:00+05:00,site,,,1231,10651,76,16.09,15.0,0.066,54,1.41,-9.1,19.7,95.04,2.44,52.8,5.69,0.0,2.44,1,12,14,0,0,0,14,96,утверждение,45,отложенный,0,0.0,нарратив,аналитика,2,1.62,0,14,True,False,0,False,False,,собственный сбор,False
Podrobno.uz,podrobno,https://podrobno.uz/cat/politic/glava-mid-uzbekistana-obsudil-s-kollegoy-iz-irana-situatsiyu-na-blizhnem-vostoke,2026-07-24T00:00:00+05:00,site,,,139,1185,9,15.33,13.0,0.111,5,1.8,-0.4,18.3,57.55,7.19,64.75,7.19,0.0,0.0,0,0,1,1,0,0,12,77,утверждение,34,отложенный,0,0.0,нарратив,новость,0,0.0,0,0,False,False,0,False,False,,рерайт,False
Podrobno.uz,podrobno,https://podrobno.uz/cat/economic/v-minyuste-predupredili-o-vozmozhnom-roste-tsen-na-zhile-iz-za-eskrou-schetov,2026-07-27T00:00:00+05:00,site,,,162,1350,12,13.33,13.0,0.0,4,3.0,5.8,16.7,135.8,12.35,61.73,6.17,12.35,0.0,0,3,1,0,0,0,11,73,утверждение,36,фактологический,0,0.0,перевёрнутая пирамида,новость,2,12.35,0,0,False,False,0,False,False,,комментарий эксперта,False
Podrobno.uz,podrobno,https://podrobno.uz/cat/economic/uzbekistan-i-afganistan-namereny-uvelichit-tovarooborot-do-5-milliardov-dollarov,2026-07-27T00:00:00+05:00,site,,,162,1358,10,15.9,14.5,0.1,6,1.67,4.0,17.8,104.94,0.0,30.86,18.52,0.0,0.0,0,1,1,1,0,0,10,80,утверждение,34,фактологический,0,0.0,перевёрнутая пирамида,новость,1,6.17,0,0,False,False,0,False,False,,рерайт,False
Podrobno.uz,podrobno,https://podrobno.uz/cat/obchestvo/ostavsheysya-bez-sredstv-seme-s-tremya-detmi-pomogli-vernutsya-iz-rossii-v-uzbekistan,2026-07-28T00:00:00+05:00,site,,,135,1021,10,13.1,14.0,0.0,4,2.5,25.1,14.0,74.07,0.0,22.22,7.41,0.0,7.41,0,1,1,1,0,0,13,84,утверждение,34,отложенный,0,0.0,nut graf,новость,0,0.0,0,0,False,False,0,False,False,,рерайт,False
Podrobno.uz,podrobno,https://podrobno.uz/cat/proisshestviya/skonchalsya-voditel-chevrolet-onix-postradavshiy-v-rezonansnom-dtp-s-patrulnymi-mototsiklami,2026-07-29T00:00:00+05:00,site,,,187,1433,15,12.2,12.0,0.067,7,2.14,25.8,13.6,53.48,5.35,37.43,32.09,0.0,16.04,0,1,1,1,0,0,11,91,утверждение,31,отложенный,0,0.0,nut graf,новость,0,0.0,0,0,False,False,0,False,False,,рерайт,False
Podrobno.uz,podrobno,https://podrobno.uz/cat/economic/zolotaya-korona-v-uzbekistane-mozhet-vozobnovit-rabotu-cherez-novogo-operatora-uzhe-so-sleduyushchey,2026-07-29T00:00:00+05:00,site,,,209,1533,13,15.62,15.0,0.077,6,2.17,23.1,15.1,105.26,0.0,9.57,19.14,4.78,4.78,2,5,1,0,0,0,14,102,утверждение,49,отложенный,0,0.0,nut graf,новость,4,19.14,0,0,False,False,0,False,False,,комментарий эксперта,False
Podrobno.uz,podrobno,https://podrobno.uz/cat/proisshestviya/v-uzbekistane-bortsa-oshtrafovali-za-publikatsiyu-s-prizyvom-k-nasiliyu-nad-zhenoy-video,2026-07-30T00:00:00+05:00,site,,,197,1435,15,12.93,13.0,0.067,5,3.0,29.9,13.3,65.99,5.08,35.53,15.23,0.0,0.0,2,3,1,0,0,0,13,83,утверждение,37,фактологический,0,0.0,перевёрнутая пирамида,новость,2,10.15,0,0,False,False,0,False,False,,комментарий эксперта,False
Podrobno.uz,podrobno,https://podrobno.uz/cat/proisshestviya/v-samarkandskoy-oblasti-chinovnik-ses-prodaval-sanitarnye-zaklyucheniya-,2026-07-30T00:00:00+05:00,site,,,145,1183,12,11.67,13.0,0.0,6,2.0,4.9,16.3,41.38,6.9,48.28,34.48,0.0,0.0,0,3,1,1,0,0,8,68,утверждение,33,фактологический,0,0.0,перевёрнутая пирамида,новость,0,0.0,0,0,False,False,0,False,False,,рерайт,False
Podrobno.uz,podrobno,https://podrobno.uz/cat/proisshestviya/na-granitse-kyrgyzstana-i-uzbekistana-nashli-podzemnyy-tunnel-kotoryy-mogli-ispolzovat-kontrabandist,2026-07-30T00:00:00+05:00,site,,,122,979,11,10.82,9.0,0.0,5,2.2,20.6,13.9,139.34,0.0,49.18,16.39,0.0,0.0,0,1,1,1,0,0,12,103,утверждение,30,отложенный,0,0.0,nut graf,новость,1,8.2,0,0,False,False,0,False,False,,рерайт,False
Podrobno.uz,podrobno,https://podrobno.uz/cat/politic/uzbekistan-i-kyrgyzstan-zaklyuchili-dogovor-o-soyuznichestve-i-uregulirovali-ryad-dvustoronnikh-vopr,2026-07-30T00:00:00+05:00,site,,,182,1572,9,20.0,14.0,0.444,6,1.5,-9.8,21.1,71.43,0.0,65.93,0.0,0.0,0.0,1,0,1,0,0,0,12,98,утверждение,40,отложенный,0,0.0,нарратив,новость,0,0.0,0,1,True,False,0,False,False,,работа с первоисточником,False
Podrobno.uz,podrobno,https://podrobno.uz/cat/economic/v-uzbekistane-predlozhili-vvesti-nalog-na-dokhody-po-bankovskim-depozitam,2026-07-30T00:00:00+05:00,site,,,470,3374,21,20.76,20.0,0.286,10,2.1,14.6,17.9,91.49,0.0,27.66,36.17,27.66,4.26,0,2,2,0,0,0,10,71,утверждение,62,фактологический,0,0.0,перевёрнутая пирамида,расширенная новость,0,0.0,0,0,False,False,0,False,False,,рерайт,False
Podrobno.uz,podrobno,https://podrobno.uz/cat/economic/chto-izmenilos-posle-zapuska-uzqr-i-pochemu-vokrug-nego-mnogo-voprosov,2026-07-30T00:00:00+05:00,site,,,1286,9628,77,16.42,15.0,0.117,33,2.33,22.6,15.4,87.09,3.89,24.88,5.44,1.56,3.89,7,13,0,1,0,0,11,70,вопрос,70,фактологический,0,0.0,перевёрнутая пирамида,расширенная новость,10,7.78,0,0,False,False,0,False,False,,комментарий эксперта,False
Podrobno.uz,podrobno,https://podrobno.uz/cat/economic/antikorruptsionnye-proverki-v-gosorganakh-vyyavili-finansovye-narusheniya-pochti-na-2-trilliona-sumo,2026-07-30T00:00:00+05:00,site,,,197,1547,14,13.0,13.5,0.0,6,2.33,2.4,17.1,91.37,15.23,65.99,65.99,5.08,5.08,0,0,0,1,0,0,12,95,утверждение,46,фактологический,0,0.0,перевёрнутая пирамида,новость,0,0.0,0,0,False,False,0,False,False,,рерайт,False
Podrobno.uz,podrobno,https://podrobno.uz/cat/proisshestviya/v-ufe-grazhdanin-uzbekistana-utonul-v-reke-s-silnym-techeniem,2026-07-31T00:00:00+05:00,site,,,170,1117,12,13.5,14.0,0.083,5,2.4,45.0,11.3,76.47,5.88,11.76,35.29,0.0,5.88,0,2,0,0,0,0,10,60,утверждение,26,отложенный,0,0.0,nut graf,новость,2,11.76,0,0,False,False,0,False,False,,комментарий эксперта,False
Podrobno.uz,podrobno,https://podrobno.uz/cat/proisshestviya/v-fergane-muzhchinu-prigovorili-k-11-godam-za-popytku-prodat-kilogramm-gashisha-video-,2026-07-31T00:00:00+05:00,site,,,217,1590,14,15.29,16.5,0.071,7,2.0,30.0,14.0,27.65,4.61,32.26,23.04,0.0,0.0,0,2,1,1,0,0,13,83,утверждение,31,фактологический,0,0.0,перевёрнутая пирамида,новость,2,9.22,0,0,False,False,0,False,False,,комментарий эксперта,False
Podrobno.uz,podrobno,https://podrobno.uz/cat/proisshestviya/v-andizhane-presekli-nezakonnuyu-prodazhu-zemli-iz-gosrezerva-za-desyatki-tysyach-dollarov,2026-07-31T00:00:00+05:00,site,,,169,1301,12,13.75,14.5,0.0,6,2.0,21.0,14.8,65.09,0.0,29.59,29.59,0.0,0.0,1,1,1,1,0,0,12,84,утверждение,33,отложенный,0,0.0,nut graf,новость,1,5.92,0,0,False,False,0,False,False,,рерайт,False
Podrobno.uz,podrobno,https://podrobno.uz/cat/politic/mirziyeev-prizval-prevratit-tsentralnuyu-aziyu-v-edinoe-prostranstvo-razvitiya,2026-07-31T00:00:00+05:00,site,,,266,2294,15,17.73,18.0,0.133,8,1.88,-5.1,19.7,86.47,3.76,60.15,0.0,0.0,0.0,0,7,1,0,0,0,9,75,утверждение,46,фактологический,0,0.0,перевёрнутая пирамида,новость,5,18.8,0,1,True,False,0,False,False,,собственный сбор,False
Podrobno.uz,podrobno,https://podrobno.uz/cat/world/v-ssha-muzhchine-grozit-pyat-let-tyurmy-za-udalenie-dannykh-s-telefona-na-tamozhne,2026-08-01T00:00:00+05:00,site,,,246,1910,16,15.31,13.0,0.188,8,2.0,15.0,16.1,105.69,4.07,48.78,0.0,0.0,0.0,0,0,1,0,0,0,14,77,утверждение,42,отложенный,0,0.0,нарратив,новость,0,0.0,0,0,False,False,0,False,False,,рерайт,False
Podrobno.uz,podrobno,https://podrobno.uz/cat/world/ispaniya-usilila-okhranu-granitsy-posle-massovogo-proryva-migrantov-iz-marokko-video,2026-08-01T00:00:00+05:00,site,,,312,2418,19,16.16,16.0,0.105,9,2.11,13.8,16.5,60.9,3.21,38.46,12.82,0.0,0.0,2,4,0,0,0,0,11,82,утверждение,44,фактологический,0,0.0,перевёрнутая пирамида,новость,0,0.0,0,0,False,False,0,False,False,,рерайт,False
Podrobno.uz,podrobno,https://podrobno.uz/cat/sport/futbolnomu-klubu-bunyedkor-vydelili-5-milliardov-sumov-,2026-08-01T00:00:00+05:00,site,,,293,2219,15,19.0,20.0,0.2,8,1.88,14.7,17.3,68.26,6.83,47.78,34.13,0.0,20.48,9,3,1,2,0,0,7,56,утверждение,29,фактологический,0,0.0,перевёрнутая пирамида,новость,1,3.41,0,0,False,False,0,False,False,,рерайт,False
Podrobno.uz,podrobno,https://podrobno.uz/cat/politic/shavkat-mirziyeev-posetil-pervyy-v-tsentralnoy-azii-etap-chempionata-mira-po-formule-1-na-vode,2026-08-01T00:00:00+05:00,site,,,135,1100,11,12.55,13.0,0.0,5,2.2,19.4,14.6,148.15,22.22,7.41,14.81,0.0,0.0,1,0,1,1,0,0,14,93,утверждение,33,отложенный,0,0.0,nut graf,новость,0,0.0,0,1,True,False,0,False,False,,работа с первоисточником,False
Podrobno.uz,podrobno,https://podrobno.uz/cat/obchestvo/vlasti-tashkenta-vzyalis-za-sozdanie-priyuta-dlya-bezdomnykh-sobak-posle-gromkikh-sluchaev-zhestok,2026-08-01T00:00:00+05:00,site,,,189,1509,12,15.75,16.5,0.083,6,2.0,6.1,17.5,79.37,0.0,42.33,0.0,0.0,0.0,0,2,1,1,0,0,13,95,утверждение,39,отложенный,0,0.0,nut graf,новость,1,5.29,0,0,False,False,0,False,False,,рерайт,False
Podrobno.uz,podrobno,https://podrobno.uz/cat/obchestvo/vladeltsev-sobak-i-koshek-v-uzbekistane-obyazhut-chipirovat-pitomtsev,2026-08-01T00:00:00+05:00,site,,,221,1650,16,13.25,13.5,0.062,7,2.29,17.5,15.1,144.8,0.0,31.67,27.15,0.0,18.1,0,0,1,0,0,0,9,65,утверждение,40,фактологический,0,0.0,перевёрнутая пирамида,новость,0,0.0,0,1,True,False,0,False,False,,работа с первоисточником,False
Podrobno.uz,podrobno,https://podrobno.uz/cat/obchestvo/v-uzbekistane-startoval-priem-zayavok-na-mesta-v-studencheskikh-obshchezhitiyakh,2026-08-01T00:00:00+05:00,site,,,178,1289,12,13.42,13.5,0.083,11,1.36,16.6,15.3,140.45,0.0,44.94,50.56,16.85,5.62,0,0,2,1,0,0,10,71,утверждение,24,фактологический,0,0.0,перевёрнутая пирамида,новость,0,0.0,0,2,True,False,0,False,False,,работа с первоисточником,False
Podrobno.uz,podrobno,https://podrobno.uz/cat/obchestvo/v-tashkente-proydut-masshtabnye-reydy-po-vyyavleniyu-khishcheniy-elektroenergii-i-gaza,2026-08-01T00:00:00+05:00,site,,,171,1422,10,17.0,17.0,0.1,6,1.67,1.3,18.6,81.87,17.54,70.18,5.85,0.0,0.0,2,2,0,1,0,0,11,78,утверждение,38,отложенный,0,0.0,nut graf,новость,2,11.7,0,0,False,False,0,False,False,,комментарий эксперта,False
Podrobno.uz,podrobno,https://podrobno.uz/cat/proisshestviya/v-tashkente-vozbudili-ugolovnoe-delo-posle-obrusheniya-kotlovana-vozle-zhilogo-doma,2026-08-03T00:00:00+05:00,site,,,237,1935,17,13.88,12.0,0.118,9,1.89,7.7,16.7,118.14,4.22,75.95,8.44,0.0,4.22,0,3,0,1,0,0,11,79,утверждение,23,отложенный,0,0.0,nut graf,репортаж,3,12.66,0,0,False,False,0,False,False,,собственный сбор,False
Podrobno.uz,podrobno,https://podrobno.uz/cat/proisshestviya/v-tashkente-na-stroyke-ryadom-s-zhilymi-domami-obrushilsya-kotlovan-est-postradavshiy-video,2026-08-03T00:00:00+05:00,site,,,332,2547,23,14.13,12.0,0.13,9,2.56,18.7,15.2,123.49,6.02,24.1,12.05,0.0,3.01,0,1,1,1,0,0,13,88,утверждение,30,отложенный,0,0.0,nut graf,новость,1,3.01,0,0,False,False,0,False,False,,рерайт,False
Podrobno.uz,podrobno,https://podrobno.uz/cat/proisshestviya/uzbekistantsa-razyskivaemogo-za-moshennichestvo-vernuli-iz-za-rubezha,2026-08-03T00:00:00+05:00,site,,,150,1237,12,12.5,10.0,0.083,6,2.0,8.7,16.1,100.0,6.67,46.67,0.0,0.0,0.0,0,2,1,1,0,0,7,67,утверждение,25,отложенный,0,0.0,nut graf,новость,1,6.67,0,1,True,False,0,False,False,,собственный сбор,False
Podrobno.uz,podrobno,https://podrobno.uz/cat/politic/inklyuzivnoe-obrazovanie-pomoshch-bezdomnym-i-tsifrovye-lgoty-chto-izmenitsya-v-sisteme-sotszashchit,2026-08-03T00:00:00+05:00,site,,,445,3347,30,14.27,12.5,0.1,12,2.5,19.4,15.2,123.6,2.25,49.44,29.21,0.0,11.24,0,0,1,1,0,0,13,106,утверждение,42,отложенный,0,0.0,nut graf,объяснитель,0,0.0,0,1,True,False,0,False,False,,работа с первоисточником,False
Podrobno.uz,podrobno,https://podrobno.uz/cat/sport/v-fifa-nazvali-vydumkoy-informatsiyu-o-popytkakh-infantino-svyazatsya-s-vlastyami-ssha,2026-08-04T00:00:00+05:00,site,,,214,1563,12,17.5,17.5,0.167,4,3.0,23.0,15.7,70.09,4.67,28.04,18.69,4.67,0.0,1,6,0,0,0,0,12,80,утверждение,34,отложенный,0,0.0,nut graf,новость,3,14.02,0,0,False,False,0,False,False,,комментарий эксперта,False
Podrobno.uz,podrobno,https://podrobno.uz/cat/proisshestviya/za-obrushenie-puteprovoda-na-ulitse-temura-malika-v-tashkente-osuzhdeny-shest-chelovek,2026-08-04T00:00:00+05:00,site,,,229,1665,17,12.53,10.0,0.118,7,2.43,27.7,13.4,100.44,0.0,34.93,61.14,0.0,8.73,1,2,0,1,0,0,12,81,утверждение,36,отложенный,0,0.0,nut graf,новость,1,4.37,0,0,False,False,0,False,False,,рерайт,False
Podrobno.uz,podrobno,https://podrobno.uz/cat/proisshestviya/v-surkhandare-mat-prigovorili-k-3-5-godam-lisheniya-svobody-za-popytku-prodat-syna,2026-08-04T00:00:00+05:00,site,,,223,1607,13,16.08,16.0,0.077,5,2.6,21.7,15.4,53.81,4.48,49.33,67.26,0.0,17.94,0,4,0,0,0,0,13,82,утверждение,36,фактологический,0,0.0,перевёрнутая пирамида,новость,2,8.97,0,0,False,False,0,False,False,,комментарий эксперта,False
Podrobno.uz,podrobno,https://podrobno.uz/cat/politic/v-uzbekistane-opredelyat-status-administratsii-prezidenta-otdelnym-zakonom,2026-08-04T00:00:00+05:00,site,,,236,2162,14,16.86,16.0,0.071,11,1.27,-22.4,21.8,161.02,4.24,59.32,0.0,0.0,0.0,0,1,0,0,0,0,8,73,утверждение,31,отложенный,0,0.0,нарратив,новость,1,4.24,0,0,False,False,0,False,False,,рерайт,False
Podrobno.uz,podrobno,https://podrobno.uz/cat/politic/byvshiy-zamglavy-gorodskoy-izbiratelnoy-komissii-stal-sovetnikom-khokima-tashkenta,2026-08-04T00:00:00+05:00,site,,,72,633,6,11.83,11.0,0.0,3,2.0,-3.2,17.5,97.22,0.0,55.56,27.78,0.0,13.89,0,0,1,0,0,0,9,80,утверждение,27,отложенный,0,0.0,nut graf,новость,0,0.0,0,0,False,False,0,False,False,,рерайт,False
Podrobno.uz,podrobno,https://podrobno.uz/cat/proisshestviya/medsestru-iz-tashkenta-zapodozrili-v-serii-krazh-u-patsientov-bolnits-v-ferganskoy-oblasti-video,2026-08-05T00:00:00+05:00,site,,,165,1260,13,12.38,12.0,0.077,7,1.86,20.1,14.4,66.67,0.0,24.24,24.24,0.0,0.0,0,2,1,1,0,0,14,94,утверждение,34,фактологический,0,0.0,перевёрнутая пирамида,новость,2,12.12,0,0,False,False,0,False,False,,комментарий эксперта,False
Podrobno.uz,podrobno,https://podrobno.uz/cat/proisshestviya/genkonsulstvo-uzbekistana-dobilos-resheniya-ob-otkaze-v-ugolovnom-dele-protiv-sootechestvennitsy,2026-08-05T00:00:00+05:00,site,,,141,1126,8,17.25,16.5,0.125,4,2.0,2.4,18.5,85.11,28.37,35.46,21.28,0.0,14.18,0,1,0,1,0,0,11,94,утверждение,28,отложенный,0,0.0,nut graf,новость,0,0.0,0,0,False,False,0,False,False,,рерайт,False
Podrobno.uz,podrobno,https://podrobno.uz/cat/podrobno/v-bukhare-sozdadut-novyy-turisticheskiy-kompleks-malenkiy-turkmenistan,2026-08-05T00:00:00+05:00,site,,,181,1551,11,16.45,16.0,0.182,5,2.2,2.2,18.3,165.75,0.0,33.15,0.0,0.0,0.0,1,0,1,1,0,0,8,71,утверждение,39,отложенный,0,0.0,нарратив,новость,0,0.0,0,0,False,False,0,False,False,,рерайт,False
Podrobno.uz,podrobno,https://podrobno.uz/cat/obchestvo/v-uzbekistane-predlozhili-sertifitsirovat-chastnye-uchebnye-tsentry,2026-08-05T00:00:00+05:00,site,,,225,1741,15,14.73,16.0,0.067,8,1.88,16.6,15.7,93.33,0.0,44.44,13.33,4.44,0.0,0,0,1,1,0,0,7,63,утверждение,32,отложенный,0,0.0,nut graf,новость,0,0.0,0,0,False,False,0,False,False,,пресс-релиз без обработки,False
Podrobno.uz,podrobno,https://podrobno.uz/cat/obchestvo/v-stambule-uchastilis-krazhi-u-turistov-uzbekistantsev-prizvali-k-ostorozhnosti,2026-08-05T00:00:00+05:00,site,,,185,1410,9,20.44,21.0,0.333,6,1.5,16.0,17.6,97.3,0.0,54.05,0.0,0.0,0.0,0,5,1,1,0,0,10,77,утверждение,35,фактологический,0,0.0,перевёрнутая пирамида,новость,2,10.81,0,0,False,False,0,False,False,,комментарий эксперта,False
Podrobno.uz,podrobno,https://podrobno.uz/cat/obchestvo/tashkent-poluchil-eshche-desyat-kitayskikh-elektrobusov,2026-08-05T00:00:00+05:00,site,,,119,1020,10,11.6,12.5,0.0,6,1.67,5.8,16.2,134.45,0.0,33.61,16.81,0.0,0.0,0,1,1,1,0,0,6,49,утверждение,14,отложенный,0,0.0,nut graf,новость,0,0.0,0,1,True,False,0,False,False,,работа с первоисточником,False
Podrobno.uz,podrobno,https://podrobno.uz/cat/obchestvo/smi-u-novoy-glavy-verkhovnogo-suda-srazu-pyat-rodstvennikov-rabotayut-v-sudebnoy-sisteme,2026-08-05T00:00:00+05:00,site,,,253,2071,9,27.89,27.0,0.556,4,2.25,-7.1,23.2,98.81,7.91,39.53,7.91,0.0,7.91,1,1,1,1,0,0,13,87,утверждение,69,фактологический,0,0.0,перевёрнутая пирамида,новость,1,3.95,0,0,False,False,0,False,False,,рерайт,False
Podrobno.uz,podrobno,https://podrobno.uz/cat/economic/na-razvitie-zhivotnovodstva-v-uzbekistane-napravyat-bolee-460-millionov-dollarov,2026-08-05T00:00:00+05:00,site,,,382,3029,20,17.95,18.5,0.3,10,2.0,4.9,18.4,120.42,13.09,47.12,62.83,0.0,5.24,0,0,1,1,0,0,10,78,утверждение,35,фактологический,0,0.0,перевёрнутая пирамида,расширенная новость,0,0.0,0,1,True,False,0,False,False,,работа с первоисточником,False
Podrobno.uz,podrobno,https://podrobno.uz/cat/world/rastenie-khishchnik-spustya-150-let-podtverdilo-pravotu-darvina-,2026-08-06T00:00:00+05:00,site,,,258,2009,17,15.0,15.0,0.0,6,2.83,13.4,16.2,108.53,0.0,42.64,7.75,0.0,0.0,0,0,1,1,0,0,7,58,утверждение,43,фактологический,0,0.0,перевёрнутая пирамида,новость,0,0.0,0,0,False,False,0,False,False,,рерайт,False
Podrobno.uz,podrobno,https://podrobno.uz/cat/world/agent-fbr-ukral-pochti-million-dollarov-i-sprosil-u-chatgpt-kak-imi-rasporyaditsya,2026-08-06T00:00:00+05:00,site,,,237,1807,13,18.0,19.0,0.154,5,2.6,16.5,16.7,50.63,0.0,50.63,12.66,0.0,0.0,2,5,1,0,0,0,13,80,утверждение,60,фактологический,0,0.0,перевёрнутая пирамида,новость,0,0.0,0,0,False,False,0,False,False,,рерайт,False
Podrobno.uz,podrobno,https://podrobno.uz/cat/proisshestviya/v-navoiyskoy-oblasti-presekli-popytku-sbyta-pochti-trekh-kilogrammov-opiya,2026-08-06T00:00:00+05:00,site,,,140,1130,12,11.42,11.5,0.0,6,2.0,17.8,14.5,85.71,0.0,21.43,28.57,0.0,0.0,0,1,1,1,0,0,10,71,утверждение,34,фактологический,0,0.0,перевёрнутая пирамида,новость,0,0.0,0,0,False,False,0,False,False,,рерайт,False
Podrobno.uz,podrobno,https://podrobno.uz/cat/politic/v-senate-dali-start-mesyachniku-tseley-ustoychivogo-razvitiya,2026-08-06T00:00:00+05:00,site,,,209,1554,12,15.42,16.0,0.083,8,1.5,10.7,16.7,95.69,9.57,33.49,95.69,57.42,14.35,2,0,1,0,0,0,8,56,утверждение,24,отложенный,0,0.0,нарратив,новость,0,0.0,0,1,True,False,0,False,False,,работа с первоисточником,False
Podrobno.uz,podrobno,https://podrobno.uz/cat/politic/mirziyeev-poruchil-podgotovit-energosistemu-uzbekistana-k-bespereboynoy-rabote-zimoy,2026-08-06T00:00:00+05:00,site,,,330,2855,19,17.26,17.0,0.158,10,1.9,-11.7,20.4,78.79,15.15,90.91,6.06,0.0,3.03,1,0,1,0,0,0,9,83,утверждение,33,отложенный,0,0.0,nut graf,новость,0,0.0,0,1,True,False,0,False,False,,работа с первоисточником,False
Podrobno.uz,podrobno,https://podrobno.uz/cat/obchestvo/zhiteli-uzbekistana-predlozhili-693-proekta-v-ramkakh-vtorogo-sezona-initsiativnogo-byudzheta,2026-08-06T00:00:00+05:00,site,,,56,441,4,12.25,12.5,0.0,3,1.33,4.5,16.6,107.14,17.86,53.57,107.14,0.0,17.86,1,0,0,0,1,0,11,89,утверждение,26,фактологический,0,0.0,перевёрнутая пирамида,новость,0,0.0,0,0,False,False,0,False,False,,рерайт,False
Podrobno.uz,podrobno,https://podrobno.uz/cat/obchestvo/zemlya-bez-auktsionov-kak-staraya-sistema-vydeleniya-uchastkov-privela-k-pochti-9-tysyacham-nezakonn,2026-08-06T00:00:00+05:00,site,,,592,4690,36,15.31,15.0,0.139,13,2.77,5.4,17.4,92.91,5.07,37.16,62.5,0.0,20.27,0,3,1,1,2,0,15,104,утверждение,67,отложенный,0,0.0,nut graf,расширенная новость,2,3.38,0,0,False,False,0,False,False,,комментарий эксперта,False
Podrobno.uz,podrobno,https://podrobno.uz/cat/obchestvo/za-polgoda-zhiteli-uzbekistana-potratili-na-meduslugi-bolee-11-trillionov-sumov,2026-08-06T00:00:00+05:00,site,,,228,1602,13,14.85,12.0,0.077,8,1.62,25.9,14.4,39.47,0.0,30.7,100.88,17.54,13.16,0,1,1,0,0,0,11,78,утверждение,28,фактологический,0,0.0,перевёрнутая пирамида,новость,1,4.39,0,0,False,False,0,False,False,,рерайт,False
Podrobno.uz,podrobno,https://podrobno.uz/cat/obchestvo/v-tashoblasti-khokim-reshil-pomechat-neukhozhennye-doma-i-makhalli-tablichkami-pozora-video,2026-08-06T00:00:00+05:00,site,,,206,1570,13,15.77,18.0,0.0,6,2.17,22.5,15.2,53.4,4.85,24.27,0.0,0.0,0.0,3,3,1,1,0,0,12,85,утверждение,39,отложенный,0,0.0,nut graf,новость,1,4.85,0,0,False,False,0,False,False,,рерайт,False
Podrobno.uz,podrobno,https://podrobno.uz/cat/obchestvo/ucell-samyy-bystryy-mobilnyy-internet-v-uzbekistane-tretiy-god-podryad,2026-08-06T00:00:00+05:00,site,,,447,3599,19,22.68,23.0,0.421,12,1.83,13.4,18.7,85.01,4.47,35.79,33.56,0.0,8.95,4,1,4,0,1,0,10,72,утверждение,42,отложенный,0,0.0,nut graf,расширенная новость,0,0.0,0,0,False,False,0,False,False,,рерайт,False
Podrobno.uz,podrobno,https://podrobno.uz/cat/obchestvo/po-zovu-serdtsa-desyatki-bezdomnykh-sobak-nashli-priyut-v-dome-zhitelnitsy-ferganskoy-oblasti,2026-08-06T00:00:00+05:00,site,,,124,933,9,13.44,11.0,0.111,5,1.8,23.5,14.3,129.03,0.0,48.39,24.19,0.0,8.06,0,1,1,1,0,0,13,88,утверждение,28,отложенный,0,0.0,nut graf,новость,1,8.06,0,0,False,False,0,False,False,,рерайт,False
Podrobno.uz,podrobno,https://podrobno.uz/cat/obchestvo/malayziya-dogovorilas-s-uzbekistanom-o-provedenii-halal-fest-v-tashkente-,2026-08-06T00:00:00+05:00,site,,,132,1164,7,18.86,20.0,0.286,5,1.4,-3.9,19.9,83.33,22.73,30.3,7.58,0.0,0.0,0,0,0,0,0,0,10,71,утверждение,32,фактологический,0,0.0,перевёрнутая пирамида,новость,0,0.0,0,0,False,False,0,False,False,,рерайт,False
Podrobno.uz,podrobno,https://podrobno.uz/cat/obchestvo/khokimiyat-tashkenta-proveril-khod-sozdaniya-zony-24-7-i-blagoustroystva-parkov,2026-08-06T00:00:00+05:00,site,,,196,1723,10,19.5,16.5,0.3,4,2.5,-15.5,21.7,107.14,15.31,91.84,10.2,0.0,0.0,0,0,0,0,1,0,10,74,утверждение,44,отложенный,0,0.0,nut graf,новость,0,0.0,0,0,False,False,0,False,False,,рерайт,False
Podrobno.uz,podrobno,https://podrobno.uz/cat/obchestvo/do-okonchaniya-priema-zayavok-na-president-ai-award-ostalos-9-dney,2026-08-06T00:00:00+05:00,site,,,212,1681,18,11.06,10.5,0.0,10,1.8,23.0,13.6,117.92,0.0,47.17,56.6,0.0,9.43,0,0,3,0,0,0,11,64,утверждение,28,фактологический,0,0.0,перевёрнутая пирамида,новость,0,0.0,0,1,True,False,0,False,False,,работа с первоисточником,False
Podrobno.uz,podrobno,https://podrobno.uz/cat/obchestvo/bolee-5-tysyach-obektov-tashkenta-pereveli-na-novuyu-sistemu-podachi-gaza,2026-08-06T00:00:00+05:00,site,,,149,1145,8,17.75,19.0,0.125,6,1.33,6.4,18.1,107.38,13.42,53.69,26.85,0.0,6.71,0,0,1,1,0,0,11,69,утверждение,56,фактологический,0,0.0,перевёрнутая пирамида,новость,0,0.0,0,0,False,False,0,False,False,,рерайт,False
Podrobno.uz,podrobno,https://podrobno.uz/cat/economic/kyrgyzstan-khochet-zakupat-u-uzbekistana-do-20-tysyach-tonn-topliva-v-mesyats-,2026-08-06T00:00:00+05:00,site,,,98,817,8,11.75,11.5,0.0,4,2.0,9.3,15.8,183.67,10.2,30.61,30.61,10.2,0.0,0,1,1,1,0,0,12,72,утверждение,34,фактологический,0,0.0,перевёрнутая пирамида,новость,1,10.2,0,0,False,False,0,False,False,,рерайт,False
Podrobno.uz,podrobno,https://podrobno.uz/cat/world/tramp-khochet-videt-vensa-sleduyushchim-prezidentom-ssha,2026-08-07T00:00:00+05:00,site,,,293,2148,17,17.12,17.0,0.118,6,2.83,29.5,14.6,95.56,0.0,13.65,6.83,0.0,6.83,2,4,1,0,0,0,7,50,утверждение,44,фактологический,0,0.0,перевёрнутая пирамида,новость,2,6.83,0,0,False,False,0,False,False,,комментарий эксперта,False
Podrobno.uz,podrobno,https://podrobno.uz/cat/proisshestviya/samovolnaya-pereplanirovka-v-mnogokvartirnom-dome-obernulas-shtrafom-dlya-zhitelya-namangana,2026-08-07T00:00:00+05:00,site,,,134,1118,9,14.78,14.0,0.0,6,1.5,7.3,17.0,59.7,0.0,29.85,7.46,0.0,0.0,0,1,1,1,0,0,10,89,утверждение,36,отложенный,0,0.0,нарратив,новость,1,7.46,0,0,False,False,0,False,False,,рерайт,False
Podrobno.uz,podrobno,https://podrobno.uz/cat/obchestvo/uzbekistantsev-nachnut-gotovit-k-sezonnoy-rabote-v-ssha-video,2026-08-07T00:00:00+05:00,site,,,123,1013,10,12.4,11.5,0.0,4,2.5,12.4,15.5,146.34,8.13,8.13,0.0,0.0,0.0,0,0,1,1,0,0,9,60,утверждение,33,отложенный,0,0.0,нарратив,новость,0,0.0,0,0,False,False,0,False,False,,рерайт,False
Podrobno.uz,podrobno,https://podrobno.uz/cat/obchestvo/vlasti-obyasnili-zachem-v-uzbekistane-vvodyat-identifikatsiyu-domashnikh-zhivotnykh,2026-08-07T00:00:00+05:00,site,,,189,1547,12,15.33,16.0,0.0,6,2.0,4.0,17.6,84.66,0.0,74.07,10.58,0.0,10.58,0,3,1,1,0,0,9,76,утверждение,49,фактологический,0,0.0,перевёрнутая пирамида,новость,2,10.58,0,0,False,False,0,False,False,,комментарий эксперта,False
Podrobno.uz,podrobno,https://podrobno.uz/cat/obchestvo/renovatsiya-v-uzbekistane-mozhno-li-vmesto-kompensatsii-potrebovat-zhile-za-granitsey,2026-08-07T00:00:00+05:00,site,,,285,2263,18,15.61,14.0,0.222,11,1.64,10.3,16.8,115.79,0.0,35.09,0.0,0.0,0.0,0,0,1,1,0,0,11,83,вопрос,35,отложенный,0,0.0,нарратив,новость,0,0.0,0,0,False,False,0,False,False,,рерайт,False
Podrobno.uz,podrobno,https://podrobno.uz/cat/obchestvo/v-ndpu-vystupili-protiv-publichnogo-poritsaniya-zhiteley-cherez-tablichki-pozora,2026-08-07T00:00:00+05:00,site,,,157,1294,8,19.5,22.5,0.0,5,1.6,-1.5,19.7,82.8,19.11,50.96,0.0,0.0,0.0,0,1,1,2,0,0,10,76,утверждение,43,отложенный,0,0.0,nut graf,новость,0,0.0,0,0,False,False,0,False,False,,рерайт,False
Podrobno.uz,podrobno,https://podrobno.uz/cat/calche/akter-matyakub-matchanov-oproverg-slukhi-o-svoey-smerti-video,2026-08-07T00:00:00+05:00,site,,,141,1039,10,13.9,13.0,0.0,5,2.0,34.0,13.0,99.29,7.09,35.46,7.09,0.0,7.09,1,5,0,1,0,0,9,59,утверждение,29,отложенный,0,0.0,nut graf,новость,2,14.18,0,0,False,False,0,False,False,,комментарий эксперта,False
Podrobno.uz,podrobno,https://podrobno.uz/cat/obchestvo/v-uzbekistane-razrabotali-dron-perekhvatchik-sposobnyy-razvivat-skorost-do-450-kilometrov-v-chas-vid,2026-08-07T00:00:00+05:00,site,,,117,921,10,11.1,11.0,0.0,5,2.0,21.9,13.8,111.11,8.55,8.55,76.92,0.0,0.0,3,1,1,1,0,0,13,103,утверждение,28,фактологический,0,0.0,перевёрнутая пирамида,новость,0,0.0,0,1,True,False,0,False,False,,работа с первоисточником,False
Podrobno.uz,podrobno,https://podrobno.uz/cat/sport/uzbekistanskaya-komanda-vyshla-v-chetvertfinal-igr-budushchego-po-fidzhital-futbolu-foto,2026-08-07T00:00:00+05:00,site,,,118,876,9,12.22,12.0,0.111,5,1.8,38.0,11.9,110.17,0.0,0.0,76.27,0.0,8.47,1,0,2,1,0,0,10,85,утверждение,32,фактологический,0,0.0,перевёрнутая пирамида,новость,0,0.0,0,0,False,False,0,False,False,,рерайт,False
Podrobno.uz,podrobno,https://podrobno.uz/cat/world/uchenik-devyatogo-klassa-ustroil-strelbu-v-shkole-tailanda-pogibli-devyat-chelovek,2026-08-07T00:00:00+05:00,site,,,278,2047,20,13.7,14.0,0.05,9,2.22,27.8,13.8,43.17,0.0,17.99,25.18,0.0,3.6,0,5,1,1,0,0,11,80,утверждение,35,фактологический,0,0.0,перевёрнутая пирамида,новость,1,3.6,0,0,False,False,0,False,False,,рерайт,False
Podrobno.uz,podrobno,https://podrobno.uz/cat/sport/opasnaya-komanda-opredelen-sostav-sbornoy-uzbekistan-na-olimpiadu-fide-v-samarkande,2026-08-07T00:00:00+05:00,site,,,303,2269,25,11.72,11.0,0.0,10,2.5,25.7,13.5,105.61,0.0,0.0,39.6,0.0,13.2,0,0,1,2,0,0,11,85,утверждение,31,фактологический,0,0.0,перевёрнутая пирамида,новость,0,0.0,0,0,False,False,0,False,False,,рерайт,False
Podrobno.uz,podrobno,https://podrobno.uz/cat/proisshestviya/v-bukhare-abiturientu-obeshchali-stat-srazu-chetverokursnikom-medvuza-za-26-millionov-sumov,2026-08-07T00:00:00+05:00,site,,,159,1205,11,14.27,15.0,0.182,5,2.2,19.8,15.1,94.34,0.0,31.45,12.58,0.0,0.0,0,2,1,1,0,0,12,87,утверждение,46,фактологический,0,0.0,перевёрнутая пирамида,новость,1,6.29,0,0,False,False,0,False,False,,рерайт,False
Podrobno.uz,podrobno,https://podrobno.uz/cat/economic/octobank-nachal-vydavat-ipotechnye-kredity-fizicheskim-litsam,2026-08-07T00:00:00+05:00,site,,,167,1107,11,12.0,11.0,0.0,8,1.38,31.9,12.7,41.92,0.0,11.98,71.86,59.88,11.98,1,1,1,0,0,0,7,58,утверждение,23,фактологический,0,0.0,перевёрнутая пирамида,новость,1,5.99,0,0,False,False,0,False,False,,рерайт,False
Podrobno.uz,podrobno,https://podrobno.uz/cat/proisshestviya/pozhar-v-kabine-gruzovika-zakonchilsya-smertelnym-dtp-v-samarkandskoy-oblasti,2026-08-07T00:00:00+05:00,site,,,134,1112,11,11.91,13.0,0.0,5,2.2,6.5,16.2,44.78,7.46,59.7,37.31,0.0,7.46,0,0,1,0,0,0,10,75,утверждение,39,отложенный,0,0.0,nut graf,новость,0,0.0,0,0,False,False,0,False,False,,рерайт,False
Podrobno.uz,podrobno,https://podrobno.uz/cat/economic/uzbekistan-predlozhil-eaes-sovmestnuyu-programmu-promyshlennykh-proektov,2026-08-07T00:00:00+05:00,site,,,335,2936,23,14.43,13.0,0.087,12,1.92,-5.1,18.6,98.51,8.96,38.81,11.94,0.0,5.97,2,2,1,1,0,0,7,68,утверждение,30,отложенный,0,0.0,nut graf,новость,1,2.99,0,0,False,False,0,False,False,,рерайт,False
Podrobno.uz,podrobno,https://podrobno.uz/cat/obchestvo/tashkent-i-manchester-khotyat-svyazat-pryamym-aviasoobshcheniem,2026-08-07T00:00:00+05:00,site,,,234,1937,16,14.25,12.5,0.062,8,2.0,4.8,17.2,132.48,4.27,21.37,21.37,0.0,4.27,0,1,1,1,0,0,7,55,утверждение,27,отложенный,0,0.0,nut graf,новость,1,4.27,0,0,False,False,0,False,False,,рерайт,False
Podrobno.uz,podrobno,https://podrobno.uz/cat/economic/uzbekistan-vlozhit-eshche-70-millionov-dollarov-v-rasshirenie-vychislitelnykh-moshchnostey-dlya-ii,2026-08-07T00:00:00+05:00,site,,,272,2216,17,15.71,18.0,0.0,8,2.12,8.1,17.2,99.26,11.03,33.09,18.38,3.68,3.68,1,0,1,1,0,0,12,88,утверждение,36,фактологический,0,0.0,перевёрнутая пирамида,новость,0,0.0,0,1,True,False,0,False,False,,работа с первоисточником,False
Podrobno.uz,podrobno,https://podrobno.uz/cat/obchestvo/khakery-massovo-atakuyut-organizatsii-uzbekistana-uzcert-vypustil-srochnoe-preduprezhdenie,2026-08-07T00:00:00+05:00,site,,,241,2064,15,16.0,14.0,0.2,6,2.5,3.0,18.0,82.99,4.15,53.94,4.15,0.0,0.0,0,2,1,1,0,0,9,86,утверждение,47,фактологический,0,0.0,перевёрнутая пирамида,новость,2,8.3,0,0,False,False,0,False,False,,комментарий эксперта,False
Podrobno.uz,podrobno,https://podrobno.uz/cat/proisshestviya/eks-khokima-namangana-prigovorili-k-11-godam-kolonii-po-delu-o-korruptsii,2026-08-07T00:00:00+05:00,site,,,155,1102,10,14.6,13.0,0.1,5,2.0,27.3,14.1,58.06,0.0,25.81,45.16,0.0,12.9,0,0,1,1,0,0,11,71,утверждение,38,фактологический,0,0.0,перевёрнутая пирамида,новость,0,0.0,0,0,False,False,0,False,False,,рерайт,False
Podrobno.uz,podrobno,https://podrobno.uz/cat/economic/strany-eaes-zapustyat-sistemu-otslezhivaniya-torgovli-bytovoy-tekhnikoy,2026-08-07T00:00:00+05:00,site,,,182,1452,14,12.79,13.5,0.0,8,1.75,12.3,15.7,137.36,0.0,21.98,10.99,0.0,10.99,0,1,1,1,0,0,8,67,утверждение,31,фактологический,0,0.0,перевёрнутая пирамида,новость,1,5.49,0,0,False,False,0,False,False,,рерайт,False
Podrobno.uz,podrobno,https://podrobno.uz/cat/tehnp/bolee-1-5-milliona-chelovek-v-uzbekistane-proshli-obuchenie-po-rabote-s-iskusstvennym-intellektom,2026-08-07T00:00:00+05:00,site,,,152,1247,9,16.44,16.0,0.222,5,1.8,-0.1,18.6,72.37,0.0,32.89,26.32,0.0,0.0,1,0,0,0,0,0,13,94,утверждение,31,фактологический,0,0.0,перевёрнутая пирамида,новость,0,0.0,0,0,False,False,0,False,False,,рерайт,False
Podrobno.uz,podrobno,https://podrobno.uz/cat/world/wildberries-oproverg-soobshcheniya-o-perenose-skladov-v-uzbekistan-i-drugie-strany,2026-08-07T00:00:00+05:00,site,,,174,1378,10,17.3,17.0,0.1,6,1.67,12.7,17.0,63.22,5.75,51.72,0.0,0.0,0.0,1,4,1,1,0,0,12,82,утверждение,38,отложенный,0,0.0,nut graf,новость,2,11.49,0,0,False,False,0,False,False,,комментарий эксперта,False
Podrobno.uz,podrobno,https://podrobno.uz/cat/tehnp/v-uzbekistane-chislo-proektov-s-iskusstvennym-intellektom-khotyat-dovesti-do-100,2026-08-07T00:00:00+05:00,site,,,204,1697,12,16.42,16.0,0.0,7,1.71,-6.1,19.4,102.94,14.71,49.02,29.41,0.0,0.0,0,0,0,1,0,0,11,77,утверждение,43,фактологический,0,0.0,перевёрнутая пирамида,новость,0,0.0,0,0,False,False,0,False,False,,рерайт,False
Podrobno.uz,podrobno,https://podrobno.uz/cat/proisshestviya/v-uzbekistane-raskryli-ocherednuyu-skhemu-s-fiktivnym-trudoustroystvom-za-rubezhom,2026-08-07T00:00:00+05:00,site,,,188,1353,14,12.93,12.5,0.071,5,2.8,24.3,14.0,42.55,0.0,26.6,37.23,0.0,0.0,0,1,1,1,0,0,10,78,утверждение,38,отложенный,0,0.0,nut graf,новость,1,5.32,0,0,False,False,0,False,False,,рерайт,False
Podrobno.uz,podrobno,https://podrobno.uz/cat/obchestvo/kazhdaya-makhallya-v-uzbekistane-poluchit-energeticheskiy-pasport,2026-08-07T00:00:00+05:00,site,,,294,2427,16,18.31,18.0,0.188,11,1.45,-4.9,19.8,119.05,0.0,57.82,0.0,0.0,0.0,0,3,1,1,0,0,7,59,утверждение,36,отложенный,0,0.0,nut graf,новость,2,6.8,0,0,False,False,0,True,False,,комментарий эксперта,False
Podrobno.uz,podrobno,https://podrobno.uz/cat/obchestvo/potok-inostrannykh-studentov-v-uzbekistan-uvelichilsya-bolee-chem-v-dva-raza,2026-08-07T00:00:00+05:00,site,,,170,1098,12,11.92,12.5,0.0,6,2.0,37.1,11.9,100.0,0.0,5.88,111.76,0.0,17.65,0,1,1,1,0,0,11,72,утверждение,35,фактологический,0,0.0,перевёрнутая пирамида,новость,1,5.88,0,1,True,False,0,False,False,,собственный сбор,False
Podrobno.uz,podrobno,https://podrobno.uz/cat/politic/shavkat-mirziyeev-provel-telefonnyy-razgovor-s-donaldom-trampom,2026-08-07T00:00:00+05:00,site,,,193,1726,10,19.2,16.5,0.3,5,2.0,-19.4,22.1,113.99,15.54,56.99,15.54,0.0,5.18,0,3,1,0,0,0,8,62,утверждение,19,фактологический,0,0.0,перевёрнутая пирамида,новость,1,5.18,0,1,True,False,0,False,False,,собственный сбор,False
Podrobno.uz,podrobno,https://podrobno.uz/cat/obchestvo/v-agentstve-kulturnogo-naslediya-otvetili-na-soobshcheniya-o-sostoyanii-kompleksa-chodra-khovli,2026-08-07T00:00:00+05:00,site,,,152,1280,10,14.8,15.5,0.0,4,2.5,3.6,17.5,151.32,0.0,19.74,19.74,0.0,6.58,3,1,0,0,0,0,12,90,утверждение,25,отложенный,0,0.0,nut graf,новость,1,6.58,0,0,False,False,0,False,False,,рерайт,False
Podrobno.uz,podrobno,https://podrobno.uz/cat/economic/uzbekistan-i-jica-podpisali-protokol-po-razvitiyu-svobodnykh-ekonomicheskikh-zon,2026-08-07T00:00:00+05:00,site,,,100,891,6,16.67,17.5,0.167,3,2.0,-7.8,19.7,130.0,0.0,60.0,0.0,0.0,0.0,0,0,0,0,0,0,10,76,утверждение,30,отложенный,0,0.0,нарратив,новость,0,0.0,0,0,False,False,0,False,False,,рерайт,False
Podrobno.uz,podrobno,https://podrobno.uz/cat/obchestvo/v-uzbekistane-uregulirovali-rynok-rieltorskikh-uslug,2026-08-07T00:00:00+05:00,site,,,153,1280,8,18.5,17.5,0.25,8,1.5,-8.9,20.4,104.58,13.07,84.97,6.54,0.0,6.54,1,0,1,0,0,0,6,51,утверждение,34,фактологический,0,0.0,перевёрнутая пирамида,новость,0,0.0,0,1,True,False,0,False,False,,работа с первоисточником,False
Podrobno.uz,podrobno,https://podrobno.uz/cat/obchestvo/v-tashkente-na-chetyre-dnya-perekryli-uchastok-maloy-koltsevoy-dorogi-i-izmenili-marshruty-avtobusov,2026-08-07T00:00:00+05:00,site,,,126,907,8,14.12,12.5,0.125,7,1.43,23.1,14.6,134.92,7.94,55.56,71.43,0.0,23.81,1,1,1,0,0,0,14,95,утверждение,26,фактологический,0,0.0,перевёрнутая пирамида,новость,0,0.0,0,0,False,False,0,False,False,,рерайт,False
Repost.uz,repost,https://repost.uz/shtati-obvinili-v-narushenii-memoranduma,2026-07-08T08:38:00+05:00,site,Мир,Repost uz редакция,209,1591,9,22.56,26.0,0.556,10,1.0,8.5,19.3,47.85,4.78,28.71,19.14,0.0,4.78,2,4,5,0,1,0,15,91,утверждение,3,отложенный,0,0.0,nut graf,новость,3,14.35,0,0,False,False,0,False,True,0.41,комментарий эксперта,False
Repost.uz,repost,https://repost.uz/pod-zavalami-desyatki-lyudey,2026-07-08T09:10:00+05:00,site,Мир,Repost uz редакция,80,589,8,9.38,8.5,0.0,7,1.29,31.2,11.9,50.0,0.0,12.5,50.0,0.0,0.0,0,2,2,0,1,0,10,59,утверждение,2,отложенный,0,0.0,nut graf,новость,0,0.0,0,0,False,False,0,False,True,0.14,рерайт,False
Repost.uz,repost,https://repost.uz/vzyal-mashinu-otca-bez-sprosa,2026-07-08T12:03:00+05:00,site,Узбекистан,Repost uz редакция,171,1282,14,11.93,13.0,0.0,10,1.5,29.0,13.1,35.09,5.85,35.09,29.24,0.0,5.85,0,2,2,0,1,0,14,88,утверждение,3,отложенный,0,0.0,нарратив,новость,0,0.0,0,0,False,False,0,False,True,1.46,рерайт,False
Repost.uz,repost,https://repost.uz/celiy-arsenal,2026-07-08T13:59:00+05:00,site,Узбекистан,Repost uz редакция,121,894,7,16.29,16.0,0.0,7,1.29,15.9,16.3,66.12,8.26,8.26,41.32,0.0,8.26,1,1,2,0,1,0,8,66,утверждение,2,отложенный,0,0.0,nut graf,новость,0,0.0,0,0,False,False,0,False,True,0.19,рерайт,False
Repost.uz,repost,https://repost.uz/v-celom-govoryat-vse-norm,2026-07-08T14:30:00+05:00,site,Узбекистан,Repost uz редакция,450,3398,26,17.0,16.0,0.077,18,1.44,13.5,16.8,82.22,2.22,28.89,2.22,0.0,2.22,0,8,1,0,1,0,10,85,утверждение,30,фактологический,0,0.0,перевёрнутая пирамида,расширенная новость,5,11.11,0,0,False,False,0,False,True,22.14,комментарий эксперта,False
Repost.uz,repost,https://repost.uz/govoryat-dorogo-obxoditsya-byudjetu,2026-07-08T20:17:00+05:00,site,Узбекистан,Repost uz редакция,1267,11296,63,19.57,18.0,0.238,31,2.03,-22.6,22.7,86.82,15.0,67.88,9.47,1.58,2.37,2,11,2,0,4,0,9,67,утверждение,2,отложенный,0,0.0,разбор по пунктам,интервью,1,0.79,0,0,False,False,0,False,True,0.0,рерайт,False
Repost.uz,repost,https://repost.uz/nochyu-mogut-rubanut,2026-07-08T22:19:00+05:00,site,Узбекистан,Repost uz редакция,92,741,5,16.0,12.0,0.2,8,1.0,20.0,15.6,76.09,10.87,0.0,173.91,0.0,10.87,2,0,2,0,1,0,8,56,утверждение,2,отложенный,0,0.0,разбор по пунктам,новость,0,0.0,0,0,False,False,0,False,True,0.01,рерайт,False
Repost.uz,repost,https://repost.uz/eshe-budut-dorabativat,2026-07-09T08:52:00+05:00,site,Узбекистан,Repost uz редакция,620,4775,29,20.55,21.0,0.276,16,1.94,7.2,18.9,96.77,17.74,33.87,35.48,8.06,0.0,0,7,2,1,1,0,17,122,утверждение,2,отложенный,0,0.0,nut graf,расширенная новость,5,8.06,0,1,True,False,0,True,True,10.55,собственный сбор,False
Repost.uz,repost,https://repost.uz/skandal-posle-avarii,2026-07-09T09:42:00+05:00,site,Узбекистан,Repost uz редакция,332,2538,21,15.62,15.0,0.048,12,1.83,21.8,15.2,78.31,12.05,42.17,15.06,0.0,6.02,0,3,3,0,1,1,10,72,утверждение,6,отложенный,0,0.0,nut graf,новость,2,6.02,0,0,False,False,0,False,True,0.37,комментарий эксперта,False
Repost.uz,repost,https://repost.uz/na-sammite-nato-dogovorilis,2026-07-09T10:33:00+05:00,site,Мир,Repost uz редакция,126,911,8,15.5,14.5,0.0,7,1.29,28.2,14.3,79.37,7.94,23.81,15.87,0.0,7.94,0,1,2,0,1,0,8,65,утверждение,2,отложенный,0,0.0,nut graf,новость,0,0.0,0,0,False,False,0,False,True,0.11,рерайт,False
Repost.uz,repost,https://repost.uz/pogoda-10iyulya2026,2026-07-09T18:59:00+05:00,site,Узбекистан,Repost uz редакция,192,1565,25,6.72,6.0,0.0,8,3.12,19.9,12.7,83.33,0.0,36.46,218.75,0.0,0.0,0,0,1,0,1,0,7,39,утверждение,19,фактологический,8,41.67,разбор по пунктам,новость,0,0.0,0,0,False,False,0,False,True,0.18,рерайт,False
Repost.uz,repost,https://repost.uz/tash-v-moshnom-otrive,2026-07-10T09:06:00+05:00,site,Узбекистан,Repost uz редакция,155,990,4,26.5,18.0,0.25,6,1.0,18.7,19.1,32.26,0.0,19.35,129.03,25.81,6.45,0,0,2,0,1,0,9,67,утверждение,2,отложенный,0,0.0,разбор по пунктам,новость,0,0.0,0,1,True,False,0,False,True,0.12,работа с первоисточником,False
Repost.uz,repost,https://repost.uz/nakruti-i-tut-presekli,2026-07-10T10:49:00+05:00,site,Узбекистан,Repost uz редакция,105,750,7,13.71,10.0,0.143,7,1.14,20.0,14.9,123.81,0.0,38.1,66.67,0.0,9.52,0,2,2,0,1,0,11,72,утверждение,3,отложенный,0,0.0,nut graf,новость,1,9.52,1,0,False,False,0,False,True,7.9,рерайт,False
Repost.uz,repost,https://repost.uz/vmesto-mahkamovoy,2026-07-10T14:05:00+05:00,site,Узбекистан,Repost uz редакция,131,1055,9,13.78,10.0,0.0,9,1.22,0.9,17.6,145.04,30.53,38.17,30.53,0.0,22.9,0,0,3,0,2,0,11,102,утверждение,2,отложенный,0,0.0,нарратив,новость,0,0.0,0,0,False,False,0,False,True,0.33,рерайт,False
Repost.uz,repost,https://repost.uz/postanovleniya-podpisani,2026-07-10T17:24:00+05:00,site,Узбекистан,Repost uz редакция,119,1006,4,28.25,25.0,0.5,5,1.0,-20.3,25.1,92.44,16.81,92.44,0.0,0.0,0.0,0,0,2,0,1,0,6,63,утверждение,3,отложенный,0,0.0,нарратив,новость,0,0.0,0,0,False,False,0,False,True,0.31,рерайт,False
Repost.uz,repost,https://repost.uz/kto-rodilsya-11iyulya2026,2026-07-10T17:57:00+05:00,site,Узбекистан,Repost uz редакция,514,3623,27,18.11,17.0,0.111,11,2.55,36.7,14.0,31.13,1.95,21.4,46.69,0.0,7.78,7,0,1,0,5,0,6,36,утверждение,3,отложенный,4,7.78,разбор по пунктам,расширенная новость,0,0.0,0,0,False,False,0,False,True,5.79,рерайт,False
Repost.uz,repost,https://repost.uz/a-potom-budet-jarisha,2026-07-11T13:04:00+05:00,site,Узбекистан,Repost uz редакция,225,1688,21,9.62,10.0,0.0,15,1.87,35.7,11.4,17.78,0.0,48.89,293.33,0.0,35.56,0,0,2,0,1,0,10,79,утверждение,2,отложенный,0,0.0,нарратив,новость,0,0.0,0,1,True,False,0,False,True,0.35,работа с первоисточником,False
Repost.uz,repost,https://repost.uz/ostalnie-toje-na-podyeme,2026-07-11T13:37:00+05:00,site,Узбекистан,Repost uz редакция,160,826,10,8.3,8.0,0.0,24,0.92,52.7,8.6,12.5,0.0,0.0,268.75,0.0,181.25,0,0,1,0,1,0,9,61,how-to,2,отложенный,0,0.0,nut graf,новость,0,0.0,0,0,False,False,0,False,True,0.21,рерайт,False
Repost.uz,repost,https://repost.uz/sotni-poluchili-travmi,2026-07-13T09:04:00+05:00,site,Узбекистан,Repost uz редакция,109,761,8,11.0,10.5,0.0,7,1.29,32.7,12.2,27.52,0.0,27.52,137.61,0.0,9.17,0,1,2,0,2,0,13,88,утверждение,2,отложенный,0,0.0,nut graf,новость,1,9.17,0,0,False,False,0,False,True,0.15,рерайт,False
Repost.uz,repost,https://repost.uz/povtorno-vse-budut-sdavat,2026-07-13T09:14:00+05:00,site,Узбекистан,Repost uz редакция,85,606,6,13.17,13.0,0.0,6,1.17,33.0,12.9,141.18,11.76,35.29,58.82,0.0,11.76,0,2,2,0,1,0,11,80,утверждение,2,отложенный,0,0.0,nut graf,новость,2,23.53,0,0,False,False,0,False,True,3.53,комментарий эксперта,False
Repost.uz,repost,https://repost.uz/osobenno-sredi-pojilix,2026-07-13T10:22:00+05:00,site,Мир,Repost uz редакция,100,687,6,15.5,16.0,0.0,8,1.12,30.9,13.9,50.0,0.0,60.0,50.0,0.0,0.0,0,2,2,1,3,0,12,74,утверждение,3,отложенный,0,0.0,nut graf,новость,0,0.0,0,0,False,False,0,False,True,0.19,рерайт,False
Repost.uz,repost,https://repost.uz/kursi-valyut-1407,2026-07-13T16:01:00+05:00,site,Узбекистан,Repost uz редакция,41,285,3,10.33,11.0,0.0,4,1.0,51.9,9.4,73.17,0.0,0.0,195.12,0.0,0.0,0,0,2,0,2,0,9,52,утверждение,2,отложенный,0,0.0,nut graf,новость,0,0.0,0,1,True,False,0,False,True,0.09,работа с первоисточником,False
Repost.uz,repost,https://repost.uz/bilo-bi-nice-v-novie-strani,2026-07-13T19:12:00+05:00,site,Узбекистан,Repost uz редакция,110,955,5,22.0,27.0,0.6,6,1.0,-13.5,22.2,136.36,0.0,54.55,0.0,0.0,0.0,1,1,2,0,1,0,10,97,утверждение,2,отложенный,0,0.0,нарратив,новость,0,0.0,0,0,False,False,0,False,True,0.01,рерайт,False
Repost.uz,repost,https://repost.uz/chto-j-xush-kelibsiz,2026-07-14T09:13:00+05:00,site,Узбекистан,Repost uz редакция,100,552,3,17.33,18.0,0.0,5,1.0,20.2,16.0,110.0,10.0,10.0,140.0,10.0,10.0,0,0,2,0,1,0,8,51,утверждение,2,отложенный,0,0.0,разбор по пунктам,новость,0,0.0,0,1,True,False,0,False,True,0.09,работа с первоисточником,False
Repost.uz,repost,https://repost.uz/mojet-eshe-obnovitsya-skoro,2026-07-14T11:50:00+05:00,site,Узбекистан,Repost uz редакция,148,1279,11,13.09,12.0,0.0,9,1.33,-10.5,19.0,54.05,13.51,67.57,47.3,6.76,20.27,0,2,2,0,1,0,8,64,утверждение,2,отложенный,0,0.0,nut graf,новость,1,6.76,0,0,False,False,0,True,True,0.11,рерайт,False
Repost.uz,repost,https://repost.uz/poluchila-ushiby-i-sotryasenie,2026-07-14T15:56:00+05:00,site,Узбекистан,Repost uz редакция,205,1590,15,13.53,13.0,0.067,11,1.45,16.6,15.3,68.29,19.51,29.27,19.51,0.0,4.88,1,3,1,0,1,0,11,80,утверждение,4,отложенный,0,0.0,nut graf,новость,1,4.88,0,0,False,False,0,False,True,0.28,рерайт,False
Repost.uz,repost,https://repost.uz/teper-posle-dorabotki,2026-07-14T19:27:00+05:00,site,Узбекистан,Repost uz редакция,222,1865,11,20.18,16.0,0.364,11,1.27,-5.1,20.5,157.66,13.51,40.54,0.0,0.0,0.0,0,0,2,1,3,0,7,53,утверждение,2,отложенный,0,0.0,нарратив,новость,0,0.0,0,0,False,False,0,False,True,0.0,рерайт,False
Repost.uz,repost,https://repost.uz/kachaem-trudovie-otnosheniya,2026-07-14T20:36:00+05:00,site,Узбекистан,Repost uz редакция,151,1332,10,15.1,16.5,0.0,9,1.22,-8.6,19.3,165.56,6.62,72.85,0.0,0.0,0.0,0,1,2,0,1,0,10,74,утверждение,2,отложенный,0,0.0,нарратив,новость,0,0.0,0,0,False,False,0,False,True,0.01,рерайт,False
Repost.uz,repost,https://repost.uz/kurs-valyut-16iyulya2026,2026-07-15T17:15:00+05:00,site,Узбекистан,Repost uz редакция,128,805,1,107.0,107.0,1.0,9,1.0,-61.5,56.0,15.62,0.0,0.0,125.0,0.0,0.0,0,0,1,0,1,0,7,35,утверждение,10,фактологический,9,70.31,разбор по пунктам,новость,0,0.0,0,0,False,False,0,False,True,0.14,рерайт,False
Repost.uz,repost,https://repost.uz/vkusneyshiy-xleb-v-reestre,2026-07-15T19:14:00+05:00,site,Узбекистан,Repost uz редакция,121,1051,7,17.14,18.0,0.0,6,1.33,-13.8,20.7,115.7,8.26,66.12,0.0,0.0,0.0,0,2,2,0,1,0,7,69,утверждение,3,отложенный,0,0.0,nut graf,новость,1,8.26,0,0,False,False,0,False,True,0.0,рерайт,False
Repost.uz,repost,https://repost.uz/cheknesh-vse-na-epigu,2026-07-15T20:59:00+05:00,site,Узбекистан,Repost uz редакция,151,1167,6,23.83,12.0,0.167,5,1.4,-5.7,21.7,59.6,6.62,86.09,6.62,0.0,6.62,0,1,2,0,1,0,10,89,утверждение,2,отложенный,0,0.0,разбор по пунктам,новость,1,6.62,0,1,True,False,0,False,True,0.13,собственный сбор,False
Repost.uz,repost,https://repost.uz/snachala-sportivnaya-teper-takaya,2026-07-15T21:24:00+05:00,site,Узбекистан,Repost uz редакция,255,2089,13,19.38,20.0,0.231,8,1.88,-4.9,20.2,94.12,7.84,54.9,7.84,0.0,0.0,2,1,2,0,1,0,6,49,утверждение,2,отложенный,0,0.0,нарратив,новость,0,0.0,0,0,False,False,0,False,True,0.67,рерайт,False
Repost.uz,repost,https://repost.uz/otvet-na-smertelnie-incidenti,2026-07-15T21:52:00+05:00,site,Мир,Repost uz редакция,131,1011,8,16.12,13.5,0.125,7,1.29,17.7,16.0,68.7,7.63,38.17,0.0,0.0,0.0,1,2,2,0,1,0,9,67,утверждение,3,отложенный,0,0.0,nut graf,новость,2,15.27,0,0,False,False,0,False,True,0.01,комментарий эксперта,False
Repost.uz,repost,https://repost.uz/mol-chtobi-mogli-obespechit-sebya,2026-07-16T09:46:00+05:00,site,Мир,Repost uz редакция,113,816,6,18.33,20.5,0.333,7,1.0,36.0,14.1,159.29,0.0,17.7,17.7,0.0,0.0,0,0,2,0,1,0,10,65,утверждение,2,отложенный,0,0.0,nut graf,новость,0,0.0,0,0,False,False,0,False,True,0.12,рерайт,False
Repost.uz,repost,https://repost.uz/posle-otstavki-sviridenko,2026-07-16T15:10:00+05:00,site,Мир,Repost uz редакция,76,590,6,11.83,13.0,0.0,6,1.17,19.6,14.3,65.79,0.0,13.16,65.79,0.0,26.32,0,0,2,0,1,0,6,56,утверждение,3,отложенный,0,0.0,nut graf,новость,0,0.0,0,0,False,False,0,False,True,0.11,рерайт,False
Repost.uz,repost,https://repost.uz/tak-chto-vpered-k-chistote,2026-07-16T20:30:00+05:00,site,Узбекистан,Repost uz редакция,220,1649,11,19.73,20.0,0.182,8,1.5,17.0,17.2,163.64,9.09,22.73,9.09,0.0,4.55,8,5,2,0,1,0,11,81,утверждение,2,отложенный,0,0.0,nut graf,новость,3,13.64,0,1,True,False,0,False,True,0.01,собственный сбор,False
Repost.uz,repost,https://repost.uz/i-do-tuda-mera-doshla,2026-07-16T22:19:00+05:00,site,Мир,Repost uz редакция,149,1046,9,15.67,14.0,0.111,7,1.43,33.0,13.7,53.69,6.71,20.13,46.98,0.0,13.42,0,3,2,0,1,0,11,68,утверждение,2,отложенный,0,0.0,nut graf,новость,1,6.71,0,0,False,False,0,False,True,0.17,рерайт,False
Repost.uz,repost,https://repost.uz/ostorojnee-naduet-plotno,2026-07-17T08:55:00+05:00,site,Узбекистан,Repost uz редакция,50,410,4,12.5,12.5,0.0,6,1.0,18.7,14.7,160.0,0.0,40.0,60.0,0.0,20.0,0,1,2,0,2,0,5,44,утверждение,2,отложенный,0,0.0,nut graf,новость,1,20.0,0,1,True,False,0,False,True,0.18,собственный сбор,False
Repost.uz,repost,https://repost.uz/sotni-povrejdennix-zdaniy,2026-07-17T10:35:00+05:00,site,Мир,Repost uz редакция,90,649,7,10.14,10.0,0.0,7,1.14,13.3,14.7,88.89,0.0,33.33,122.22,0.0,0.0,0,1,2,0,1,0,9,62,утверждение,2,отложенный,0,0.0,nut graf,новость,1,11.11,0,0,False,False,0,False,True,1.06,рерайт,False
Repost.uz,repost,https://repost.uz/kachnem-po-urbanizacii,2026-07-17T11:21:00+05:00,site,Узбекистан,Repost uz редакция,285,2408,12,22.92,18.5,0.25,11,1.18,-14.6,22.7,108.77,24.56,45.61,24.56,0.0,14.04,1,0,2,0,1,0,7,59,утверждение,2,отложенный,0,0.0,nut graf,новость,0,0.0,0,0,False,False,0,False,True,0.21,рерайт,False
Repost.uz,repost,https://repost.uz/pogoda-18iyulya2026,2026-07-17T17:07:00+05:00,site,Узбекистан,Repost uz редакция,226,1772,25,8.08,9.0,0.0,8,3.12,28.8,11.9,97.35,0.0,30.97,216.81,0.0,0.0,0,0,1,0,1,0,7,39,утверждение,21,фактологический,8,35.4,разбор по пунктам,новость,0,0.0,0,0,False,False,0,False,True,0.1,рерайт,False
Repost.uz,repost,https://repost.uz/xlopnuli-fanata-al-pachino,2026-07-17T19:06:00+05:00,site,Узбекистан,Repost uz редакция,98,752,9,10.67,12.0,0.0,7,1.43,21.4,13.7,102.04,10.2,10.2,20.41,0.0,0.0,0,0,2,0,1,0,10,74,утверждение,2,отложенный,0,0.0,нарратив,новость,0,0.0,0,0,False,False,0,False,True,0.0,рерайт,False
Repost.uz,repost,https://repost.uz/tut-teper-otvetit-pered-zakonom,2026-07-18T11:00:00+05:00,site,Узбекистан,Repost uz редакция,93,802,7,13.0,14.0,0.0,6,1.33,-5.6,18.2,107.53,10.75,64.52,21.51,0.0,0.0,0,1,2,0,1,0,12,84,утверждение,3,отложенный,0,0.0,nut graf,новость,0,0.0,0,0,False,False,0,False,True,0.14,рерайт,False
Repost.uz,repost,https://repost.uz/do-etogo-govorili-chto-lechitsya,2026-07-18T14:45:00+05:00,site,Мир,Repost uz редакция,96,682,8,11.88,13.5,0.0,7,1.57,34.5,12.3,125.0,0.0,41.67,0.0,0.0,0.0,0,1,2,1,3,0,12,70,утверждение,3,отложенный,0,0.0,nut graf,новость,0,0.0,1,0,False,False,0,False,True,0.1,рерайт,False
Repost.uz,repost,https://repost.uz/kurs-valyut-21iyulya,2026-07-20T16:49:00+05:00,site,Узбекистан,Repost uz редакция,128,799,1,107.0,107.0,1.0,9,1.0,-62.6,56.1,15.62,0.0,0.0,125.0,0.0,0.0,0,0,1,0,1,0,7,35,утверждение,10,фактологический,9,70.31,разбор по пунктам,новость,0,0.0,0,0,False,False,0,False,True,0.14,рерайт,False
Repost.uz,repost,https://repost.uz/sobitiya-21iyulya,2026-07-20T17:22:00+05:00,site,Узбекистан,Repost uz редакция,210,1533,10,20.2,20.5,0.3,4,2.5,23.2,16.5,42.86,0.0,19.05,28.57,0.0,9.52,0,0,1,0,1,0,6,46,утверждение,59,фактологический,4,19.05,перевёрнутая пирамида,новость,0,0.0,0,0,False,False,0,False,True,0.16,рерайт,False
Repost.uz,repost,https://repost.uz/chto-tam-da-kak,2026-07-20T20:31:00+05:00,site,Узбекистан,Repost uz редакция,234,1917,6,37.33,26.0,0.5,9,1.0,-26.3,28.9,55.56,12.82,42.74,4.27,0.0,0.0,1,1,2,1,3,0,7,61,утверждение,2,отложенный,0,0.0,разбор по пунктам,новость,1,4.27,0,0,False,False,0,False,True,0.01,рерайт,False
Repost.uz,repost,https://repost.uz/otriv-tam-prilichniy,2026-07-20T21:23:00+05:00,site,Узбекистан,Repost uz редакция,109,646,4,16.0,18.0,0.0,6,1.0,9.5,17.1,73.39,0.0,9.17,155.96,0.0,18.35,0,1,2,0,1,0,11,82,утверждение,2,отложенный,0,0.0,разбор по пунктам,новость,0,0.0,0,1,True,False,0,False,True,0.02,работа с первоисточником,False
Repost.uz,repost,https://repost.uz/no-dalshe-uje-ponije,2026-07-21T10:13:00+05:00,site,Узбекистан,Repost uz редакция,152,1061,10,12.7,12.0,0.1,7,1.57,31.3,13.0,125.0,13.16,32.89,164.47,72.37,59.21,0,0,2,0,1,0,7,46,утверждение,2,отложенный,0,0.0,nut graf,новость,0,0.0,0,1,True,False,0,False,True,0.12,работа с первоисточником,False
Repost.uz,repost,https://repost.uz/rassmotreli-plan-meropriyatiy,2026-07-21T11:15:00+05:00,site,Узбекистан,Repost uz редакция,133,1152,6,21.33,21.5,0.167,7,1.14,-23.3,23.4,127.82,7.52,60.15,30.08,0.0,15.04,0,2,2,0,1,0,6,60,утверждение,3,отложенный,0,0.0,nut graf,новость,0,0.0,0,1,True,False,0,False,True,0.09,работа с первоисточником,False
Repost.uz,repost,https://repost.uz/govoryat-do-vechera-minus,2026-07-21T12:28:00+05:00,site,Узбекистан,Repost uz редакция,49,397,5,9.4,9.0,0.0,6,1.0,18.2,13.8,204.08,20.41,40.82,40.82,0.0,0.0,0,0,2,0,1,0,9,62,утверждение,2,отложенный,0,0.0,нарратив,новость,0,0.0,0,0,False,False,0,False,True,0.14,рерайт,False
Repost.uz,repost,https://repost.uz/pogoda-22iyulya2026,2026-07-21T19:11:00+05:00,site,Узбекистан,Repost uz редакция,239,1908,27,8.0,7.0,0.0,8,3.38,24.5,12.4,71.13,0.0,46.03,209.21,0.0,0.0,0,0,1,0,1,0,7,39,утверждение,33,фактологический,8,33.47,разбор по пунктам,новость,0,0.0,0,0,False,False,0,False,True,0.08,рерайт,False
Repost.uz,repost,https://repost.uz/ne-blizitsya-k-zaversheniyu,2026-07-22T08:52:00+05:00,site,Мир,Repost uz редакция,113,724,10,11.0,11.0,0.0,8,1.62,55.9,9.0,97.35,0.0,17.7,17.7,0.0,0.0,0,4,2,1,3,0,12,80,утверждение,2,отложенный,0,0.0,nut graf,новость,2,17.7,0,0,False,False,0,False,True,0.11,комментарий эксперта,False
Repost.uz,repost,https://repost.uz/govoryat-oni-sblizilis,2026-07-22T10:50:00+05:00,site,Мир,Repost uz редакция,104,721,7,14.57,18.0,0.0,7,1.14,37.6,12.7,96.15,0.0,0.0,19.23,0.0,19.23,2,1,2,0,1,0,8,49,утверждение,2,отложенный,0,0.0,нарратив,новость,1,9.62,0,0,False,False,0,False,True,0.22,рерайт,False
Repost.uz,repost,https://repost.uz/vmeste-s-nim-eshe-pyat-figurantov,2026-07-22T13:38:00+05:00,site,Узбекистан,Repost uz редакция,197,1549,7,26.86,22.0,0.286,8,1.25,-1.3,22.1,60.91,20.3,40.61,50.76,0.0,5.08,0,1,2,1,3,0,9,77,утверждение,3,отложенный,0,0.0,nut graf,новость,1,5.08,1,1,True,False,0,False,True,0.18,собственный сбор,False
Repost.uz,repost,https://repost.uz/sokratit-vremya-poezdki,2026-07-22T16:41:00+05:00,site,Узбекистан,Repost uz редакция,213,1693,10,20.1,23.0,0.4,11,1.18,6.4,18.8,112.68,0.0,56.34,56.34,0.0,0.0,0,1,2,0,3,0,11,88,утверждение,3,отложенный,0,0.0,nut graf,новость,0,0.0,0,1,True,False,0,False,True,0.11,работа с первоисточником,False
Repost.uz,repost,https://repost.uz/poetomu-poprosil-federalnoe-pravitelstvo,2026-07-22T21:50:00+05:00,site,Мир,Repost uz редакция,123,832,5,24.4,27.0,0.8,7,1.14,24.9,17.6,81.3,0.0,16.26,0.0,0.0,0.0,0,3,1,1,3,0,12,92,утверждение,3,отложенный,0,0.0,nut graf,новость,3,24.39,0,0,False,False,1,False,True,0.04,комментарий эксперта,True
Repost.uz,repost,https://repost.uz/nu-ne-jarim-na-obed,2026-07-23T08:59:00+05:00,site,Узбекистан,Repost uz редакция,49,367,3,14.33,16.0,0.0,5,1.0,31.7,13.5,122.45,20.41,0.0,183.67,0.0,20.41,0,0,2,0,1,0,8,55,утверждение,2,отложенный,0,0.0,nut graf,новость,0,0.0,0,0,False,False,0,False,True,0.07,рерайт,False
Repost.uz,repost,https://repost.uz/vnutrennix-turistov-eshe-bolshe,2026-07-23T10:11:00+05:00,site,Узбекистан,Repost uz редакция,92,640,5,16.0,18.0,0.2,6,1.0,29.0,14.4,97.83,10.87,10.87,130.43,0.0,10.87,1,0,2,0,1,0,9,60,утверждение,2,отложенный,0,0.0,nut graf,новость,0,0.0,0,0,False,False,0,False,True,0.09,рерайт,False
Repost.uz,repost,https://repost.uz/slovili-na-chilanzare,2026-07-23T14:31:00+05:00,site,Узбекистан,Repost uz редакция,85,601,6,13.83,11.0,0.167,6,1.17,30.3,13.5,70.59,11.76,11.76,23.53,0.0,0.0,0,0,2,0,1,0,16,96,утверждение,3,отложенный,0,0.0,nut graf,новость,0,0.0,0,0,False,False,0,False,True,0.16,рерайт,False
Repost.uz,repost,https://repost.uz/kurs-valyut-24iyulya2026,2026-07-23T16:19:00+05:00,site,Узбекистан,Repost uz редакция,128,804,1,107.0,107.0,1.0,9,1.0,-61.5,56.0,15.62,0.0,0.0,125.0,0.0,0.0,0,0,1,0,1,0,7,35,утверждение,10,фактологический,9,70.31,разбор по пунктам,новость,0,0.0,0,0,False,False,0,False,True,1.45,рерайт,False
Repost.uz,repost,https://repost.uz/deputati-odobrili-proekt,2026-07-23T19:30:00+05:00,site,Узбекистан,Repost uz редакция,140,1122,8,17.25,20.0,0.0,7,1.29,-0.7,18.9,157.14,50.0,57.14,7.14,0.0,7.14,0,2,2,0,1,0,9,65,утверждение,2,отложенный,0,0.0,nut graf,новость,2,14.29,0,0,False,False,0,False,True,0.08,комментарий эксперта,False
Repost.uz,repost,https://repost.uz/itogi-budut-pozje,2026-07-24T09:08:00+05:00,site,Узбекистан,Repost uz редакция,127,994,9,12.89,12.0,0.0,7,1.43,-4.2,18.0,94.49,0.0,70.87,70.87,0.0,23.62,0,0,2,0,1,0,11,101,утверждение,2,отложенный,0,0.0,nut graf,новость,0,0.0,0,0,False,False,0,False,True,0.25,рерайт,False
Repost.uz,repost,https://repost.uz/potolok-cen-na-neft-i-drugoe,2026-07-24T10:35:00+05:00,site,Мир,Repost uz редакция,324,2396,20,15.65,15.0,0.15,18,1.28,24.8,14.8,101.85,30.86,74.07,37.04,0.0,6.17,0,0,2,1,3,0,7,48,утверждение,2,отложенный,0,0.0,nut graf,новость,0,0.0,0,0,False,False,0,False,True,0.2,рерайт,False
Repost.uz,repost,https://repost.uz/v-celom-obsudili-povestku,2026-07-24T16:12:00+05:00,site,Узбекистан,Repost uz редакция,114,986,6,18.67,21.5,0.167,7,1.0,-7.4,20.3,96.49,0.0,78.95,8.77,0.0,8.77,0,2,2,0,1,0,8,66,утверждение,3,отложенный,0,0.0,nut graf,новость,2,17.54,0,1,True,False,0,False,True,0.31,собственный сбор,False
Repost.uz,repost,https://repost.uz/xlopnuli-inostranca-i-mestnogo,2026-07-25T10:00:00+05:00,site,Узбекистан,Repost uz редакция,117,896,9,12.33,12.0,0.0,7,1.43,20.2,14.4,170.94,8.55,0.0,51.28,0.0,0.0,0,0,2,0,1,0,9,55,утверждение,2,отложенный,0,0.0,nut graf,новость,0,0.0,0,0,False,False,0,False,True,0.16,рерайт,False
Repost.uz,repost,https://repost.uz/a-on-tochno-shutit,2026-07-25T10:53:00+05:00,site,Мир,Repost uz редакция,147,1013,12,11.83,13.5,0.0,8,1.88,47.1,10.5,122.45,0.0,20.41,34.01,0.0,13.61,0,2,2,1,3,0,10,70,утверждение,2,отложенный,0,0.0,нарратив,новость,1,6.8,0,0,False,False,0,False,True,0.16,рерайт,False
Repost.uz,repost,https://repost.uz/otslejivaemost-kontaktov-podnyalas,2026-07-25T16:10:00+05:00,site,Мир,Repost uz редакция,80,545,7,10.29,9.0,0.0,6,1.33,36.5,11.5,62.5,12.5,12.5,75.0,25.0,12.5,0,1,2,0,1,0,10,54,утверждение,2,отложенный,0,0.0,nut graf,новость,1,12.5,0,0,False,False,0,False,True,0.11,рерайт,False
Repost.uz,repost,https://repost.uz/pervaya-nominaciya-za-chetvert-veka,2026-07-27T10:11:00+05:00,site,Узбекистан,Repost uz редакция,128,1055,8,16.0,14.5,0.125,7,1.29,7.6,17.3,70.31,0.0,23.44,15.62,0.0,0.0,1,1,1,0,3,0,10,75,утверждение,2,отложенный,0,0.0,nut graf,новость,1,7.81,0,0,False,False,0,False,True,1.78,рерайт,False
Repost.uz,repost,https://repost.uz/ot-prodaj-avto-k-elektronnoy-kommercii,2026-07-27T13:00:00+05:00,site,Узбекистан,Repost uz редакция,252,1918,17,14.29,15.0,0.0,6,2.83,17.4,15.4,107.14,0.0,31.75,19.84,0.0,3.97,0,1,1,0,0,0,15,66,how-to,52,фактологический,0,0.0,перевёрнутая пирамида,новость,0,0.0,0,0,False,False,0,False,True,0.0,рерайт,False
Repost.uz,repost,https://repost.uz/mnogo-avariy-proisxodit,2026-07-27T15:40:00+05:00,site,Узбекистан,Repost uz редакция,364,2831,24,14.75,14.0,0.042,14,1.79,13.8,16.1,101.65,2.75,38.46,21.98,0.0,0.0,1,7,2,0,1,0,13,79,утверждение,3,отложенный,0,0.0,nut graf,расширенная новость,7,19.23,0,0,False,False,0,False,True,0.2,комментарий эксперта,False
Repost.uz,repost,https://repost.uz/uje-pribil-v-minsk,2026-07-27T17:46:00+05:00,site,Узбекистан,Repost uz редакция,94,782,6,15.33,16.0,0.0,6,1.17,11.2,16.6,74.47,0.0,10.64,42.55,0.0,21.28,0,0,2,1,1,0,8,59,утверждение,4,отложенный,0,0.0,нарратив,новость,0,0.0,0,0,False,False,0,False,True,0.13,рерайт,False
Repost.uz,repost,https://repost.uz/dipmissii-za-nimi,2026-07-27T18:32:00+05:00,site,Узбекистан,Repost uz редакция,151,1278,9,16.56,16.0,0.111,6,1.83,-11.5,20.2,79.47,6.62,86.09,0.0,0.0,0.0,0,1,3,0,1,0,8,54,утверждение,2,отложенный,0,0.0,nut graf,новость,0,0.0,0,0,False,False,0,False,True,0.0,рерайт,False
Repost.uz,repost,https://repost.uz/segodnya-den-poslov-pryam,2026-07-27T20:42:00+05:00,site,Узбекистан,Repost uz редакция,87,722,4,21.25,20.0,0.25,6,1.0,-15.9,22.3,68.97,11.49,80.46,0.0,0.0,0.0,0,1,2,0,1,0,7,54,утверждение,2,отложенный,0,0.0,nut graf,новость,0,0.0,0,0,False,False,0,False,True,0.02,рерайт,False
Repost.uz,repost,https://repost.uz/ustroili-tayniy-priton,2026-07-28T10:29:00+05:00,site,Узбекистан,Repost uz редакция,157,1143,14,10.93,12.0,0.0,8,1.88,33.9,12.1,25.48,0.0,31.85,25.48,0.0,0.0,0,2,2,0,1,0,10,78,утверждение,3,отложенный,0,0.0,нарратив,новость,0,0.0,0,0,False,False,0,False,True,0.19,рерайт,False
Repost.uz,repost,https://repost.uz/da-mesta-ne-konchayutsya,2026-07-28T10:51:00+05:00,site,Узбекистан,Repost uz редакция,73,520,4,15.5,16.0,0.0,6,1.0,20.0,15.5,68.49,0.0,27.4,82.19,0.0,13.7,0,0,2,0,2,0,12,69,утверждение,2,отложенный,0,0.0,nut graf,новость,0,0.0,0,1,True,False,0,False,True,0.12,работа с первоисточником,False
Repost.uz,repost,https://repost.uz/xotyat-objalovat-reshenie,2026-07-28T11:47:00+05:00,site,Узбекистан,Repost uz редакция,365,2688,23,15.43,15.0,0.087,11,2.36,26.3,14.6,57.53,2.74,27.4,27.4,0.0,2.74,1,1,2,1,3,0,13,80,утверждение,3,отложенный,0,0.0,nut graf,расширенная новость,1,2.74,0,0,False,False,0,False,True,6.29,рерайт,False
Repost.uz,repost,https://repost.uz/mojet-takoy-varik-ustroit,2026-07-28T18:42:00+05:00,site,Мир,Repost uz редакция,127,985,6,21.0,22.5,0.167,8,1.12,10.7,18.5,70.87,7.87,23.62,0.0,0.0,0.0,0,1,3,1,3,0,9,77,утверждение,2,отложенный,0,0.0,нарратив,новость,1,7.87,0,0,False,False,0,False,True,0.07,рерайт,False
Repost.uz,repost,https://repost.uz/sobitiya-28iyulya2026,2026-07-28T18:48:00+05:00,site,Узбекистан,Repost uz редакция,286,2107,15,18.0,19.0,0.267,5,3.0,15.2,16.9,55.94,3.5,24.48,41.96,0.0,17.48,0,0,1,0,1,0,6,46,утверждение,62,фактологический,5,17.48,перевёрнутая пирамида,новость,0,0.0,0,0,False,False,0,False,True,0.14,рерайт,False
Repost.uz,repost,https://repost.uz/no-ostavlyayut-pravo-otvetnix-udarov,2026-07-29T12:42:00+05:00,site,Мир,Repost uz редакция,112,841,6,18.67,17.5,0.167,7,1.29,16.8,16.9,80.36,0.0,17.86,0.0,0.0,0.0,0,2,2,1,3,0,8,47,утверждение,3,отложенный,0,0.0,nut graf,новость,0,0.0,0,0,False,False,0,False,True,0.21,рерайт,False
Repost.uz,repost,https://repost.uz/togda-tochno-pridet-iphone-a-ne-kirpich,2026-07-29T13:00:00+05:00,site,Узбекистан,Repost uz редакция,530,3600,29,17.76,17.0,0.241,10,2.9,37.2,13.8,73.58,1.89,7.55,7.55,0.0,0.0,0,1,0,0,0,0,8,55,утверждение,34,фактологический,0,0.0,перевёрнутая пирамида,расширенная новость,1,1.89,0,0,False,False,1,False,True,0.0,рерайт,True
Repost.uz,repost,https://repost.uz/kurs-valyut-30iyulya2026,2026-07-29T17:13:00+05:00,site,Узбекистан,Repost uz редакция,128,800,1,107.0,107.0,1.0,9,1.0,-62.6,56.1,15.62,0.0,0.0,125.0,0.0,0.0,0,0,1,0,1,0,7,35,утверждение,10,фактологический,9,70.31,разбор по пунктам,новость,0,0.0,0,0,False,False,0,False,True,1.28,рерайт,False
Repost.uz,repost,https://repost.uz/posetit-igri-budushego,2026-07-29T17:41:00+05:00,site,Узбекистан,Repost uz редакция,54,456,4,13.5,15.5,0.0,5,1.0,5.6,16.8,222.22,18.52,0.0,0.0,0.0,0.0,0,0,2,0,1,0,6,40,how-to,3,отложенный,0,0.0,нарратив,новость,0,0.0,0,1,True,False,0,False,True,0.08,работа с первоисточником,False
Repost.uz,repost,https://repost.uz/cherez-polgoda-zarabotaet,2026-07-29T21:54:00+05:00,site,Узбекистан,Repost uz редакция,191,1487,9,21.22,17.0,0.222,9,1.11,4.9,19.4,109.95,26.18,36.65,0.0,0.0,0.0,1,0,2,0,1,0,11,99,утверждение,2,отложенный,0,0.0,нарратив,новость,0,0.0,0,0,False,False,0,False,True,0.06,рерайт,False
Repost.uz,repost,https://repost.uz/porazili-desyatki-obyektov,2026-07-30T09:52:00+05:00,site,Мир,Repost uz редакция,99,748,5,19.6,17.0,0.2,8,1.0,10.3,18.1,80.81,0.0,70.71,10.1,0.0,10.1,0,4,2,1,3,0,13,81,утверждение,2,отложенный,0,0.0,nut graf,новость,1,10.1,1,0,False,False,0,True,True,0.46,рерайт,False
Repost.uz,repost,https://repost.uz/skazali-chto-sojaleyut-i-izvinilis,2026-07-30T13:08:00+05:00,site,Узбекистан,Repost uz редакция,120,913,10,11.3,10.0,0.0,7,1.57,20.4,14.1,41.67,8.33,50.0,50.0,0.0,25.0,0,1,2,0,1,0,8,66,утверждение,3,отложенный,0,0.0,nut graf,новость,0,0.0,0,0,False,False,0,False,True,0.22,рерайт,False
Repost.uz,repost,https://repost.uz/kursi-valyut-3107,2026-07-30T16:32:00+05:00,site,Узбекистан,Repost uz редакция,41,286,3,10.33,11.0,0.0,4,1.0,51.9,9.4,73.17,0.0,0.0,195.12,0.0,0.0,0,0,2,0,2,0,8,48,утверждение,2,отложенный,0,0.0,nut graf,новость,0,0.0,0,1,True,False,0,False,True,0.06,работа с первоисточником,False
Repost.uz,repost,https://repost.uz/vmeste-s-drugimi-liderami,2026-07-30T20:00:00+05:00,site,Узбекистан,Repost uz редакция,87,733,5,17.2,14.0,0.2,5,1.2,0.7,18.7,137.93,11.49,11.49,0.0,0.0,0.0,0,1,2,0,1,0,12,97,утверждение,3,отложенный,0,0.0,nut graf,новость,0,0.0,0,1,True,False,0,False,True,0.25,работа с первоисточником,False
Repost.uz,repost,https://repost.uz/chto-vozili-po-nemu,2026-07-30T20:55:00+05:00,site,Узбекистан,Repost uz редакция,93,723,7,12.57,9.0,0.0,7,1.14,13.6,15.4,64.52,0.0,21.51,32.26,0.0,0.0,0,1,2,0,1,0,12,99,утверждение,4,отложенный,0,0.0,nut graf,новость,0,0.0,0,0,False,False,0,False,True,0.02,рерайт,False
Repost.uz,repost,https://repost.uz/bitka-ne-budet-tolko-shtraf,2026-07-31T02:32:00+05:00,site,Узбекистан,Repost uz редакция,50,436,7,6.71,7.0,0.0,6,1.33,-12.4,17.2,100.0,40.0,40.0,20.0,0.0,0.0,0,1,2,0,1,0,11,70,утверждение,2,отложенный,0,0.0,нарратив,новость,0,0.0,0,0,False,False,0,False,True,0.15,рерайт,False
Repost.uz,repost,https://repost.uz/posmotrim-kak-budet-vipolnyatsya,2026-07-31T11:15:00+05:00,site,Мир,Repost uz редакция,139,1026,7,19.71,22.0,0.286,9,1.11,22.2,16.5,115.11,7.19,50.36,0.0,0.0,0.0,0,3,3,1,3,0,8,55,утверждение,2,отложенный,0,0.0,nut graf,новость,1,7.19,0,0,False,False,0,False,True,0.2,рерайт,False
Repost.uz,repost,https://repost.uz/oyoy-tolko-etogo-ne-xvatalo,2026-07-31T18:22:00+05:00,site,Узбекистан,Repost uz редакция,260,1923,19,13.16,14.0,0.0,10,2.0,22.7,14.3,119.23,3.85,30.77,38.46,3.85,0.0,0,1,2,0,1,0,7,55,утверждение,2,отложенный,0,0.0,нарратив,новость,0,0.0,0,0,False,False,0,False,True,0.08,рерайт,False
Repost.uz,repost,https://repost.uz/tisyachi-domov-bez-sveta-i-vodi,2026-07-31T18:31:00+05:00,site,Мир,Repost uz редакция,72,483,6,10.83,11.5,0.0,7,1.29,34.6,11.9,83.33,0.0,69.44,83.33,0.0,13.89,0,1,2,1,3,0,7,46,утверждение,2,отложенный,0,0.0,nut graf,новость,0,0.0,0,0,False,False,0,False,True,0.0,рерайт,False
Repost.uz,repost,https://repost.uz/kak-tam-po-sladkim-money,2026-07-31T20:34:00+05:00,site,Узбекистан,Repost uz редакция,59,406,4,13.0,13.0,0.0,7,1.0,28.1,13.5,135.59,0.0,16.95,101.69,50.85,16.95,0,0,2,1,4,0,10,64,утверждение,2,отложенный,0,0.0,nut graf,новость,0,0.0,0,1,True,False,0,False,True,0.08,работа с первоисточником,False
Repost.uz,repost,https://repost.uz/pyatero-iz-nix-na-perednem,2026-08-01T15:40:00+05:00,site,Узбекистан,Repost uz редакция,148,1202,15,9.6,9.0,0.0,6,2.67,18.2,13.8,47.3,13.51,81.08,27.03,0.0,0.0,0,1,2,0,1,0,7,49,утверждение,2,отложенный,0,0.0,nut graf,новость,1,6.76,0,0,False,False,0,False,True,0.18,рерайт,False
Repost.uz,repost,https://repost.uz/ta-samaya-maxallya-lolazor,2026-08-02T15:31:00+05:00,site,Узбекистан,Repost uz редакция,162,1291,10,15.9,17.5,0.2,9,1.22,13.0,16.6,80.25,12.35,18.52,18.52,0.0,12.35,0,2,1,1,3,0,12,85,утверждение,18,отложенный,0,0.0,нарратив,новость,1,6.17,0,0,False,False,0,False,True,0.1,рерайт,False
Repost.uz,repost,https://repost.uz/iz-za-neostorojnosti-govoryat,2026-08-03T08:52:00+05:00,site,Узбекистан,Repost uz редакция,206,1720,12,17.08,17.5,0.083,10,1.3,-5.1,19.5,116.5,0.0,43.69,0.0,0.0,0.0,0,3,4,0,1,0,9,65,утверждение,2,отложенный,0,0.0,nut graf,новость,3,14.56,0,0,False,False,0,False,True,0.21,комментарий эксперта,False
Repost.uz,repost,https://repost.uz/okna-prikroy-esli-chto,2026-08-03T13:34:00+05:00,site,Узбекистан,Repost uz редакция,64,500,5,12.8,14.0,0.2,6,1.17,27.7,13.5,125.0,0.0,31.25,78.12,0.0,15.62,0,0,2,0,2,0,5,44,утверждение,2,отложенный,0,0.0,nut graf,новость,0,0.0,0,1,True,False,0,False,True,0.1,работа с первоисточником,False
Repost.uz,repost,https://repost.uz/ubiystvo-diani-i-romana-nazimovix,2026-08-03T14:58:00+05:00,site,Мир,Repost uz редакция,235,1786,17,13.59,15.0,0.0,9,2.0,24.7,14.2,55.32,4.26,55.32,17.02,0.0,0.0,1,6,2,0,1,0,7,59,утверждение,2,отложенный,0,0.0,nut graf,репортаж,2,8.51,0,0,False,False,0,False,True,0.24,собственный сбор,False
Repost.uz,repost,https://repost.uz/budut-provodit-regulyarniy-monitoring,2026-08-03T20:43:00+05:00,site,Узбекистан,Repost uz редакция,190,1547,7,26.86,28.0,0.571,9,1.11,-5.5,22.6,100.0,10.53,68.42,15.79,0.0,10.53,0,0,2,2,3,0,9,78,утверждение,2,отложенный,0,0.0,нарратив,новость,0,0.0,0,1,True,False,0,False,True,0.02,работа с первоисточником,False
Repost.uz,repost,https://repost.uz/poxodu-mnogie-nakopili,2026-08-03T21:52:00+05:00,site,Узбекистан,Repost uz редакция,94,731,7,12.0,11.0,0.0,9,1.11,11.7,15.5,85.11,0.0,21.28,106.38,74.47,10.64,0,1,2,1,4,0,11,63,утверждение,2,отложенный,0,0.0,nut graf,новость,1,10.64,0,0,False,False,0,False,True,0.09,рерайт,False
Repost.uz,repost,https://repost.uz/kto-rodilsya-4avgusta,2026-08-03T23:07:00+05:00,site,Узбекистан,Repost uz редакция,413,2950,21,18.67,18.0,0.19,10,2.2,30.0,15.1,87.17,0.0,24.21,43.58,0.0,26.63,2,0,1,0,5,0,6,38,утверждение,2,отложенный,4,9.69,разбор по пунктам,расширенная новость,0,0.0,0,0,False,False,0,False,True,1.11,рерайт,False
Repost.uz,repost,https://repost.uz/po-sutkam-i-kilometram,2026-08-04T12:33:00+05:00,site,Узбекистан,Repost uz редакция,159,1157,7,20.29,20.0,0.143,8,1.12,10.7,18.3,56.6,12.58,44.03,44.03,12.58,0.0,0,3,2,0,1,0,14,100,утверждение,2,отложенный,0,0.0,nut graf,новость,0,0.0,0,0,False,False,0,False,True,0.59,рерайт,False
Repost.uz,repost,https://repost.uz/govoryat-dast-prozrachnost,2026-08-04T13:17:00+05:00,site,Мир,Repost uz редакция,103,842,7,14.57,15.0,0.143,7,1.14,10.5,16.5,155.34,9.71,97.09,9.71,0.0,9.71,0,0,2,0,1,0,8,63,утверждение,2,отложенный,0,0.0,нарратив,новость,0,0.0,0,0,False,False,0,False,True,0.12,рерайт,False
Repost.uz,repost,https://repost.uz/vdobavok-oshtrafovali,2026-08-04T15:28:00+05:00,site,Мир,Repost uz редакция,123,832,10,11.9,12.0,0.0,6,1.83,39.9,11.5,56.91,0.0,24.39,32.52,0.0,8.13,0,1,2,0,1,0,9,67,утверждение,2,отложенный,0,0.0,nut graf,новость,0,0.0,0,0,False,False,0,False,True,0.15,рерайт,False
Repost.uz,repost,https://repost.uz/sobitiya-5avgusta2026,2026-08-04T18:35:00+05:00,site,Узбекистан,Repost uz редакция,181,1389,10,17.5,17.5,0.1,4,2.5,20.3,16.1,55.25,0.0,27.62,33.15,0.0,16.57,2,0,1,0,1,0,6,48,утверждение,45,фактологический,4,22.1,перевёрнутая пирамида,новость,0,0.0,0,0,False,False,0,False,True,2.95,рерайт,False
Repost.uz,repost,https://repost.uz/stoit-na-svoem,2026-08-05T09:50:00+05:00,site,Мир,Repost uz редакция,142,980,9,15.56,17.0,0.0,9,1.33,37.2,13.1,119.72,0.0,14.08,0.0,0.0,0.0,0,5,2,1,3,0,10,64,утверждение,2,отложенный,0,0.0,nut graf,новость,3,21.13,0,0,False,False,0,False,True,0.16,комментарий эксперта,False
Repost.uz,repost,https://repost.uz/goldishko-virivaetsya-vpered,2026-08-05T11:16:00+05:00,site,Мир,Repost uz редакция,61,377,3,16.67,15.0,0.0,6,1.0,46.9,12.1,81.97,0.0,0.0,163.93,32.79,16.39,0,0,2,1,3,0,8,49,утверждение,2,отложенный,0,0.0,nut graf,новость,0,0.0,0,0,False,False,0,False,True,0.28,рерайт,False
Repost.uz,repost,https://repost.uz/vse-eto-s-next-year,2026-08-05T13:18:00+05:00,site,Узбекистан,Repost uz редакция,135,1179,6,21.67,19.0,0.333,6,1.17,-27.1,24.0,96.3,0.0,81.48,44.44,7.41,7.41,0,1,2,0,1,0,12,110,утверждение,3,отложенный,0,0.0,nut graf,новость,1,7.41,1,1,True,False,0,False,True,0.15,собственный сбор,False
Repost.uz,repost,https://repost.uz/podborka-ot-0508,2026-08-05T19:43:00+05:00,site,Узбекистан,Repost uz редакция,277,2127,13,20.15,18.0,0.231,17,1.29,10.0,18.3,108.3,3.61,36.1,54.15,3.61,7.22,1,2,1,7,15,0,4,20,утверждение,5,отложенный,7,25.27,разбор по пунктам,новость,1,3.61,0,0,False,False,0,False,True,0.0,рерайт,False
Repost.uz,repost,https://repost.uz/levachat-oni-bez-ostanovki,2026-08-05T21:20:00+05:00,site,Узбекистан,Repost uz редакция,88,701,8,10.38,10.5,0.0,8,1.12,6.5,15.7,113.64,34.09,34.09,45.45,0.0,0.0,0,1,2,0,1,0,9,56,утверждение,2,отложенный,0,0.0,nut graf,новость,0,0.0,0,0,False,False,0,False,True,0.0,рерайт,False
Repost.uz,repost,https://repost.uz/chto-za-iniciativi-takie,2026-08-06T08:35:00+05:00,site,Узбекистан,Repost uz редакция,517,3535,61,8.13,6.0,0.0,15,4.27,48.2,9.2,75.44,0.0,7.74,11.61,0.0,1.93,6,5,2,1,3,0,10,70,утверждение,3,отложенный,0,0.0,nut graf,расширенная новость,4,7.74,0,0,False,False,11,False,True,0.45,комментарий эксперта,True
Repost.uz,repost,https://repost.uz/xodyat-seychas-novosti-raznie,2026-08-06T11:11:00+05:00,site,Мир,Repost uz редакция,183,1393,12,15.08,14.0,0.167,9,1.44,21.9,15.1,92.9,10.93,54.64,5.46,0.0,5.46,0,4,3,0,1,0,8,49,утверждение,3,отложенный,0,0.0,nut graf,новость,2,10.93,1,0,False,False,0,False,True,0.18,комментарий эксперта,False
Repost.uz,repost,https://repost.uz/teper-nado-vse-ustranit,2026-08-06T15:28:00+05:00,site,Узбекистан,Repost uz редакция,66,541,6,11.0,10.5,0.0,6,1.17,17.7,14.3,106.06,0.0,90.91,0.0,0.0,0.0,0,1,2,0,1,0,7,52,утверждение,3,отложенный,0,0.0,нарратив,новость,1,15.15,0,0,False,False,0,False,True,0.13,рерайт,False
Repost.uz,repost,https://repost.uz/teper-rassmotryat-v-verxney-palate,2026-08-06T18:58:00+05:00,site,Узбекистан,Repost uz редакция,172,1592,9,19.11,21.0,0.222,9,1.11,-28.4,23.4,180.23,0.0,75.58,0.0,0.0,0.0,1,1,2,0,1,0,9,79,утверждение,2,отложенный,0,0.0,нарратив,новость,1,5.81,0,0,False,False,0,False,True,0.01,рерайт,False
Repost.uz,repost,https://repost.uz/smotri-ulojis-teper,2026-08-07T10:38:00+05:00,site,Узбекистан,Repost uz редакция,136,890,5,25.4,19.0,0.2,8,1.0,13.9,19.5,102.94,7.35,73.53,14.71,0.0,0.0,1,0,2,1,3,0,12,87,утверждение,2,отложенный,0,0.0,нарратив,новость,0,0.0,0,1,True,False,0,False,True,1.68,работа с первоисточником,False
Repost.uz,repost,https://repost.uz/skazali-soblyudat-normi-etiki,2026-08-07T13:04:00+05:00,site,Узбекистан,Repost uz редакция,359,2908,15,23.8,25.0,0.467,15,1.27,-6.6,21.8,89.14,8.36,58.5,0.0,0.0,0.0,1,6,2,3,5,0,14,120,утверждение,3,отложенный,0,0.0,нарратив,расширенная новость,0,0.0,0,0,False,False,3,False,True,0.31,рерайт,True
Repost.uz,repost,https://repost.uz/ot-xisheniya-do-vzyatki,2026-08-07T16:36:00+05:00,site,Узбекистан,Repost uz редакция,247,1760,10,21.9,18.5,0.3,10,1.3,9.3,19.0,32.39,8.1,60.73,101.21,0.0,0.0,0,1,2,1,3,0,5,41,утверждение,4,отложенный,0,0.0,nut graf,новость,1,4.05,0,0,False,False,0,False,True,0.41,рерайт,False
Repost.uz,repost,https://repost.uz/novie-lineyki-ot-evosa,2026-08-07T19:00:00+05:00,site,Узбекистан,Repost uz редакция,410,2639,15,25.0,22.0,0.333,24,1.25,40.7,15.6,31.71,2.44,21.95,60.98,0.0,0.0,1,1,4,0,0,0,12,85,листикл,5,отложенный,0,0.0,нарратив,расширенная новость,1,2.44,0,0,False,False,0,False,True,0.0,рерайт,False
Repost.uz,repost,https://repost.uz/podborka-ot-0708,2026-08-07T20:44:00+05:00,site,Узбекистан,Repost uz редакция,437,3396,20,21.3,20.0,0.25,17,1.76,7.0,19.1,70.94,4.58,41.19,18.31,0.0,2.29,4,2,1,7,15,0,4,20,утверждение,5,отложенный,7,16.02,разбор по пунктам,расширенная новость,0,0.0,0,0,False,False,1,False,True,0.0,рерайт,True
UzNews.uz,uznews,https://www.uznews.uz/ru/news/111285,2026-07-17T00:00:00+05:00,site,,,95,737,6,14.83,13.0,0.167,3,2.0,14.7,16.0,115.79,0.0,21.05,63.16,0.0,0.0,0,0,1,0,0,0,11,73,утверждение,32,отложенный,0,0.0,nut graf,новость,0,0.0,0,0,False,False,0,False,False,,рерайт,False
UzNews.uz,uznews,https://www.uznews.uz/ru/news/111278,2026-07-17T00:00:00+05:00,site,,,88,712,5,16.4,16.0,0.2,4,1.25,-13.1,20.4,113.64,34.09,90.91,79.55,0.0,11.36,0,2,1,0,0,0,9,68,утверждение,30,фактологический,0,0.0,перевёрнутая пирамида,новость,1,11.36,0,0,False,False,0,False,False,,рерайт,False
UzNews.uz,uznews,https://www.uznews.uz/ru/news/111297,2026-07-19T00:00:00+05:00,site,,,124,839,9,13.11,12.0,0.111,5,1.8,47.2,10.9,88.71,0.0,16.13,185.48,0.0,8.06,0,0,1,0,0,0,10,70,утверждение,26,фактологический,0,0.0,перевёрнутая пирамида,новость,0,0.0,0,1,True,False,0,False,False,,работа с первоисточником,False
UzNews.uz,uznews,https://www.uznews.uz/ru/news/111339,2026-07-20T00:00:00+05:00,site,,,216,1691,8,26.12,27.5,0.5,7,1.14,-8.6,22.8,64.81,4.63,69.44,32.41,9.26,13.89,0,0,1,0,0,0,9,65,утверждение,22,отложенный,0,0.0,нарратив,новость,0,0.0,0,1,True,False,0,False,False,,работа с первоисточником,False
UzNews.uz,uznews,https://www.uznews.uz/ru/news/111331,2026-07-20T00:00:00+05:00,site,,,175,1475,7,23.71,24.0,0.429,11,1.09,-21.3,23.8,137.14,0.0,74.29,34.29,0.0,0.0,1,2,1,0,0,0,11,82,утверждение,40,отложенный,0,0.0,nut graf,новость,2,11.43,0,1,True,False,0,False,False,,собственный сбор,False
UzNews.uz,uznews,https://www.uznews.uz/ru/news/111323,2026-07-20T00:00:00+05:00,site,,,196,1459,7,25.29,19.0,0.286,7,1.14,8.3,20.2,40.82,10.2,56.12,66.33,0.0,0.0,1,0,1,1,0,0,9,74,утверждение,36,отложенный,0,0.0,нарратив,новость,0,0.0,0,0,False,False,0,False,False,,рерайт,False
UzNews.uz,uznews,https://www.uznews.uz/ru/news/111316,2026-07-20T00:00:00+05:00,site,,,127,860,10,12.4,11.5,0.1,5,2.0,46.8,10.7,62.99,0.0,7.87,23.62,7.87,7.87,0,0,0,0,0,0,12,71,утверждение,43,фактологический,0,0.0,перевёрнутая пирамида,новость,0,0.0,0,0,False,False,0,False,False,,рерайт,False
UzNews.uz,uznews,https://www.uznews.uz/ru/news/111310,2026-07-20T00:00:00+05:00,site,,,81,572,4,19.0,19.0,0.0,12,0.5,34.3,14.6,98.77,0.0,24.69,37.04,0.0,0.0,0,0,0,0,0,0,9,50,утверждение,9,фактологический,0,0.0,перевёрнутая пирамида,новость,0,0.0,0,0,False,False,0,False,False,,пресс-релиз без обработки,False
UzNews.uz,uznews,https://www.uznews.uz/ru/news/111378,2026-07-21T00:00:00+05:00,site,,,72,483,3,22.67,24.0,0.333,3,1.0,25.4,17.0,97.22,13.89,13.89,97.22,0.0,13.89,0,0,1,0,0,0,9,56,утверждение,26,фактологический,0,0.0,перевёрнутая пирамида,новость,0,0.0,0,0,False,False,0,False,False,,рерайт,False
UzNews.uz,uznews,https://www.uznews.uz/ru/news/111371,2026-07-21T00:00:00+05:00,site,,,150,1130,11,13.36,12.0,0.091,7,1.57,20.2,14.7,73.33,0.0,53.33,33.33,13.33,0.0,0,1,1,0,0,0,12,82,утверждение,14,отложенный,0,0.0,nut graf,новость,1,6.67,0,0,False,False,0,False,False,,рерайт,False
UzNews.uz,uznews,https://www.uznews.uz/ru/news/111363,2026-07-21T00:00:00+05:00,site,,,223,1860,11,19.64,21.0,0.091,7,1.57,-14.9,21.6,125.56,4.48,31.39,4.48,0.0,4.48,5,3,1,1,0,0,9,69,утверждение,28,отложенный,0,0.0,nut graf,новость,2,8.97,0,1,True,False,0,False,False,,собственный сбор,False
UzNews.uz,uznews,https://www.uznews.uz/ru/news/111358,2026-07-21T00:00:00+05:00,site,,,205,1395,13,15.46,15.0,0.154,7,1.86,42.9,12.2,63.41,0.0,14.63,14.63,0.0,4.88,1,5,0,0,0,0,15,94,утверждение,16,отложенный,0,0.0,nut graf,новость,0,0.0,0,0,False,False,0,False,False,,рерайт,False
UzNews.uz,uznews,https://www.uznews.uz/ru/news/111348,2026-07-21T00:00:00+05:00,site,,,119,864,8,14.62,12.5,0.125,6,1.33,31.2,13.6,142.86,0.0,0.0,16.81,0.0,8.4,1,1,1,0,0,0,9,62,утверждение,20,фактологический,0,0.0,перевёрнутая пирамида,новость,0,0.0,0,0,False,False,0,False,False,,рерайт,False
UzNews.uz,uznews,https://www.uznews.uz/ru/news/111421,2026-07-22T00:00:00+05:00,site,,,91,784,5,18.2,17.0,0.0,4,1.25,-5.1,19.8,65.93,10.99,54.95,0.0,0.0,0.0,0,1,1,1,0,0,6,44,утверждение,25,фактологический,0,0.0,перевёрнутая пирамида,новость,1,10.99,0,0,False,False,0,False,False,,рерайт,False
UzNews.uz,uznews,https://www.uznews.uz/ru/news/111414,2026-07-22T00:00:00+05:00,site,,,236,2162,10,23.6,22.0,0.4,6,1.67,-28.6,24.8,105.93,29.66,101.69,0.0,0.0,0.0,1,0,1,0,0,0,8,71,утверждение,25,отложенный,0,0.0,нарратив,новость,0,0.0,0,0,False,False,0,False,False,,рерайт,False
UzNews.uz,uznews,https://www.uznews.uz/ru/news/111405,2026-07-22T00:00:00+05:00,site,,,113,881,7,15.29,16.0,0.0,5,1.4,16.2,15.9,44.25,17.7,44.25,44.25,0.0,0.0,0,0,1,0,0,0,10,58,утверждение,16,отложенный,0,0.0,nut graf,новость,0,0.0,0,0,False,False,0,False,False,,рерайт,False
UzNews.uz,uznews,https://www.uznews.uz/ru/news/111401,2026-07-22T00:00:00+05:00,site,,,291,2098,13,17.54,18.0,0.154,29,1.0,7.7,17.8,68.73,0.0,24.05,82.47,54.98,6.87,1,1,3,0,0,0,8,58,утверждение,43,фактологический,0,0.0,перевёрнутая пирамида,новость,1,3.44,0,0,False,False,0,False,False,,рерайт,False
UzNews.uz,uznews,https://www.uznews.uz/ru/news/111394,2026-07-22T00:00:00+05:00,site,,,65,567,4,15.75,15.5,0.0,4,1.0,-14.9,20.4,61.54,0.0,30.77,46.15,0.0,15.38,0,2,1,0,0,0,10,67,утверждение,18,фактологический,0,0.0,перевёрнутая пирамида,новость,1,15.38,0,0,False,False,0,False,False,,рерайт,False
UzNews.uz,uznews,https://www.uznews.uz/ru/news/111383,2026-07-22T00:00:00+05:00,site,,,368,2807,21,17.67,16.0,0.143,16,1.38,32.2,14.4,86.96,0.0,35.33,21.74,5.43,2.72,1,0,7,0,0,0,9,63,утверждение,50,отложенный,0,0.0,нарратив,расширенная новость,0,0.0,0,0,False,False,0,False,False,,рерайт,False
UzNews.uz,uznews,https://www.uznews.uz/ru/news/111444,2026-07-23T00:00:00+05:00,site,,,156,1117,4,36.25,29.0,0.75,6,1.0,-0.7,25.0,76.92,0.0,57.69,64.1,12.82,0.0,0,1,1,0,0,0,8,59,утверждение,35,фактологический,0,0.0,перевёрнутая пирамида,новость,1,6.41,0,1,True,False,0,False,False,,собственный сбор,False
UzNews.uz,uznews,https://www.uznews.uz/ru/news/111431,2026-07-23T00:00:00+05:00,site,,,377,3193,13,27.0,23.0,0.385,15,1.0,-15.8,24.1,76.92,15.92,58.36,37.14,0.0,7.96,1,3,2,0,0,0,10,94,утверждение,28,фактологический,0,0.0,перевёрнутая пирамида,расширенная новость,2,5.31,0,0,False,False,0,False,False,,комментарий эксперта,False
UzNews.uz,uznews,https://www.uznews.uz/ru/news/111228,2026-07-23T00:00:00+05:00,site,,,486,3710,27,17.7,20.0,0.185,19,1.53,11.4,17.4,90.53,2.06,41.15,10.29,2.06,0.0,0,1,0,0,0,0,13,105,утверждение,62,фактологический,0,0.0,перевёрнутая пирамида,расширенная новость,1,2.06,0,0,False,False,0,False,False,,рерайт,False
UzNews.uz,uznews,https://www.uznews.uz/ru/news/111460,2026-07-24T00:00:00+05:00,site,,,135,1047,9,14.0,15.0,0.0,6,1.5,10.2,16.3,81.48,22.22,66.67,74.07,0.0,0.0,1,1,1,1,0,0,14,105,утверждение,35,фактологический,0,0.0,перевёрнутая пирамида,новость,0,0.0,0,0,False,False,0,False,False,,рерайт,False
UzNews.uz,uznews,https://www.uznews.uz/ru/news/111455,2026-07-24T00:00:00+05:00,site,,,108,856,6,17.67,17.0,0.167,5,1.2,8.1,17.8,55.56,9.26,37.04,46.3,0.0,9.26,0,2,1,0,0,0,10,61,утверждение,22,фактологический,0,0.0,перевёрнутая пирамида,новость,1,9.26,0,0,False,False,0,False,False,,рерайт,False
UzNews.uz,uznews,https://www.uznews.uz/ru/news/111476,2026-07-25T00:00:00+05:00,site,,,127,979,7,17.86,17.0,0.143,5,1.4,10.1,17.6,47.24,15.75,39.37,39.37,0.0,7.87,1,1,1,0,0,0,14,77,утверждение,17,фактологический,0,0.0,перевёрнутая пирамида,новость,1,7.87,0,0,False,False,0,False,False,,рерайт,False
UzNews.uz,uznews,https://www.uznews.uz/ru/news/111471,2026-07-25T00:00:00+05:00,site,,,289,2211,16,17.81,18.5,0.125,9,1.78,12.2,17.3,34.6,10.38,41.52,20.76,0.0,10.38,1,3,1,0,0,0,10,89,утверждение,86,фактологический,0,0.0,перевёрнутая пирамида,новость,2,6.92,0,0,False,False,0,False,False,,комментарий эксперта,False
UzNews.uz,uznews,https://www.uznews.uz/ru/news/111508,2026-07-27T00:00:00+05:00,site,,,289,2076,14,20.07,19.0,0.214,9,1.56,19.9,16.9,86.51,20.76,38.06,27.68,0.0,3.46,1,5,1,1,0,0,11,86,утверждение,34,отложенный,0,0.0,nut graf,новость,2,6.92,0,0,False,False,0,False,False,,комментарий эксперта,False
UzNews.uz,uznews,https://www.uznews.uz/ru/news/111504,2026-07-27T00:00:00+05:00,site,,,231,1582,14,13.29,12.0,0.071,6,2.33,28.3,13.6,64.94,0.0,25.97,138.53,17.32,34.63,0,1,1,1,0,0,7,48,утверждение,42,фактологический,0,0.0,перевёрнутая пирамида,новость,1,4.33,0,1,True,False,0,False,False,,собственный сбор,False
UzNews.uz,uznews,https://www.uznews.uz/ru/news/111496,2026-07-27T00:00:00+05:00,site,,,170,1368,10,16.8,14.5,0.2,7,1.57,14.0,16.7,105.88,0.0,5.88,5.88,0.0,0.0,5,2,1,1,0,0,8,62,утверждение,34,фактологический,0,0.0,перевёрнутая пирамида,новость,2,11.76,0,0,False,False,0,False,False,,комментарий эксперта,False
UzNews.uz,uznews,https://www.uznews.uz/ru/news/111488,2026-07-27T00:00:00+05:00,site,,,248,1767,18,13.06,10.0,0.111,8,2.38,30.0,13.3,56.45,20.16,84.68,52.42,0.0,4.03,0,1,1,1,0,0,10,92,утверждение,24,отложенный,0,0.0,nut graf,новость,1,4.03,0,0,False,False,0,False,False,,рерайт,False
UzNews.uz,uznews,https://www.uznews.uz/ru/news/111484,2026-07-27T00:00:00+05:00,site,,,91,627,7,12.0,11.0,0.0,5,1.4,36.0,12.1,87.91,0.0,21.98,153.85,0.0,0.0,0,1,1,0,0,0,7,48,утверждение,13,фактологический,0,0.0,перевёрнутая пирамида,новость,0,0.0,0,1,True,False,0,False,False,,работа с первоисточником,False
UzNews.uz,uznews,https://www.uznews.uz/ru/news/111544,2026-07-28T00:00:00+05:00,site,,,103,775,6,16.33,15.0,0.167,5,1.2,9.0,17.3,48.54,19.42,58.25,58.25,0.0,29.13,0,1,1,0,0,0,15,86,утверждение,18,отложенный,0,0.0,nut graf,новость,1,9.71,0,0,False,False,0,False,False,,рерайт,False
UzNews.uz,uznews,https://www.uznews.uz/ru/news/111540,2026-07-28T00:00:00+05:00,site,,,100,868,6,16.33,16.0,0.167,4,1.5,-22.3,21.6,100.0,10.0,80.0,10.0,0.0,0.0,0,1,1,0,0,0,8,56,утверждение,24,фактологический,0,0.0,перевёрнутая пирамида,новость,1,10.0,0,1,True,False,0,False,False,,собственный сбор,False
UzNews.uz,uznews,https://www.uznews.uz/ru/news/111534,2026-07-28T00:00:00+05:00,site,,,92,674,8,10.5,11.0,0.0,4,2.0,20.8,13.8,130.43,21.74,32.61,86.96,0.0,10.87,0,0,1,1,0,0,8,51,утверждение,25,фактологический,0,0.0,перевёрнутая пирамида,новость,0,0.0,0,0,False,False,0,False,False,,рерайт,False
UzNews.uz,uznews,https://www.uznews.uz/ru/news/111526,2026-07-28T00:00:00+05:00,site,,,148,1178,8,18.25,15.5,0.125,5,1.6,13.1,17.3,87.84,13.51,47.3,13.51,0.0,0.0,0,4,1,0,0,0,9,83,утверждение,15,отложенный,0,0.0,nut graf,новость,3,20.27,0,0,False,False,0,False,False,,комментарий эксперта,False
UzNews.uz,uznews,https://www.uznews.uz/ru/news/111516,2026-07-28T00:00:00+05:00,site,,,175,1498,8,21.88,24.5,0.5,7,1.14,-17.4,22.7,51.43,5.71,34.29,0.0,0.0,0.0,0,0,0,0,0,0,7,46,утверждение,28,отложенный,0,0.0,нарратив,новость,0,0.0,0,0,False,False,0,False,False,,рерайт,False
UzNews.uz,uznews,https://www.uznews.uz/ru/news/111438,2026-07-28T00:00:00+05:00,site,,,614,5012,32,18.53,18.0,0.156,35,1.29,4.4,18.6,96.09,1.63,47.23,26.06,0.0,6.51,1,0,7,1,0,0,12,103,утверждение,59,отложенный,0,0.0,нарратив,интервью,0,0.0,0,0,False,False,0,False,False,,рерайт,False
UzNews.uz,uznews,https://www.uznews.uz/ru/news/111577,2026-07-29T00:00:00+05:00,site,,,149,1227,11,13.09,10.0,0.091,7,1.57,3.7,17.0,134.23,13.42,13.42,20.13,0.0,20.13,0,0,1,0,0,0,9,66,утверждение,24,фактологический,0,0.0,перевёрнутая пирамида,новость,0,0.0,0,1,True,False,0,False,False,,работа с первоисточником,False
UzNews.uz,uznews,https://www.uznews.uz/ru/news/111571,2026-07-29T00:00:00+05:00,site,,,108,769,5,20.6,22.0,0.2,6,1.0,20.8,17.0,111.11,9.26,37.04,46.3,9.26,0.0,0,0,1,0,0,0,12,75,утверждение,22,отложенный,0,0.0,nut graf,новость,0,0.0,0,0,False,False,0,False,False,,рерайт,False
UzNews.uz,uznews,https://www.uznews.uz/ru/news/111565,2026-07-29T00:00:00+05:00,site,,,142,1078,8,16.5,15.5,0.125,5,1.6,16.9,16.2,98.59,0.0,56.34,56.34,0.0,0.0,0,0,1,0,0,0,10,54,утверждение,17,фактологический,0,0.0,перевёрнутая пирамида,новость,0,0.0,0,1,True,False,0,False,False,,работа с первоисточником,False
UzNews.uz,uznews,https://www.uznews.uz/ru/news/111559,2026-07-29T00:00:00+05:00,site,,,169,1162,9,17.33,17.0,0.111,6,1.5,25.2,15.3,76.92,5.92,41.42,53.25,11.83,0.0,1,1,1,0,0,0,9,77,утверждение,36,фактологический,0,0.0,перевёрнутая пирамида,новость,0,0.0,0,0,False,False,0,False,False,,рерайт,False
UzNews.uz,uznews,https://www.uznews.uz/ru/news/111553,2026-07-29T00:00:00+05:00,site,,,164,1342,9,17.44,17.0,0.111,6,1.67,-5.3,19.6,103.66,18.29,67.07,42.68,12.2,6.1,0,1,2,0,0,0,8,68,утверждение,21,фактологический,0,0.0,перевёрнутая пирамида,новость,1,6.1,0,1,True,False,0,False,False,,собственный сбор,False
UzNews.uz,uznews,https://www.uznews.uz/ru/news/111621,2026-07-30T00:00:00+05:00,site,,,117,1044,5,23.4,22.0,0.4,5,1.0,-33.7,25.5,102.56,25.64,51.28,0.0,8.55,0.0,0,2,1,1,0,0,12,99,утверждение,30,отложенный,0,0.0,nut graf,новость,2,17.09,0,0,False,False,0,False,False,,комментарий эксперта,False
UzNews.uz,uznews,https://www.uznews.uz/ru/news/111615,2026-07-30T00:00:00+05:00,site,,,102,863,6,16.5,18.5,0.0,6,1.0,-4.6,19.2,58.82,9.8,9.8,19.61,0.0,0.0,0,1,1,0,0,0,8,64,утверждение,21,отложенный,0,0.0,nut graf,новость,0,0.0,0,0,False,False,0,False,False,,рерайт,False
UzNews.uz,uznews,https://www.uznews.uz/ru/news/111600,2026-07-30T00:00:00+05:00,site,,,61,496,5,12.2,8.0,0.0,3,1.67,13.6,15.3,98.36,0.0,0.0,0.0,0.0,0.0,0,0,1,0,0,0,10,79,утверждение,24,отложенный,0,0.0,нарратив,новость,0,0.0,0,1,True,False,0,False,False,,работа с первоисточником,False
UzNews.uz,uznews,https://www.uznews.uz/ru/news/111590,2026-07-30T00:00:00+05:00,site,,,171,1135,15,11.13,10.0,0.067,6,2.5,50.6,9.8,105.26,0.0,5.85,0.0,0.0,0.0,2,0,1,0,0,0,5,46,утверждение,23,сценический,0,0.0,нарратив,новость,0,0.0,0,0,False,False,0,False,False,,рерайт,False
UzNews.uz,uznews,https://www.uznews.uz/ru/news/111584,2026-07-30T00:00:00+05:00,site,,,101,747,6,16.17,14.0,0.0,4,1.5,21.0,15.5,79.21,9.9,9.9,19.8,0.0,19.8,0,0,1,0,0,0,7,46,утверждение,12,отложенный,0,0.0,nut graf,новость,0,0.0,0,0,False,False,0,False,False,,рерайт,False
UzNews.uz,uznews,https://www.uznews.uz/ru/news/111641,2026-07-31T00:00:00+05:00,site,,,139,1012,12,11.0,10.5,0.0,5,2.4,30.9,12.5,43.17,7.19,14.39,57.55,0.0,7.19,1,0,1,0,0,0,10,70,утверждение,25,отложенный,0,0.0,nut graf,новость,0,0.0,0,0,False,False,0,False,False,,рерайт,False
UzNews.uz,uznews,https://www.uznews.uz/ru/news/111637,2026-07-31T00:00:00+05:00,site,,,214,1720,12,17.58,18.0,0.0,6,2.0,7.1,17.9,60.75,0.0,60.75,4.67,0.0,0.0,2,4,1,0,0,0,10,77,утверждение,25,отложенный,0,0.0,nut graf,новость,3,14.02,0,0,False,False,0,False,False,,комментарий эксперта,False
UzNews.uz,uznews,https://www.uznews.uz/ru/news/111629,2026-07-31T00:00:00+05:00,site,,,76,609,6,12.17,11.5,0.0,5,1.2,12.4,15.5,78.95,0.0,26.32,39.47,0.0,0.0,2,0,1,0,0,0,11,84,утверждение,12,отложенный,0,0.0,nut graf,новость,0,0.0,0,0,False,False,0,False,False,,рерайт,False
UzNews.uz,uznews,https://www.uznews.uz/ru/news/111608,2026-07-31T00:00:00+05:00,site,,,162,1372,10,16.2,17.0,0.0,8,1.5,23.3,15.2,55.56,6.17,24.69,43.21,12.35,0.0,0,1,5,0,0,0,13,83,утверждение,47,фактологический,0,0.0,перевёрнутая пирамида,новость,0,0.0,0,0,False,False,0,False,False,,рерайт,False
UzNews.uz,uznews,https://www.uznews.uz/ru/news/111651,2026-08-01T00:00:00+05:00,site,,,492,3741,23,20.3,20.0,0.261,24,1.38,21.1,16.8,77.24,2.03,28.46,46.75,6.1,6.1,1,0,6,0,0,0,10,72,утверждение,36,сценический,0,0.0,nut graf,расширенная новость,0,0.0,0,0,False,False,0,False,False,,рерайт,False
UzNews.uz,uznews,https://www.uznews.uz/ru/news/111671,2026-08-02T00:00:00+05:00,site,,,114,853,9,12.11,10.0,0.0,5,1.8,32.3,12.7,122.81,26.32,17.54,78.95,0.0,26.32,0,3,0,0,0,0,7,56,утверждение,28,фактологический,0,0.0,перевёрнутая пирамида,новость,1,8.77,0,0,False,False,0,False,False,,рерайт,False
UzNews.uz,uznews,https://www.uznews.uz/ru/news/111709,2026-08-03T00:00:00+05:00,site,,,159,1326,9,17.22,18.0,0.0,7,1.29,-6.3,19.7,176.1,12.58,75.47,25.16,0.0,6.29,1,0,1,0,0,0,9,69,утверждение,12,отложенный,0,0.0,nut graf,новость,0,0.0,0,1,True,False,0,False,False,,работа с первоисточником,False
UzNews.uz,uznews,https://www.uznews.uz/ru/news/111704,2026-08-03T00:00:00+05:00,site,,,51,377,4,11.25,7.5,0.0,2,2.0,31.9,12.4,78.43,0.0,0.0,78.43,0.0,0.0,0,0,1,0,0,0,8,55,утверждение,32,фактологический,0,0.0,перевёрнутая пирамида,новость,0,0.0,0,0,False,False,0,False,False,,рерайт,False
UzNews.uz,uznews,https://www.uznews.uz/ru/news/111689,2026-08-03T00:00:00+05:00,site,,,264,2216,16,16.38,16.0,0.062,9,1.78,-0.3,18.6,117.42,15.15,60.61,7.58,0.0,0.0,1,0,1,0,0,0,10,66,утверждение,26,отложенный,0,0.0,нарратив,новость,0,0.0,0,1,True,False,0,False,False,,работа с первоисточником,False
UzNews.uz,uznews,https://www.uznews.uz/ru/news/111679,2026-08-03T00:00:00+05:00,site,,,156,1112,11,12.73,14.0,0.0,5,2.0,34.5,12.6,108.97,0.0,12.82,192.31,0.0,38.46,0,1,1,0,0,0,10,60,утверждение,17,фактологический,0,0.0,перевёрнутая пирамида,новость,0,0.0,0,1,True,False,0,False,False,,работа с первоисточником,False
UzNews.uz,uznews,https://www.uznews.uz/ru/news/111664,2026-08-03T00:00:00+05:00,site,,,111,734,9,11.78,10.0,0.0,5,1.8,48.1,10.3,90.09,9.01,9.01,36.04,0.0,0.0,1,1,1,0,0,0,14,86,утверждение,16,отложенный,0,0.0,nut graf,новость,0,0.0,0,0,False,False,0,False,False,,рерайт,False
UzNews.uz,uznews,https://www.uznews.uz/ru/news/111646,2026-08-03T00:00:00+05:00,site,,,478,3912,24,18.83,17.0,0.167,27,1.22,0.2,19.3,83.68,2.09,60.67,27.2,2.09,0.0,0,0,1,0,0,0,15,106,утверждение,36,отложенный,0,0.0,nut graf,расширенная новость,0,0.0,0,0,False,False,0,False,False,,рерайт,False
UzNews.uz,uznews,https://www.uznews.uz/ru/news/111742,2026-08-04T00:00:00+05:00,site,,,533,3982,27,18.48,15.0,0.148,16,1.75,17.3,16.8,82.55,7.5,22.51,39.4,0.0,15.01,4,7,0,1,0,0,13,86,утверждение,41,фактологический,0,0.0,перевёрнутая пирамида,интервью,4,7.5,0,0,False,False,0,False,False,,комментарий эксперта,False
UzNews.uz,uznews,https://www.uznews.uz/ru/news/111734,2026-08-04T00:00:00+05:00,site,,,77,625,3,25.67,26.0,0.667,3,1.0,-4.5,22.1,142.86,12.99,64.94,0.0,0.0,0.0,0,0,1,0,0,0,10,83,утверждение,21,отложенный,0,0.0,нарратив,новость,0,0.0,0,1,True,False,0,False,False,,работа с первоисточником,False
UzNews.uz,uznews,https://www.uznews.uz/ru/news/111728,2026-08-04T00:00:00+05:00,site,,,98,778,7,13.43,14.0,0.0,5,1.4,9.7,16.2,153.06,10.2,20.41,51.02,0.0,10.2,1,1,1,0,0,0,11,77,утверждение,16,фактологический,0,0.0,перевёрнутая пирамида,новость,1,10.2,0,0,False,False,0,False,False,,рерайт,False
UzNews.uz,uznews,https://www.uznews.uz/ru/news/111722,2026-08-04T00:00:00+05:00,site,,,212,1701,11,18.45,16.0,0.273,19,0.68,17.3,16.8,66.04,4.72,23.58,23.58,14.15,0.0,0,0,5,0,0,0,14,91,утверждение,17,отложенный,0,0.0,nut graf,новость,0,0.0,0,0,False,False,0,False,False,,рерайт,False
UzNews.uz,uznews,https://www.uznews.uz/ru/news/111713,2026-08-04T00:00:00+05:00,site,,,156,1196,9,16.44,16.0,0.0,6,1.5,9.6,17.2,128.21,0.0,44.87,44.87,0.0,6.41,0,0,0,0,0,0,9,65,утверждение,34,отложенный,0,0.0,nut graf,новость,0,0.0,0,0,False,False,0,False,False,,рерайт,False
UzNews.uz,uznews,https://www.uznews.uz/ru/news/111695,2026-08-04T00:00:00+05:00,site,,,164,1277,10,15.7,16.0,0.0,7,1.57,25.3,14.8,85.37,6.1,36.59,24.39,12.2,0.0,1,1,2,0,0,0,15,81,утверждение,24,фактологический,0,0.0,перевёрнутая пирамида,новость,1,6.1,0,0,False,False,0,False,False,,рерайт,False
UzNews.uz,uznews,https://www.uznews.uz/ru/news/111790,2026-08-05T00:00:00+05:00,site,,,197,1288,15,12.53,11.0,0.133,7,2.14,41.9,11.5,50.76,5.08,45.69,50.76,0.0,10.15,0,2,0,0,0,0,11,70,утверждение,25,фактологический,0,0.0,перевёрнутая пирамида,новость,2,10.15,0,0,False,False,0,False,False,,комментарий эксперта,False
UzNews.uz,uznews,https://www.uznews.uz/ru/news/111780,2026-08-05T00:00:00+05:00,site,,,257,1907,10,23.3,23.0,0.3,7,1.57,12.0,19.1,89.49,15.56,42.8,89.49,3.89,7.78,0,0,1,0,0,0,13,88,утверждение,22,отложенный,0,0.0,nut graf,новость,0,0.0,0,1,True,False,0,False,False,,работа с первоисточником,False
UzNews.uz,uznews,https://www.uznews.uz/ru/news/111773,2026-08-05T00:00:00+05:00,site,,,96,754,3,31.0,15.0,0.333,4,1.0,-7.9,24.3,93.75,20.83,62.5,31.25,0.0,0.0,0,1,1,0,0,0,12,88,утверждение,32,отложенный,0,0.0,nut graf,новость,1,10.42,0,0,False,False,0,False,False,,рерайт,False
UzNews.uz,uznews,https://www.uznews.uz/ru/news/111763,2026-08-05T00:00:00+05:00,site,,,103,788,6,16.5,15.5,0.167,4,1.5,13.6,16.7,67.96,29.13,19.42,58.25,0.0,19.42,1,1,1,0,0,0,12,77,утверждение,27,фактологический,0,0.0,перевёрнутая пирамида,новость,1,9.71,0,0,False,False,0,False,False,,рерайт,False
UzNews.uz,uznews,https://www.uznews.uz/ru/news/111755,2026-08-05T00:00:00+05:00,site,,,166,1509,8,20.62,18.0,0.375,7,1.14,-14.5,21.9,102.41,24.1,54.22,42.17,0.0,12.05,0,1,1,0,0,0,9,68,утверждение,20,фактологический,0,0.0,перевёрнутая пирамида,новость,1,6.02,0,0,False,False,0,False,False,,рерайт,False
UzNews.uz,uznews,https://uznews.uz/ru/news/111816,2026-08-06T00:00:00+05:00,site,,,74,588,4,18.5,20.0,0.0,4,1.0,-0.8,19.3,135.14,27.03,13.51,0.0,0.0,0.0,1,1,1,0,0,0,12,72,утверждение,23,отложенный,0,0.0,нарратив,новость,0,0.0,0,0,False,False,0,False,False,,рерайт,False
UzNews.uz,uznews,https://uznews.uz/ru/news/111817,2026-08-06T00:00:00+05:00,site,,,290,2475,16,18.12,16.0,0.25,11,1.45,-9.3,20.4,100.0,3.45,55.17,0.0,0.0,0.0,0,0,1,0,0,0,10,89,утверждение,30,отложенный,0,0.0,нарратив,новость,0,0.0,0,1,True,False,0,False,False,,работа с первоисточником,False
UzNews.uz,uznews,https://www.uznews.uz/ru/news/111811,2026-08-06T00:00:00+05:00,site,,,260,2218,10,25.8,20.0,0.3,9,1.11,-17.3,23.9,84.62,11.54,146.15,7.69,0.0,0.0,1,0,1,0,0,0,12,85,утверждение,19,отложенный,0,0.0,нарратив,новость,0,0.0,0,0,False,False,0,False,False,,рерайт,False
UzNews.uz,uznews,https://www.uznews.uz/ru/news/111805,2026-08-06T00:00:00+05:00,site,,,284,1945,15,18.47,18.0,0.2,7,2.14,38.5,13.8,73.94,0.0,10.56,14.08,0.0,3.52,1,1,1,0,0,0,8,59,утверждение,37,фактологический,0,0.0,перевёрнутая пирамида,новость,1,3.52,0,0,False,False,0,False,False,,рерайт,False
UzNews.uz,uznews,https://www.uznews.uz/ru/news/111799,2026-08-06T00:00:00+05:00,site,,,96,794,8,11.62,10.5,0.0,5,1.6,6.3,16.1,125.0,10.42,72.92,31.25,0.0,0.0,0,0,1,0,0,0,10,69,утверждение,22,фактологический,0,0.0,перевёрнутая пирамида,новость,0,0.0,0,0,False,False,0,False,False,,рерайт,False
UzNews.uz,uznews,https://uznews.uz/ru/news/111823,2026-08-07T00:00:00+05:00,site,,,80,596,7,11.0,10.0,0.0,4,1.75,20.8,13.9,87.5,50.0,37.5,62.5,0.0,0.0,0,0,1,0,0,0,13,80,утверждение,18,фактологический,0,0.0,перевёрнутая пирамида,новость,0,0.0,0,0,False,False,0,False,False,,рерайт,False
UzNews.uz,uznews,https://uznews.uz/ru/news/111825,2026-08-07T00:00:00+05:00,site,,,150,1106,7,20.0,18.0,0.143,8,1.0,2.7,19.3,113.33,13.33,53.33,20.0,0.0,6.67,1,0,1,1,0,0,10,73,утверждение,13,фактологический,0,0.0,перевёрнутая пирамида,новость,0,0.0,0,1,True,False,0,False,False,,работа с первоисточником,False
UzNews.uz,uznews,https://uznews.uz/ru/news/111827,2026-08-07T00:00:00+05:00,site,,,131,956,8,16.12,14.5,0.125,7,1.29,30.3,14.2,83.97,15.27,22.9,7.63,0.0,7.63,1,2,1,0,0,0,9,63,утверждение,14,отложенный,0,0.0,nut graf,новость,1,7.63,0,0,False,False,0,False,False,,рерайт,False
UzNews.uz,uznews,https://uznews.uz/ru/news/111829,2026-08-07T00:00:00+05:00,site,,,106,752,10,10.0,9.5,0.0,4,2.5,38.8,11.1,75.47,0.0,28.3,132.08,0.0,9.43,0,1,1,0,0,0,11,72,утверждение,28,фактологический,0,0.0,перевёрнутая пирамида,новость,0,0.0,0,1,True,False,0,False,False,,работа с первоисточником,False
UzNews.uz,uznews,https://uznews.uz/ru/news/111834,2026-08-07T00:00:00+05:00,site,,,291,2439,12,24.0,23.5,0.333,7,1.71,-11.3,22.5,58.42,10.31,72.16,0.0,0.0,0.0,3,5,1,2,0,0,12,99,утверждение,43,фактологический,0,0.0,перевёрнутая пирамида,новость,1,3.44,0,0,False,False,3,False,False,,рерайт,True
UzNews.uz,uznews,https://uznews.uz/ru/news/111836,2026-08-07T00:00:00+05:00,site,,,136,1079,9,15.0,13.0,0.111,7,1.29,15.0,16.0,139.71,7.35,36.76,7.35,0.0,7.35,0,0,1,0,0,0,9,73,утверждение,20,отложенный,0,0.0,нарратив,новость,0,0.0,0,1,True,False,0,False,False,,работа с первоисточником,False
UzNews.uz,uznews,https://uznews.uz/ru/news/111838,2026-08-07T00:00:00+05:00,site,,,209,1494,12,15.67,15.5,0.0,7,1.71,28.2,14.4,57.42,9.57,57.42,57.42,0.0,4.78,0,2,1,0,0,0,11,70,утверждение,18,фактологический,0,0.0,перевёрнутая пирамида,новость,2,9.57,0,0,False,False,0,False,False,,комментарий эксперта,False
UzNews.uz,uznews,https://uznews.uz/ru/news/111841,2026-08-07T00:00:00+05:00,site,,,142,1185,5,27.8,28.0,0.6,6,1.0,-15.7,24.4,91.55,14.08,42.25,0.0,0.0,0.0,0,1,1,0,0,0,14,95,утверждение,24,отложенный,0,0.0,нарратив,новость,1,7.04,0,0,False,False,0,False,False,,рерайт,False
UzNews.uz,uznews,https://uznews.uz/ru/news/111844,2026-08-07T00:00:00+05:00,site,,,64,504,6,10.17,9.5,0.0,4,1.5,18.2,14.0,46.88,0.0,46.88,78.12,0.0,15.62,0,0,1,0,0,0,9,71,утверждение,21,фактологический,0,0.0,перевёрнутая пирамида,новость,0,0.0,0,0,False,False,0,False,False,,рерайт,False
UzNews.uz,uznews,https://uznews.uz/ru/news/111845,2026-08-07T00:00:00+05:00,site,,,129,1067,7,18.0,18.0,0.143,4,1.75,-1.6,19.3,124.03,7.75,54.26,15.5,0.0,0.0,0,1,1,0,0,0,11,86,утверждение,20,отложенный,0,0.0,nut graf,новость,1,7.75,0,0,False,False,0,False,False,,рерайт,False
UzNews.uz,uznews,https://uznews.uz/ru/news/111848,2026-08-07T00:00:00+05:00,site,,,196,1305,5,33.2,29.0,0.6,5,1.2,8.0,22.8,40.82,5.1,71.43,107.14,0.0,0.0,0,0,1,1,0,0,10,79,утверждение,24,отложенный,0,0.0,nut graf,новость,0,0.0,0,0,False,False,0,False,False,,рерайт,False
UzNews.uz,uznews,https://uznews.uz/ru/news/111843,2026-08-07T00:00:00+05:00,site,,,266,2130,13,20.31,19.0,0.231,6,2.17,-0.5,19.9,75.19,0.0,67.67,0.0,0.0,0.0,1,3,1,0,0,0,10,79,утверждение,28,фактологический,0,0.0,перевёрнутая пирамида,новость,2,7.52,0,0,False,False,0,False,False,,комментарий эксперта,False
UzNews.uz,uznews,https://uznews.uz/ru/news/111851,2026-08-07T00:00:00+05:00,site,,,246,2126,14,17.57,18.0,0.143,9,1.56,-6.8,19.9,85.37,12.2,77.24,0.0,0.0,0.0,0,1,1,0,0,0,8,73,утверждение,19,отложенный,0,0.0,nut graf,новость,1,4.07,0,0,False,False,0,False,False,,рерайт,False
UzNews.uz,uznews,https://uznews.uz/ru/news/111852,2026-08-07T00:00:00+05:00,site,,,127,1145,8,15.75,16.5,0.0,7,1.0,-14.5,20.4,125.98,23.62,70.87,15.75,0.0,7.87,0,3,1,0,0,0,8,62,утверждение,14,фактологический,0,0.0,перевёрнутая пирамида,новость,1,7.87,0,1,True,False,0,False,False,,собственный сбор,False
UzNews.uz,uznews,https://uznews.uz/ru/news/111859,2026-08-07T00:00:00+05:00,site,,,156,932,6,18.67,16.5,0.333,6,1.17,21.6,16.2,64.1,0.0,0.0,115.38,6.41,12.82,0,1,2,0,0,0,13,79,утверждение,21,фактологический,0,0.0,перевёрнутая пирамида,новость,1,6.41,0,2,True,False,0,False,False,,собственный сбор,False
UzNews.uz,uznews,https://uznews.uz/ru/news/111858,2026-08-07T00:00:00+05:00,site,,,165,1198,11,14.73,13.0,0.091,6,1.83,30.0,13.8,42.42,18.18,6.06,6.06,0.0,6.06,1,0,2,0,0,0,10,86,утверждение,38,фактологический,0,0.0,перевёрнутая пирамида,новость,0,0.0,0,0,False,False,0,False,False,,рерайт,False
UzNews.uz,uznews,https://uznews.uz/ru/news/111856,2026-08-07T00:00:00+05:00,site,,,54,441,6,8.83,9.0,0.0,3,2.0,19.6,13.4,92.59,18.52,55.56,18.52,0.0,18.52,1,0,1,1,0,0,7,61,утверждение,26,отложенный,0,0.0,nut graf,новость,0,0.0,0,0,False,False,0,False,False,,рерайт,False
UzNews.uz,uznews,https://uznews.uz/ru/news/111860,2026-08-07T00:00:00+05:00,site,,,228,1870,15,14.33,15.0,0.0,10,1.5,7.3,16.9,153.51,0.0,48.25,57.02,35.09,17.54,0,0,1,0,0,0,12,83,утверждение,11,отложенный,0,0.0,nut graf,новость,0,0.0,0,1,True,False,0,False,False,,работа с первоисточником,False
Yuz.uz,yuz,https://yuz.uz/ru/news/chm-2026-egipet-obidno-proigral-argentine-vedya-v-dva-myacha,2026-07-08T07:32:25+05:00,site,,,703,4692,49,14.02,12.0,0.143,12,4.08,43.8,11.7,56.9,0.0,12.8,18.49,0.0,1.42,1,0,0,0,0,0,9,58,утверждение,16,фактологический,0,0.0,перевёрнутая пирамида,расширенная новость,0,0.0,0,0,False,False,0,False,False,,рерайт,False
Yuz.uz,yuz,https://yuz.uz/ru/news/grajdaninu-uzbekistana-okazano-sodeystvie-v-vozvraenii-iz-serbii-na-rodinu,2026-07-08T10:36:00+05:00,site,,,62,507,3,20.67,21.0,0.0,3,1.0,-3.2,20.3,161.29,32.26,48.39,0.0,0.0,0.0,0,1,1,0,0,0,10,75,утверждение,25,фактологический,0,0.0,перевёрнутая пирамида,новость,0,0.0,0,0,False,False,0,False,False,,рерайт,False
Yuz.uz,yuz,https://yuz.uz/ru/news/v-fergane-rukovoditel-ooo-prisvoil-kreditne-sredstva-na-summu-15-mlrd-sumov,2026-07-08T11:00:54+05:00,site,,,59,459,3,19.67,17.0,0.333,2,1.5,12.2,17.9,84.75,67.8,33.9,33.9,0.0,0.0,1,0,1,0,0,0,12,78,утверждение,35,фактологический,0,0.0,перевёрнутая пирамида,новость,0,0.0,0,0,False,False,0,False,False,,рерайт,False
Yuz.uz,yuz,https://yuz.uz/ru/news/v-uzbekistane-vnedryat-avtomatizirovannuyu-sistemu-analiz-riskov-v-sfere-negosudarstvennogo-obrazovaniya,2026-07-08T13:46:00+05:00,site,,,133,1112,1,125.0,125.0,1.0,1,1.0,-154.7,74.7,67.67,37.59,90.23,0.0,0.0,0.0,0,0,1,0,0,0,11,103,утверждение,4,отложенный,0,0.0,разбор по пунктам,новость,0,0.0,0,0,False,False,0,False,False,,рерайт,False
Yuz.uz,yuz,https://yuz.uz/ru/news/za-kajdm-resheniem---tochne-raschet-injenerny-analiz-i-rabota-bolshoy-komand-kak-skver-amira-temura-stal-bezopasnee-i-dostupnee-dlya-peshexodov,2026-07-08T16:34:21+05:00,site,,,477,3909,24,19.5,19.0,0.25,13,1.77,-8.1,20.7,109.01,4.19,54.51,4.19,0.0,0.0,0,0,1,0,0,0,22,145,утверждение,51,отложенный,0,0.0,разбор по пунктам,интервью,0,0.0,0,0,False,False,0,True,False,,рерайт,False
Yuz.uz,yuz,https://yuz.uz/ru/news/prozrachnost-skorost-i-tsifrovizatsiya,2026-07-09T08:58:59+05:00,site,,,897,7619,33,26.36,23.0,0.424,21,1.67,-19.7,24.5,79.15,22.3,68.0,17.84,1.11,8.92,7,0,0,0,0,0,4,37,утверждение,25,фактологический,0,0.0,перевёрнутая пирамида,интервью,0,0.0,0,0,False,False,0,False,False,,рерайт,False
Yuz.uz,yuz,https://yuz.uz/ru/news/inostrannm-turistam-v-uzbekistane-budut-predostavlyat-esim-s-besplatnm-internetom,2026-07-09T10:30:00+05:00,site,,,132,1173,6,22.0,19.5,0.167,5,1.2,-18.9,23.0,37.88,30.3,60.61,0.0,0.0,0.0,0,0,1,0,0,0,10,83,утверждение,32,отложенный,0,0.0,нарратив,новость,0,0.0,0,1,True,False,0,False,False,,работа с первоисточником,False
Yuz.uz,yuz,https://yuz.uz/ru/news/v-uzbekistane-otmenili-ekosbor-dlya-avtomobiley-starshe-30-let-i-vvodyat-novuyu-sistemu-utilizatsii,2026-07-09T10:44:00+05:00,site,,,417,3313,25,16.24,15.0,0.08,10,2.1,6.9,17.5,105.52,7.19,28.78,28.78,9.59,2.4,0,2,1,0,0,0,14,94,утверждение,46,фактологический,0,0.0,перевёрнутая пирамида,расширенная новость,2,4.8,0,1,True,False,0,False,False,,собственный сбор,False
Yuz.uz,yuz,https://yuz.uz/ru/news/vrabotka-elektroenergii-v-uzbekistane-za-pervoe-polugodie-vrosla-na-71,2026-07-09T16:19:00+05:00,site,,,114,743,7,14.71,15.0,0.0,4,1.75,39.5,12.5,26.32,17.54,26.32,140.35,35.09,26.32,0,1,1,0,0,0,10,74,утверждение,34,фактологический,0,0.0,перевёрнутая пирамида,новость,1,8.77,0,1,True,False,0,False,False,,собственный сбор,False
Yuz.uz,yuz,https://yuz.uz/ru/news/v-kashkadarinskoy-oblasti-vyavlen-podpolne-tsexa-po-proizvodstvu-neprigodnogo-k-upotrebleniyu-rastitelnogo-masla,2026-07-09T16:47:22+05:00,site,,,92,720,5,17.6,23.0,0.4,3,1.67,9.1,17.6,86.96,21.74,21.74,54.35,0.0,0.0,1,1,1,0,0,0,13,114,утверждение,24,отложенный,0,0.0,nut graf,новость,1,10.87,0,0,False,False,0,False,False,,рерайт,False
Yuz.uz,yuz,https://yuz.uz/ru/news/zbekiston-va-belarus-munosabatlari-strategik-seriklik-dara,2026-07-09T17:30:00+05:00,site,,,311,2622,3,96.0,22.0,0.333,17,1.06,-108.3,59.0,64.31,9.65,38.59,45.02,0.0,25.72,0,0,0,0,0,0,9,77,утверждение,13,отложенный,0,0.0,nut graf,новость,0,0.0,0,0,False,False,0,False,False,,рерайт,False
Yuz.uz,yuz,https://yuz.uz/ru/news/uzbekistan-i-frantsiya-obsudili-nove-investitsionne-proekt-i-rasshirenie-ekonomicheskogo-sotrudnichestva,2026-07-10T09:43:00+05:00,site,,,97,698,5,17.2,13.0,0.2,3,1.67,28.6,14.8,61.86,0.0,30.93,82.47,10.31,20.62,0,0,1,0,0,0,11,101,утверждение,22,отложенный,0,0.0,nut graf,новость,0,0.0,0,0,False,False,0,False,False,,рерайт,False
Yuz.uz,yuz,https://yuz.uz/ru/news/sovmestne-proekt-uzbekistana-i-belarusi-sozdayut-shirokie-vozmojnosti-dlya-molodeji-,2026-07-10T10:19:41+05:00,site,,,1001,9187,48,20.6,20.5,0.312,19,2.26,-28.9,23.9,95.9,8.99,44.96,12.99,0.0,1.0,0,0,0,0,0,0,10,82,утверждение,47,отложенный,0,0.0,нарратив,аналитика,0,0.0,0,0,False,False,0,False,False,,рерайт,False
Yuz.uz,yuz,https://yuz.uz/ru/news/v-uzbekistane-vyavili-sluchai-zavsheniya-torgovx-nadbavok-na-lekarstva-na-19-mlrd-sumov,2026-07-10T12:30:00+05:00,site,,,135,1027,7,18.29,17.0,0.0,5,1.4,5.6,18.4,111.11,22.22,37.04,44.44,0.0,7.41,0,1,1,0,0,0,13,87,утверждение,38,фактологический,0,0.0,перевёрнутая пирамида,новость,0,0.0,0,0,False,False,0,False,False,,рерайт,False
Yuz.uz,yuz,https://yuz.uz/ru/news/zbekiston-prezidenti-icesco-bilan-amkorlikni-ianada-kengait,2026-07-10T15:05:00+05:00,site,,,123,1060,7,17.43,15.0,0.429,5,1.4,-12.9,20.7,113.82,8.13,40.65,8.13,0.0,0.0,0,0,0,0,0,0,9,79,утверждение,15,отложенный,0,0.0,nut graf,новость,0,0.0,0,0,False,False,0,False,False,,рерайт,False
Yuz.uz,yuz,https://yuz.uz/ru/news/v-uzbekistane-prinyat-konstitutsionny-zakon-o-tashkentskom-mejdunarodnom-finansovom-tsentre,2026-07-11T07:52:30+05:00,site,,,150,1235,7,21.14,19.0,0.286,3,1.67,-5.0,20.7,80.0,13.33,6.67,0.0,0.0,0.0,1,3,1,0,0,0,10,90,утверждение,30,фактологический,0,0.0,перевёрнутая пирамида,новость,3,20.0,0,0,False,False,0,False,False,,комментарий эксперта,False
Yuz.uz,yuz,https://yuz.uz/ru/news/prognoz-pogod-na-den-11-iyulya-,2026-07-11T08:21:00+05:00,site,,,42,332,7,5.71,3.0,0.0,2,3.5,44.6,8.9,47.62,0.0,0.0,190.48,0.0,0.0,0,1,1,0,0,0,6,30,утверждение,12,фактологический,0,0.0,перевёрнутая пирамида,новость,0,0.0,0,1,True,False,0,False,False,,работа с первоисточником,False
Yuz.uz,yuz,https://yuz.uz/ru/news/jonbibi-xukmova-zavoevala-vtoroe-zoloto-na-chempionate-azii-u23-po-legkoy-atletike,2026-07-12T08:16:07+05:00,site,,,122,848,5,20.2,20.0,0.2,6,1.0,1.5,19.5,49.18,0.0,8.2,57.38,0.0,0.0,0,0,1,0,0,0,12,81,утверждение,26,фактологический,0,0.0,разбор по пунктам,новость,0,0.0,0,0,False,False,0,False,False,,рерайт,False
Yuz.uz,yuz,https://yuz.uz/ru/news/dolya-zelenoy-energetiki-rastet-vrabotka-solnechnx-i-vetrovx-stantsiy-v-iyune-uvelichilas-na-229,2026-07-13T09:33:00+05:00,site,,,86,636,5,15.2,17.0,0.0,5,1.0,16.3,15.9,11.63,0.0,23.26,116.28,0.0,11.63,0,1,1,0,0,0,14,100,утверждение,6,фактологический,0,0.0,перевёрнутая пирамида,новость,1,11.63,0,1,True,False,0,False,False,,собственный сбор,False
Yuz.uz,yuz,https://yuz.uz/ru/news/bolee-25-mln-grajdan-uzbekistana-podklyuchili-uslugu-kreditny-zapret-dlya-zait-ot-moshennikov,2026-07-13T09:54:00+05:00,site,,,161,1213,10,14.6,14.0,0.0,7,0.86,23.6,14.7,37.27,0.0,62.11,37.27,0.0,0.0,3,1,4,0,0,0,13,95,утверждение,9,фактологический,0,0.0,разбор по пунктам,новость,0,0.0,0,2,True,False,0,False,False,,работа с первоисточником,False
Yuz.uz,yuz,https://yuz.uz/ru/news/predstavitel-gp-navoiyuran-prinyat-v-mejdunarodnuyu-texnicheskuyu-rabochuyu-gruppu-magate-,2026-07-13T15:13:00+05:00,site,,,116,958,5,23.0,21.0,0.4,5,1.0,-11.2,22.2,68.97,8.62,60.34,17.24,0.0,8.62,0,0,0,0,0,0,10,86,утверждение,16,фактологический,0,0.0,перевёрнутая пирамида,новость,0,0.0,0,0,False,False,0,False,False,,рерайт,False
Yuz.uz,yuz,https://yuz.uz/ru/news/qora-metallurgiia-sanoatini-ianada-rivozlantiris-vazifalari-be,2026-07-13T16:01:00+05:00,site,,,943,8042,42,21.67,19.0,0.262,24,1.75,-15.4,22.4,112.41,4.24,54.08,33.93,7.42,3.18,3,5,0,0,0,0,7,60,утверждение,34,фактологический,0,0.0,перевёрнутая пирамида,аналитика,3,3.18,0,0,False,False,0,False,False,,комментарий эксперта,False
Yuz.uz,yuz,https://yuz.uz/ru/news/logisticheskie-koridor-kak-faktor-ekonomicheskogo-rosta,2026-07-14T08:30:00+05:00,site,,,1316,11009,75,16.77,15.0,0.173,26,2.69,-2.9,19.1,113.98,6.84,31.91,31.16,3.04,0.76,6,1,0,0,0,0,6,54,утверждение,77,фактологический,0,0.0,перевёрнутая пирамида,расширенная новость,0,0.0,0,0,False,False,0,False,False,,рерайт,False
Yuz.uz,yuz,https://yuz.uz/ru/news/opredelen-poryadok-funktsionirovaniya-tashkentskogo-mejdunarodnogo-finansovogo-tsentra,2026-07-14T12:31:00+05:00,site,,,173,1451,7,22.86,17.0,0.286,6,1.0,-26.5,24.3,75.14,28.9,80.92,23.12,5.78,0.0,0,0,0,0,0,0,7,81,утверждение,17,отложенный,0,0.0,разбор по пунктам,новость,0,0.0,0,0,False,False,0,False,False,,рерайт,False
Yuz.uz,yuz,https://yuz.uz/ru/news/v-namanganskoy-oblasti-voditel-gosuchrejdeniya-podozrevaetsya-v-moshennichestve-pri-trudoustroystve-v-yujnoy-koree,2026-07-14T14:22:23+05:00,site,,,53,410,3,17.33,13.0,0.333,2,1.5,13.2,17.0,56.6,56.6,18.87,18.87,0.0,0.0,1,0,1,0,0,0,13,109,утверждение,34,фактологический,0,0.0,перевёрнутая пирамида,новость,0,0.0,0,0,False,False,0,False,False,,рерайт,False
Yuz.uz,yuz,https://yuz.uz/ru/news/vo-vsex-regionax-uzbekistana-usilen-mer-po-soxraneniyu-zelenx-nasajdeniy,2026-07-14T14:41:00+05:00,site,,,282,2217,14,20.14,20.0,0.214,7,1.86,-0.9,19.9,99.29,17.73,70.92,0.0,0.0,0.0,0,0,1,0,0,0,10,74,утверждение,34,сценический,0,0.0,нарратив,новость,0,0.0,0,1,True,False,0,False,False,,работа с первоисточником,False
Yuz.uz,yuz,https://yuz.uz/ru/news/iz-za-anomalnoy-jar-v-tashkente-vremenno-ogranichat-skorost-dvijeniya-nazemnx-poezdov-metro,2026-07-14T16:01:59+05:00,site,,,102,804,5,20.0,18.0,0.2,4,1.25,4.7,19.0,117.65,19.61,58.82,58.82,0.0,0.0,1,2,1,0,0,0,12,92,утверждение,37,фактологический,0,0.0,перевёрнутая пирамида,новость,0,0.0,0,0,False,False,0,False,False,,рерайт,False
Yuz.uz,yuz,https://yuz.uz/ru/news/pensiia-tizimini-islo-qilis-biica-takliflar-krib-ciqildi,2026-07-14T16:51:00+05:00,site,,,427,3212,22,18.41,18.0,0.136,16,1.38,11.8,17.5,121.78,11.71,28.1,49.18,14.05,4.68,0,2,0,0,0,0,6,60,утверждение,51,фактологический,0,0.0,перевёрнутая пирамида,расширенная новость,1,2.34,0,0,False,False,0,False,False,,рерайт,False
Yuz.uz,yuz,https://yuz.uz/ru/news/kak-zaitit-detey-i-pojilx-lyudey-v-period-silnoy-jar,2026-07-15T10:15:00+05:00,site,,,175,1309,7,23.86,15.0,0.286,3,1.0,1.6,20.7,57.14,0.0,34.29,22.86,0.0,0.0,0,0,1,0,0,0,10,57,вопрос,24,отложенный,0,0.0,разбор по пунктам,новость,0,0.0,0,0,False,False,0,False,False,,рерайт,False
Yuz.uz,yuz,https://yuz.uz/ru/news/kozga-korinmas-xavf-mikroplastik-va-bizning-dalamiz,2026-07-15T11:33:19+05:00,site,,,2162,16048,132,16.11,17.0,0.098,40,3.45,20.7,15.5,75.39,4.63,30.99,4.16,1.39,1.39,7,0,0,0,0,0,6,42,утверждение,102,отложенный,0,0.0,нарратив,аналитика,0,0.0,0,0,False,False,1,False,False,,рерайт,False
Yuz.uz,yuz,https://yuz.uz/ru/news/iskusstvenny-intellekt-nazval-obee-kolichestvo-derevev-na-zemle,2026-07-15T12:38:00+05:00,site,,,222,1727,19,11.42,12.0,0.0,7,2.71,18.1,14.4,90.09,0.0,40.54,27.03,9.01,0.0,0,3,1,0,0,0,8,65,утверждение,20,фактологический,0,0.0,перевёрнутая пирамида,новость,0,0.0,0,0,False,False,0,False,False,,рерайт,False
Yuz.uz,yuz,https://yuz.uz/ru/news/kolichestvo-sportivnx-shkol-v-uzbekistane-dostiglo-404,2026-07-15T17:50:00+05:00,site,,,96,599,2,25.5,25.5,0.5,2,1.0,-18.4,24.0,20.83,0.0,10.42,166.67,0.0,0.0,0,0,1,0,0,0,7,53,утверждение,20,фактологический,0,0.0,разбор по пунктам,новость,0,0.0,0,1,True,False,0,False,False,,работа с первоисточником,False
Yuz.uz,yuz,https://yuz.uz/ru/news/ekologicheskie-problem-samy-dorogoy-stsenariy---bezdeystvie,2026-07-16T09:13:00+05:00,site,,,1863,15105,150,12.14,12.0,0.007,55,2.67,2.9,16.8,112.72,9.66,54.21,13.42,5.9,1.07,5,0,0,0,0,0,7,60,утверждение,44,отложенный,0,0.0,nut graf,расширенная новость,0,0.0,0,0,False,False,1,False,False,,рерайт,True
Yuz.uz,yuz,https://yuz.uz/ru/news/uzbekistan-i-kitay-rasshiryayut-sotrudnichestvo-v-ramkax-proekta-jeleznoy-dorogi-kitay---krgzstan---uzbekistan,2026-07-16T11:40:00+05:00,site,,,120,1074,5,23.2,24.0,0.4,4,1.25,-22.8,23.9,91.67,8.33,75.0,0.0,0.0,0.0,1,2,1,0,0,0,15,110,утверждение,30,отложенный,0,0.0,nut graf,новость,0,0.0,0,1,True,False,0,False,False,,работа с первоисточником,False
Yuz.uz,yuz,https://yuz.uz/ru/news/energosistema-uzbekistana-obnovila-rekord-potreblenie-i-vrabotka-elektroenergii-dostigli-novx-maksimumov,2026-07-16T12:20:00+05:00,site,,,245,2085,16,14.81,12.5,0.125,7,2.0,-6.2,18.9,81.63,12.24,89.8,61.22,4.08,16.33,0,1,4,0,0,0,11,108,утверждение,35,фактологический,0,0.0,перевёрнутая пирамида,новость,1,4.08,0,4,True,False,0,False,False,,собственный сбор,False
Yuz.uz,yuz,https://yuz.uz/ru/news/obsujden-perspektiv-sotrudnichestva-s-kitayskoy-kompaniey-ant-group-v-sfere-razvitiya-iskusstvennogo-intellekta-v-uzbekistane,2026-07-16T15:07:00+05:00,site,,,235,2026,10,23.5,23.0,0.4,6,1.67,-10.2,22.2,80.85,4.26,68.09,0.0,0.0,0.0,0,2,1,0,0,0,15,125,утверждение,24,отложенный,0,0.0,nut graf,новость,2,8.51,0,0,False,False,0,False,False,,комментарий эксперта,False
Yuz.uz,yuz,https://yuz.uz/ru/news/v-navoiyskoy-oblasti-sozdaetsya-edinstvenny-v-respublike-turisticheskiy-aul,2026-07-16T15:47:47+05:00,site,,,263,2052,15,16.93,18.0,0.2,10,1.6,10.7,17.2,98.86,15.21,30.42,34.22,0.0,7.6,3,0,0,0,0,0,9,76,утверждение,19,отложенный,0,0.0,нарратив,новость,0,0.0,0,0,False,False,0,False,False,,рерайт,False
Yuz.uz,yuz,https://yuz.uz/ru/news/v-kakie-stran-chae-vsego-ezdyat-uzbekistants,2026-07-16T17:50:00+05:00,site,,,90,507,2,23.5,23.5,0.5,2,1.0,-6.6,21.7,66.67,11.11,0.0,144.44,0.0,11.11,0,0,1,0,0,0,7,45,вопрос,14,фактологический,0,0.0,разбор по пунктам,новость,0,0.0,0,1,True,False,0,False,False,,работа с первоисточником,False
Yuz.uz,yuz,https://yuz.uz/ru/news/grajdanam-uzbekistana-v-primore-okazana-pomo-v-vozvraenii-na-rodinu,2026-07-17T09:00:00+05:00,site,,,153,1138,7,21.71,21.0,0.429,5,1.4,15.3,18.1,111.11,0.0,45.75,26.14,0.0,26.14,1,0,1,0,0,0,10,71,утверждение,34,отложенный,0,0.0,nut graf,новость,0,0.0,0,0,False,False,0,False,False,,рерайт,False
Yuz.uz,yuz,https://yuz.uz/ru/news/v-buxarskoy-oblasti-i-karakalpakstane-presechen-nezakonny-oborot-lekarstvennx-preparatov,2026-07-17T11:53:34+05:00,site,,,259,2136,11,22.09,22.0,0.273,10,1.1,-10.8,21.9,88.8,19.31,38.61,50.19,0.0,0.0,2,0,1,0,0,0,10,89,утверждение,36,отложенный,0,0.0,nut graf,новость,0,0.0,0,0,False,False,0,False,False,,рерайт,False
Yuz.uz,yuz,https://yuz.uz/ru/news/superkambek-ot-agmk-v-vezdnoy-igre-s-navbaxorom-i-golom-sentoku,2026-07-18T07:40:00+05:00,site,,,633,4233,43,14.4,14.0,0.07,12,3.58,44.3,11.7,47.39,3.16,3.16,30.02,0.0,4.74,0,0,1,0,0,0,11,66,утверждение,16,фактологический,0,0.0,перевёрнутая пирамида,расширенная новость,0,0.0,0,0,False,False,0,False,False,,рерайт,False
Yuz.uz,yuz,https://yuz.uz/ru/news/institut-angliyskogo-prava-zachem-oni-uzbekistanu,2026-07-18T16:34:14+05:00,site,,,1155,9311,52,21.38,20.5,0.288,5,8.0,-0.2,20.2,93.51,5.19,37.23,13.85,0.0,7.79,1,1,0,0,0,0,6,51,вопрос,634,фактологический,0,0.0,перевёрнутая пирамида,расширенная новость,1,0.87,0,0,False,False,0,False,False,,рерайт,False
Yuz.uz,yuz,https://yuz.uz/ru/news/iz-polshi-v-uzbekistan-ekstradirovan-grajdanin-naxodivshiysya-v-mejdunarodnom-rozske-interpola,2026-07-19T08:13:00+05:00,site,,,81,707,3,26.33,22.0,0.333,3,1.0,-25.2,25.2,98.77,24.69,74.07,24.69,0.0,0.0,0,1,1,0,0,0,11,94,утверждение,24,фактологический,0,0.0,перевёрнутая пирамида,новость,1,12.35,0,0,False,False,0,False,False,,рерайт,False
Yuz.uz,yuz,https://yuz.uz/ru/news/angliya-pobedila-frantsiyu-v-matche-za-trete-mesto-so-schetom-64,2026-07-19T10:30:17+05:00,site,,,1254,8107,78,15.71,15.0,0.141,23,3.43,50.1,11.3,67.78,0.0,4.78,27.11,0.0,0.8,4,4,0,0,0,0,11,61,утверждение,23,фактологический,0,0.0,перевёрнутая пирамида,расширенная новость,3,2.39,0,0,False,False,0,False,False,,комментарий эксперта,False
Yuz.uz,yuz,https://yuz.uz/ru/news/v-uzbekistane-predprinimatelyam-razreshat-menyat-tseli-ispolzovaniya-priobretennoy-valyut,2026-07-20T11:03:00+05:00,site,,,92,757,4,22.75,22.5,0.25,4,1.0,0.3,20.5,108.7,54.35,43.48,10.87,0.0,0.0,1,0,1,0,0,0,9,86,утверждение,24,фактологический,0,0.0,перевёрнутая пирамида,новость,0,0.0,0,0,False,False,0,False,False,,рерайт,False
Yuz.uz,yuz,https://yuz.uz/ru/news/ministerstvo-vnutrennix-del-i-palata-advokatov-uzbekistana-podpisali-memorandum-o-sotrudnichestve,2026-07-20T14:53:00+05:00,site,,,272,2472,11,24.73,24.0,0.455,9,1.22,-30.4,25.4,84.56,33.09,84.56,0.0,0.0,0.0,0,0,1,0,0,0,11,96,утверждение,29,отложенный,0,0.0,нарратив,новость,0,0.0,0,1,True,False,0,False,False,,работа с первоисточником,False
Yuz.uz,yuz,https://yuz.uz/ru/news/stepnoy-kot-popal-v-obektiv-fotolovushki-zapovednika-aktau-tamd,2026-07-20T16:12:09+05:00,site,,,147,1088,9,15.78,15.0,0.111,4,2.25,21.3,15.4,108.84,6.8,40.82,34.01,0.0,6.8,0,0,1,0,0,0,8,66,утверждение,39,отложенный,0,0.0,нарратив,новость,0,0.0,0,1,True,False,0,False,False,,работа с первоисточником,False
Yuz.uz,yuz,https://yuz.uz/ru/news/za-mesyats-v-tashkentskoy-oblasti-vyavleno-bolee-20-sluchaev-nezakonnogo-sbrosa-stroitelnx-otxodov,2026-07-20T17:20:10+05:00,site,,,103,803,4,24.25,26.0,0.5,3,1.33,-5.6,21.8,106.8,19.42,67.96,48.54,0.0,19.42,0,0,1,0,0,0,13,96,утверждение,34,фактологический,0,0.0,перевёрнутая пирамида,новость,0,0.0,0,1,True,False,0,False,False,,работа с первоисточником,False
Yuz.uz,yuz,https://yuz.uz/ru/news/prognoz-pogod-na-den-21-iyulya-,2026-07-21T08:07:00+05:00,site,,,58,428,7,8.0,9.0,0.0,2,3.5,50.5,8.8,17.24,0.0,17.24,206.9,0.0,0.0,0,1,1,0,0,0,6,30,утверждение,23,фактологический,0,0.0,перевёрнутая пирамида,новость,0,0.0,0,1,True,False,0,False,False,,работа с первоисточником,False
Yuz.uz,yuz,https://yuz.uz/ru/news/v-gosudarstvennx-vsshix-obrazovatelnx-uchrejdeniyax-uzbekistana-otkrt-11-novx-napravleniy-podgotovki,2026-07-21T09:31:00+05:00,site,,,106,843,3,31.67,23.0,0.333,3,1.0,-25.4,26.9,47.17,18.87,56.6,0.0,0.0,0.0,0,2,2,0,0,0,11,104,утверждение,3,отложенный,0,0.0,разбор по пунктам,новость,1,9.43,0,2,True,False,0,False,False,,собственный сбор,False
Yuz.uz,yuz,https://yuz.uz/ru/news/v-buxarskoy-oblasti-bvshiy-rukovoditel-filiala-banka-oformil-kredit-na-imya-grajdanina-bez-ego-vedoma-i-prisvoil-sredstva,2026-07-21T12:27:34+05:00,site,,,130,1026,6,21.67,18.5,0.167,4,1.5,5.8,19.4,100.0,38.46,69.23,30.77,0.0,0.0,0,0,1,0,0,0,18,121,утверждение,36,фактологический,0,0.0,перевёрнутая пирамида,новость,0,0.0,0,0,False,False,0,False,False,,рерайт,False
Yuz.uz,yuz,https://yuz.uz/ru/news/iqtisodietda-iuqori-sisni-taieminlas-va-aoli-farovonligini-o,2026-07-21T19:27:00+05:00,site,,,1230,9779,66,17.86,18.0,0.106,26,2.54,4.8,18.3,111.38,10.57,47.15,38.21,8.13,2.44,6,5,0,0,0,0,13,118,утверждение,56,фактологический,0,0.0,перевёрнутая пирамида,аналитика,4,3.25,0,0,False,False,0,False,False,,комментарий эксперта,False
Yuz.uz,yuz,https://yuz.uz/ru/news/prognoz-pogod-na-den-22-iyulya-,2026-07-22T08:10:00+05:00,site,,,55,415,7,7.57,9.0,0.0,2,3.5,47.3,9.1,18.18,0.0,36.36,218.18,0.0,0.0,0,1,1,0,0,0,6,30,утверждение,23,фактологический,0,0.0,перевёрнутая пирамида,новость,0,0.0,0,1,True,False,0,False,False,,работа с первоисточником,False
Yuz.uz,yuz,https://yuz.uz/ru/news/kak-strategicheskoe-partnerstvo-uzbekistana-i-belarusi-prevraaet-trud-v-doxod-zemlyu----v-urojay-a-drujbu---v-blagopoluchie-narodov,2026-07-22T08:27:00+05:00,site,,,2558,20254,128,19.52,19.0,0.211,52,2.65,4.6,18.9,93.04,3.13,33.23,13.29,0.78,0.39,2,2,0,0,0,0,20,130,how-to,45,фактологический,0,0.0,перевёрнутая пирамида,расширенная новость,2,0.78,0,0,False,False,0,False,False,,комментарий эксперта,False
Yuz.uz,yuz,https://yuz.uz/ru/news/prochnaya-osnova-dlya-ekonomicheskogo-razvitiya-stran,2026-07-22T15:35:00+05:00,site,,,217,1653,14,14.36,14.0,0.0,7,2.0,7.0,16.9,73.73,9.22,41.47,55.3,0.0,4.61,0,0,0,0,0,0,6,49,утверждение,52,фактологический,0,0.0,перевёрнутая пирамида,новость,0,0.0,0,0,False,False,0,False,False,,рерайт,False
Yuz.uz,yuz,https://yuz.uz/ru/news/tashkent-primet-mejdunarodne-obrazovatelne-meropriyatiya-ukreplyaya-pozitsii-uzbekistana-kak-tsentra-mice-turizma,2026-07-22T16:37:00+05:00,site,,,252,2109,11,21.91,21.0,0.364,8,1.38,-4.4,20.9,91.27,39.68,43.65,23.81,0.0,3.97,0,0,1,0,0,0,11,110,утверждение,43,фактологический,0,0.0,перевёрнутая пирамида,новость,0,0.0,0,1,True,False,0,False,False,,работа с первоисточником,False
Yuz.uz,yuz,https://yuz.uz/ru/news/tashkent-stanovitsya-ee-bolee-privlekatelnm-dlya-turistov,2026-07-23T09:47:00+05:00,site,,,107,803,5,19.6,23.0,0.2,4,1.25,7.8,18.5,112.15,9.35,37.38,74.77,0.0,0.0,0,1,1,0,0,0,7,57,утверждение,30,фактологический,0,0.0,перевёрнутая пирамида,новость,1,9.35,0,0,False,False,0,False,False,,рерайт,False
Yuz.uz,yuz,https://yuz.uz/ru/news/jitel-tashkenta-lishilsya-89-tsyach-dollarov-poveriv-obeaniyam-znakomogo-pomoch-s-pokupkoy-zemli,2026-07-23T11:00:00+05:00,site,,,198,1674,13,15.0,14.0,0.077,5,2.0,-1.6,18.3,45.45,10.1,45.45,15.15,0.0,0.0,0,0,0,0,0,0,13,94,утверждение,19,отложенный,0,0.0,nut graf,новость,0,0.0,0,0,False,False,0,False,False,,рерайт,False
Yuz.uz,yuz,https://yuz.uz/ru/news/v-axangarane-vyavlen-fakt-nezakonnoy-oxot-na-sibirskogo-gornogo-kozla,2026-07-23T11:41:31+05:00,site,,,96,666,5,18.0,16.0,0.2,4,1.25,20.5,16.2,93.75,31.25,31.25,62.5,0.0,0.0,2,0,1,0,0,0,10,70,утверждение,30,отложенный,0,0.0,nut graf,новость,0,0.0,0,1,True,False,0,False,False,,работа с первоисточником,False
Yuz.uz,yuz,https://yuz.uz/ru/news/v-tashkente-zaderjan-troe-grajdan-ukrain-podozrevaemx-v-sbte-narkotikov-cherez-internet-magazin-i-tayniki-zakladki,2026-07-23T12:20:00+05:00,site,,,139,1014,9,14.44,14.0,0.111,6,1.5,21.6,14.9,151.08,7.19,50.36,57.55,0.0,14.39,0,0,1,0,0,0,15,121,утверждение,38,фактологический,0,0.0,перевёрнутая пирамида,новость,0,0.0,0,0,False,False,0,False,False,,рерайт,False
Yuz.uz,yuz,https://yuz.uz/ru/news/istanbul-bashakshexir-sgral-vnichyu-s-inter-turku-vo-vtorom-raunde-otbora-ligi-konferentsiy-uefa,2026-07-23T16:02:00+05:00,site,,,121,782,10,11.2,8.0,0.1,6,1.67,54.9,9.3,115.7,0.0,8.26,66.12,0.0,8.26,1,1,0,0,0,0,14,97,утверждение,16,фактологический,0,0.0,перевёрнутая пирамида,новость,0,0.0,0,0,False,False,0,False,False,,рерайт,False
Yuz.uz,yuz,https://yuz.uz/ru/news/shokolad-s-gashishem-i-nezakonnaya-plantatsiya-kannabisa-v-xorezmskoy-i-namanganskoy-oblastyax-presechen-fakt-oborota-narkotikov,2026-07-24T09:41:00+05:00,site,,,121,986,8,14.5,13.0,0.125,5,1.6,5.6,17.1,99.17,33.06,49.59,41.32,0.0,8.26,0,0,1,0,0,0,16,123,утверждение,29,фактологический,0,0.0,перевёрнутая пирамида,новость,0,0.0,0,0,False,False,0,False,False,,рерайт,False
Yuz.uz,yuz,https://yuz.uz/ru/news/sovremennaya-vneshnyaya-politika-novogo-uzbekistana---strategiya-otkrtosti-i-sotrudnichestva,2026-07-24T09:57:30+05:00,site,,,1192,10869,60,19.62,20.5,0.183,21,2.57,-28.9,23.6,103.19,14.26,62.92,9.23,0.0,5.03,2,0,0,0,0,0,10,87,утверждение,65,отложенный,0,0.0,nut graf,расширенная новость,0,0.0,0,0,False,False,0,True,False,,рерайт,False
Yuz.uz,yuz,https://yuz.uz/ru/news/tsifra-dnya-zelenaya-energiya-dostigla-7-mlrd-kvtch---eto-na-23-bolshe-chem-za-analogichny-period-proshlogo-goda,2026-07-24T12:39:00+05:00,site,,,207,1507,7,25.71,22.0,0.429,6,1.17,3.8,21.0,48.31,14.49,19.32,96.62,0.0,28.99,0,1,1,0,0,0,19,111,утверждение,43,отложенный,0,0.0,разбор по пунктам,новость,1,4.83,0,1,True,False,0,False,False,,собственный сбор,False
Yuz.uz,yuz,https://yuz.uz/ru/news/podpisan-plan-deystviy-po-prodvijeniyu-mejdunarodnogo-gumanitarnogo-prava-na-2026-2027-god,2026-07-24T16:00:00+05:00,site,,,442,3766,17,24.88,24.0,0.471,12,1.67,-20.3,24.1,67.87,22.62,45.25,33.94,0.0,13.57,2,9,0,0,0,0,11,90,утверждение,44,фактологический,0,0.0,перевёрнутая пирамида,интервью,8,18.1,0,0,False,False,0,False,False,,комментарий эксперта,False
Yuz.uz,yuz,https://yuz.uz/ru/news/zbekiston-rossiia-parlamentlararo-aloqalarini-ianada-rivozl,2026-07-24T16:45:00+05:00,site,,,64,590,3,21.33,19.0,0.333,3,1.0,-28.4,24.1,78.12,0.0,31.25,0.0,0.0,0.0,0,1,0,0,0,0,9,106,утверждение,18,отложенный,0,0.0,nut graf,новость,0,0.0,0,0,False,False,0,False,False,,рерайт,False
Yuz.uz,yuz,https://yuz.uz/ru/news/zbekiston-va-qatar-etakcilari-kun-tartibidagi-dolzarb-masal,2026-07-24T21:15:00+05:00,site,,,82,682,5,16.4,14.0,0.0,4,1.25,-13.1,20.4,48.78,12.2,36.59,0.0,0.0,0.0,0,0,0,0,0,0,9,68,утверждение,20,отложенный,0,0.0,нарратив,новость,0,0.0,0,0,False,False,0,False,False,,рерайт,False
Yuz.uz,yuz,https://yuz.uz/ru/news/xorizii-etakcilarning-samimii-qutlovlari,2026-07-24T22:38:00+05:00,site,,,430,3965,4,107.25,26.0,0.5,55,1.0,-128.3,65.4,148.84,0.0,27.91,0.0,0.0,0.0,0,0,0,0,0,0,4,41,утверждение,33,отложенный,0,0.0,нарратив,расширенная новость,0,0.0,0,0,False,False,0,False,False,,рерайт,False
Yuz.uz,yuz,https://yuz.uz/ru/news/venchurne-investitsii--put-ot-chistogo-lista-k-mirovomu-liderstvu,2026-07-25T07:50:00+05:00,site,,,1063,8740,66,15.82,15.0,0.106,23,3.0,5.2,17.6,103.48,1.88,36.69,21.64,3.76,3.76,1,1,0,0,0,0,9,64,утверждение,49,отложенный,0,0.0,nut graf,аналитика,0,0.0,0,0,False,False,0,False,False,,рерайт,False
Yuz.uz,yuz,https://yuz.uz/ru/news/v-tashkente-na-tri-dnya-chastichno-perekroyut-dvijenie-na-perekrestke-ulits-kori-niyoziy-i-niyozbek-yuli,2026-07-26T09:01:00+05:00,site,,,96,742,6,15.33,15.5,0.0,4,1.5,7.3,17.2,187.5,20.83,52.08,41.67,0.0,20.83,0,1,1,0,0,0,15,96,утверждение,26,фактологический,0,0.0,перевёрнутая пирамида,новость,1,10.42,0,0,False,False,0,False,False,,рерайт,False
Yuz.uz,yuz,https://yuz.uz/ru/news/v-uzbekistane-vdelyat-105-mln-dollarov-na-razvitie-ptitsevodstva-i-zapusk-novx-proizvodstv,2026-07-26T10:00:00+05:00,site,,,133,897,4,28.5,28.5,0.5,4,1.0,22.7,19.2,75.19,7.52,0.0,135.34,30.08,52.63,3,0,2,0,0,0,13,90,утверждение,39,фактологический,0,0.0,перевёрнутая пирамида,новость,0,0.0,0,0,False,False,0,False,False,,рерайт,False
Yuz.uz,yuz,https://yuz.uz/ru/news/grajdaninu-uzbekistana-okazavshemusya-v-trudnoy-situatsii-v-belarusi-pomogli-vernutsya-na-rodinu,2026-07-27T09:04:00+05:00,site,,,117,868,5,23.2,26.0,0.6,4,1.25,12.4,19.0,128.21,17.09,34.19,8.55,0.0,8.55,1,0,1,0,0,0,12,95,утверждение,17,отложенный,0,0.0,нарратив,новость,0,0.0,0,0,False,False,0,False,False,,рерайт,False
Yuz.uz,yuz,https://yuz.uz/ru/news/v-surxandarinskoy-i-djizakskoy-oblastyax-izyato-pochti-9-kg-narkoticheskix-sredstv,2026-07-27T09:12:00+05:00,site,,,103,883,7,14.14,12.0,0.0,3,2.33,-6.4,18.7,67.96,29.13,38.83,38.83,0.0,0.0,0,0,1,0,0,0,11,80,утверждение,33,фактологический,0,0.0,перевёрнутая пирамида,новость,0,0.0,0,0,False,False,0,False,False,,рерайт,False
Yuz.uz,yuz,https://yuz.uz/ru/news/molodej-uzbekistana-dobilas-vsokix-rezultatov-na-mejdunarodnom-,2026-07-27T11:19:00+05:00,site,,,148,1225,6,23.5,23.0,0.333,5,1.2,-7.4,21.8,87.84,0.0,33.78,27.03,0.0,0.0,1,0,1,0,0,0,11,102,утверждение,26,отложенный,0,0.0,nut graf,новость,0,0.0,0,1,True,False,0,False,False,,работа с первоисточником,False
Yuz.uz,yuz,https://yuz.uz/ru/news/27-28-iyulya-v-krgzstane-proydut-dni-kultur-uzbekistana,2026-07-27T12:39:00+05:00,site,,,110,995,5,21.6,22.0,0.4,5,1.0,-22.1,23.3,145.45,18.18,18.18,9.09,0.0,0.0,0,1,1,0,0,0,8,57,утверждение,22,фактологический,0,0.0,перевёрнутая пирамида,новость,1,9.09,0,0,False,False,0,False,False,,рерайт,False
Yuz.uz,yuz,https://yuz.uz/ru/news/v-andijanskoy-oblasti-v-sotrudnichestve-s-yujnokoreyskoy-kompaniey-realizuyut-investitsionny-proekt-na-300-millionov-dollarov,2026-07-27T15:45:00+05:00,site,,,157,1211,6,25.17,28.0,0.667,5,1.2,5.4,20.6,101.91,6.37,25.48,31.85,0.0,12.74,0,0,1,0,0,0,15,122,утверждение,15,фактологический,0,0.0,перевёрнутая пирамида,новость,0,0.0,0,0,False,False,0,False,False,,рерайт,False
Yuz.uz,yuz,https://yuz.uz/ru/news/tashkent-razvivaet-sotrudnichestvo-s-yaponiey-v-sfere-jkx-i-energoeffektivnogo-upravleniya-domami,2026-07-28T09:36:00+05:00,site,,,124,1142,5,24.8,23.0,0.4,5,1.0,-38.2,26.5,32.26,8.06,104.84,0.0,0.0,0.0,0,0,1,0,0,0,12,93,утверждение,18,отложенный,0,0.0,нарратив,новость,0,0.0,0,0,False,False,0,False,False,,рерайт,False
Yuz.uz,yuz,https://yuz.uz/ru/news/uzbekistan-i-belarus-partnerstvo-obedinyayuee-ekonomiku-region-i-lyudey,2026-07-28T10:10:00+05:00,site,,,1756,14924,86,19.99,19.5,0.186,46,2.07,-11.2,21.2,85.99,10.82,47.27,19.93,0.0,2.28,1,0,0,0,0,0,9,75,утверждение,88,отложенный,0,0.0,nut graf,расширенная новость,0,0.0,0,0,False,False,0,False,False,,рерайт,False
Yuz.uz,yuz,https://yuz.uz/ru/news/na-rudnike-muruntau-primenyayutsya-sovremenne-burove-ustanovki,2026-07-28T14:21:00+05:00,site,,,207,1624,12,16.5,16.0,0.167,4,1.75,1.7,18.3,111.11,9.66,43.48,33.82,0.0,4.83,1,0,0,0,0,0,7,61,утверждение,57,фактологический,0,0.0,перевёрнутая пирамида,новость,0,0.0,0,0,False,False,0,False,False,,рерайт,False
Yuz.uz,yuz,https://yuz.uz/ru/news/zbekiston-prezidenti-iangi-taiinlangan-xorizii-elcilardan-is,2026-07-28T14:28:00+05:00,site,,,681,5981,34,19.82,18.5,0.176,25,1.36,-14.2,21.6,101.32,7.34,46.99,8.81,1.47,0.0,2,12,0,0,0,0,10,87,утверждение,56,отложенный,0,0.0,nut graf,расширенная новость,4,5.87,0,0,False,False,0,False,False,,комментарий эксперта,False
Yuz.uz,yuz,https://yuz.uz/ru/news/gol-anvarjona-gafurova-spas-neftchi-ot-porajeniya-s-navbaxorom,2026-07-29T07:38:48+05:00,site,,,358,2432,23,15.13,13.0,0.087,9,2.56,41.2,12.4,50.28,0.0,5.59,33.52,0.0,5.59,0,0,1,0,0,0,9,64,утверждение,10,фактологический,0,0.0,перевёрнутая пирамида,расширенная новость,0,0.0,0,0,False,False,0,False,False,,рерайт,False
Yuz.uz,yuz,https://yuz.uz/ru/news/v-tashkente-prodoljaetsya-tsifrovizatsiya-sistem-vodosnabjeniya-ustanovleno-pochti-175-tsyach-umnx-schetchikov,2026-07-29T09:15:00+05:00,site,,,67,461,3,19.67,18.0,0.0,3,1.0,20.3,16.7,134.33,14.93,14.93,44.78,14.93,0.0,0,1,1,0,0,0,12,103,утверждение,7,фактологический,0,0.0,перевёрнутая пирамида,новость,1,14.93,0,0,False,False,0,False,False,,рерайт,False
Yuz.uz,yuz,https://yuz.uz/ru/news/issledovaniya-uchenogo-iz-uzbekistana-mogut-otkrt-nove-vozmojnosti-v-borbe-s-rakom,2026-07-29T10:08:00+05:00,site,,,257,2205,12,21.25,21.5,0.417,8,1.5,-12.2,21.8,54.47,7.78,46.69,15.56,0.0,0.0,0,0,1,0,0,0,12,84,утверждение,28,отложенный,0,0.0,нарратив,новость,0,0.0,0,1,True,False,0,False,False,,работа с первоисточником,False
Yuz.uz,yuz,https://yuz.uz/ru/news/v-aeroportu-tashkenta-presechena-poptka-vvoza-44-kg-sinteticheskogo-narkotika,2026-07-29T15:33:00+05:00,site,,,130,1024,8,15.38,15.0,0.125,5,1.6,10.0,16.8,153.85,15.38,53.85,38.46,0.0,7.69,1,0,1,0,0,0,10,76,утверждение,22,фактологический,0,0.0,перевёрнутая пирамида,новость,0,0.0,0,0,False,False,0,False,False,,рерайт,False
Yuz.uz,yuz,https://yuz.uz/ru/news/v-tashkente-zapuen-pervy-uchastok-sistem-zelenaya-volna,2026-07-29T16:03:00+05:00,site,,,133,913,7,17.57,17.0,0.143,5,1.4,25.7,15.3,75.19,7.52,45.11,60.15,15.04,0.0,0,0,1,0,0,0,8,57,утверждение,17,отложенный,0,0.0,nut graf,новость,0,0.0,0,0,False,False,0,False,False,,рерайт,False
Yuz.uz,yuz,https://yuz.uz/ru/news/afganskie-predprinimateli-znakomyatsya-s-vozmojnostyami-torgovli-avtomobilyami-i-zapasnmi-chastyami-v-tashkente,2026-07-29T16:52:00+05:00,site,,,110,958,5,22.0,22.0,0.4,4,1.25,-7.0,21.3,90.91,27.27,45.45,0.0,0.0,0.0,0,0,1,0,0,0,12,105,утверждение,45,отложенный,0,0.0,нарратив,новость,0,0.0,0,0,False,False,0,False,False,,рерайт,False
Yuz.uz,yuz,https://yuz.uz/ru/news/zdravooxranenie-upravlenie-otvetstvennost-doverie,2026-07-30T09:52:55+05:00,site,,,1286,11125,76,16.71,15.0,0.118,30,2.63,-14.1,20.6,79.32,14.77,90.2,3.89,0.0,1.56,2,0,0,0,0,0,4,53,утверждение,30,фактологический,0,0.0,перевёрнутая пирамида,аналитика,0,0.0,0,0,False,False,0,False,False,,рерайт,False
Yuz.uz,yuz,https://yuz.uz/ru/news/uzbekistan-primet-kubok-azii-u17-po-futbolu-v-2027-godu,2026-07-30T11:16:00+05:00,site,,,87,594,4,18.5,17.5,0.25,3,1.33,15.5,17.0,68.97,11.49,11.49,91.95,0.0,68.97,0,0,1,0,0,0,10,55,утверждение,24,фактологический,0,0.0,перевёрнутая пирамида,новость,0,0.0,0,0,False,False,0,False,False,,рерайт,False
Yuz.uz,yuz,https://yuz.uz/ru/news/zbekiston-va-qirgiziston-munosabatlari-ittifoqcilik-darazas,2026-07-30T15:46:00+05:00,site,,,128,1039,1,114.0,114.0,1.0,12,1.0,-126.9,67.3,7.81,15.62,62.5,46.88,0.0,23.44,0,0,0,0,0,0,8,64,утверждение,13,отложенный,0,0.0,нарратив,новость,0,0.0,0,0,False,False,0,False,False,,рерайт,False
Yuz.uz,yuz,https://yuz.uz/ru/news/zbekiston-va-qirgiziston-prezidentlari-samarali-muzokaralar,2026-07-30T17:16:00+05:00,site,,,465,4040,29,15.72,14.0,0.069,22,1.36,-4.2,18.9,133.33,8.6,53.76,10.75,0.0,2.15,1,4,0,0,0,0,8,75,утверждение,23,фактологический,0,0.0,перевёрнутая пирамида,расширенная новость,2,4.3,0,0,False,False,0,False,False,,комментарий эксперта,False
Yuz.uz,yuz,https://yuz.uz/ru/news/v-uzbekistane-vvoditsya-novaya-sistema-sertifikatsii-uchiteley-predusmotren-nove-urovni-otsenki-znaniy-i-premii,2026-07-31T11:05:00+05:00,site,,,209,1738,7,28.43,23.0,0.286,7,1.0,-21.0,25.3,81.34,9.57,52.63,28.71,4.78,4.78,0,0,2,0,0,0,14,109,утверждение,24,фактологический,0,0.0,разбор по пунктам,новость,0,0.0,0,0,False,False,0,False,False,,рерайт,False
Yuz.uz,yuz,https://yuz.uz/ru/news/sotrudnichestvo-uzbekistana-so-stranami-tsentralnoy-azii-i-azerbaydjanom-infografika,2026-07-31T12:18:34+05:00,site,,,737,5249,24,25.75,21.0,0.333,22,1.45,11.0,20.0,75.98,9.5,16.28,131.61,27.14,10.85,2,0,0,0,1,0,9,84,утверждение,45,фактологический,0,0.0,разбор по пунктам,интервью,0,0.0,0,0,False,False,0,False,False,,рерайт,False
Yuz.uz,yuz,https://yuz.uz/ru/news/kolichestvo-spetsialistov-issledovateley-so-stepenyu-phd-v-uzbekistane-dostiglo-155-tsyachi,2026-07-31T16:00:50+05:00,site,,,95,689,3,27.67,20.0,0.333,4,1.0,-8.0,23.2,31.58,0.0,0.0,115.79,21.05,42.11,0,1,0,0,0,0,10,89,утверждение,10,фактологический,0,0.0,перевёрнутая пирамида,новость,1,10.53,0,0,False,False,0,False,False,,рерайт,False
Yuz.uz,yuz,https://yuz.uz/ru/news/v-zarafshane-budut-razvivat-velosport,2026-07-31T17:52:14+05:00,site,,,84,726,5,16.8,22.0,0.2,4,1.25,-17.5,21.1,202.38,0.0,23.81,0.0,0.0,0.0,0,1,0,0,0,0,5,37,утверждение,9,отложенный,0,0.0,nut graf,новость,0,0.0,0,0,False,False,0,False,False,,рерайт,False
Yuz.uz,yuz,https://yuz.uz/ru/news/rabotnikam-sfer-jeleznodorojnogo-transporta-uzbekistana,2026-07-31T19:40:00+05:00,site,,,369,3066,14,24.93,24.0,0.357,14,1.07,-15.7,23.4,102.98,5.42,32.52,8.13,0.0,0.0,1,0,0,0,0,0,5,56,утверждение,25,отложенный,0,0.0,nut graf,расширенная новость,0,0.0,0,0,False,False,0,False,False,,рерайт,False
Yuz.uz,yuz,https://yuz.uz/ru/news/v-maxalle-lolazor-v-tashkente-vedutsya-rabot-po-blagoustroystvu,2026-08-01T08:44:00+05:00,site,,,82,658,5,16.4,17.0,0.0,4,1.25,3.0,18.1,158.54,24.39,24.39,0.0,0.0,0.0,0,0,1,0,0,0,9,64,утверждение,17,отложенный,0,0.0,нарратив,новость,0,0.0,0,0,False,False,0,False,False,,рерайт,False
Yuz.uz,yuz,https://yuz.uz/ru/news/baltika-v-kaliningrade-obgralo-dinamo-v-matche-rpl,2026-08-02T05:57:54+05:00,site,,,517,3439,36,14.08,14.0,0.111,10,3.6,46.3,11.3,46.42,0.0,7.74,25.15,0.0,1.93,1,0,1,0,0,0,8,54,утверждение,13,фактологический,0,0.0,перевёрнутая пирамида,расширенная новость,0,0.0,0,0,False,False,0,False,False,,рерайт,False
Yuz.uz,yuz,https://yuz.uz/ru/news/v-otdelnx-rayonax-tashkenta-vremenno-ogranichat-podachu-pitevoy-vod-v-svyazi-s-profilakticheskimi-rabotami,2026-08-02T09:20:00+05:00,site,,,280,2264,14,18.14,17.0,0.071,11,1.27,-15.3,21.2,107.14,39.29,92.86,39.29,0.0,0.0,0,1,1,0,0,0,14,105,утверждение,33,отложенный,0,0.0,разбор по пунктам,новость,1,3.57,0,0,False,False,0,False,False,,рерайт,False
Yuz.uz,yuz,https://yuz.uz/ru/news/prognoz-pogod-na-den-3-avgusta-,2026-08-03T08:25:00+05:00,site,,,45,315,6,7.17,8.5,0.0,2,3.0,59.1,7.3,44.44,0.0,44.44,266.67,0.0,0.0,0,1,1,0,0,0,6,32,утверждение,23,фактологический,0,0.0,перевёрнутая пирамида,новость,0,0.0,0,1,True,False,0,False,False,,работа с первоисточником,False
Yuz.uz,yuz,https://yuz.uz/ru/news/xusayn-norchaev-zabil-chetre-gola-za-navbaxor-v-vorota-xorezma,2026-08-03T09:22:00+05:00,site,,,308,2058,21,14.1,14.0,0.095,9,2.33,43.7,11.7,61.69,0.0,3.25,32.47,0.0,3.25,0,1,1,0,0,0,10,65,утверждение,15,фактологический,0,0.0,перевёрнутая пирамида,новость,1,3.25,0,0,False,False,0,False,False,,рерайт,False
Yuz.uz,yuz,https://yuz.uz/ru/news/s-1-avgusta-v-uzbekistane-zapreena-oxota-na-redkie-i-naxodyaiesya-pod-ugrozoy-ischeznoveniya-vid-dikix-jivotnx,2026-08-03T10:24:00+05:00,site,,,167,1249,5,31.4,30.0,0.8,5,1.0,-9.7,24.7,113.77,5.99,41.92,59.88,0.0,35.93,2,0,1,0,0,0,17,110,утверждение,31,фактологический,0,0.0,перевёрнутая пирамида,новость,0,0.0,0,1,True,False,0,False,False,,работа с первоисточником,False
Yuz.uz,yuz,https://yuz.uz/ru/news/posle-jarkix-vxodnx-v-uzbekistane-ojidaetsya-nebolshoe-ponijenie-temperatur,2026-08-03T13:51:00+05:00,site,,,135,919,10,12.5,14.5,0.0,6,1.67,45.9,10.9,88.89,0.0,14.81,192.59,0.0,44.44,0,1,1,0,0,0,9,77,утверждение,33,фактологический,0,0.0,перевёрнутая пирамида,новость,0,0.0,0,1,True,False,0,False,False,,работа с первоисточником,False
Yuz.uz,yuz,https://yuz.uz/ru/news/poluchat-kachestvennuyu-meditsinskuyu-pomo-ne-vezjaya-v-drugie-region,2026-08-03T18:37:35+05:00,site,,,166,1536,7,23.43,17.0,0.286,3,1.67,-47.5,27.4,90.36,0.0,54.22,0.0,0.0,0.0,0,0,0,0,0,0,9,69,утверждение,52,отложенный,0,0.0,нарратив,новость,0,0.0,0,0,False,False,0,False,False,,рерайт,False
Yuz.uz,yuz,https://yuz.uz/ru/news/ot-universitetskix-proektov-k-natsionalnoy-ekosisteme-ii,2026-08-04T10:26:00+05:00,site,,,1097,9752,68,16.09,16.0,0.118,20,3.05,-16.0,20.7,114.86,2.73,38.29,2.73,0.0,0.0,0,1,0,0,0,0,7,56,утверждение,42,отложенный,0,0.0,nut graf,аналитика,1,0.91,0,0,False,False,0,False,False,,рерайт,False
Yuz.uz,yuz,https://yuz.uz/ru/news/v-uzbekistane-sovershenstvuetsya-poryadok-predostavleniya-prava-polzovaniya-nedrami,2026-08-04T11:01:00+05:00,site,,,160,1252,5,29.4,24.0,0.4,5,1.0,-10.5,24.1,75.0,31.25,87.5,56.25,0.0,37.5,2,0,3,0,0,0,8,79,утверждение,34,фактологический,0,0.0,перевёрнутая пирамида,новость,0,0.0,0,0,False,False,0,False,False,,рерайт,False
Yuz.uz,yuz,https://yuz.uz/ru/news/v-uzbekistane-lgotne-kategorii-grajdan-smogut-besplatno-ili-so-skidkoy-puteshestvovat-po-strane,2026-08-04T13:00:00+05:00,site,,,160,1382,7,22.71,25.0,0.429,4,1.75,-12.1,22.2,137.5,18.75,87.5,6.25,0.0,6.25,2,0,1,0,0,0,13,97,утверждение,34,отложенный,0,0.0,nut graf,новость,0,0.0,0,1,True,False,0,False,False,,работа с первоисточником,False
Yuz.uz,yuz,https://yuz.uz/ru/news/v-sarmishsae-gotov-k-sdache-krupny-sotsialno-turisticheskiy-proekt,2026-08-04T14:13:00+05:00,site,,,74,626,4,18.0,18.5,0.5,5,1.0,-7.7,20.1,121.62,13.51,67.57,13.51,0.0,0.0,0,0,0,0,0,0,8,64,утверждение,12,фактологический,0,0.0,перевёрнутая пирамида,новость,0,0.0,0,0,False,False,0,False,False,,рерайт,False
Yuz.uz,yuz,https://yuz.uz/ru/news/kadastr-agentligi-faoliiati-iangica-endasuvlar-asosida-taskil,2026-08-04T17:33:00+05:00,site,,,640,5157,36,17.08,16.0,0.111,23,1.57,2.3,18.4,98.44,10.94,81.25,39.06,9.38,1.56,3,1,0,0,0,0,10,78,утверждение,28,фактологический,0,0.0,перевёрнутая пирамида,расширенная новость,0,0.0,0,0,False,False,0,False,False,,рерайт,False
Yuz.uz,yuz,https://yuz.uz/ru/news/v-uzbekistane-litsam-bez-jilya-predostavyat-vremenny-priyut-sotsialnuyu-pomo-i-vozmojnost-trudoustroystva,2026-08-05T10:59:00+05:00,site,,,296,2289,11,25.45,16.0,0.182,10,1.1,-6.6,22.3,94.59,20.27,50.68,30.41,0.0,23.65,0,0,2,0,0,0,13,106,утверждение,1,отложенный,0,0.0,разбор по пунктам,новость,0,0.0,0,0,False,False,0,False,False,,рерайт,False
Yuz.uz,yuz,https://yuz.uz/ru/news/v-namangane-otkroyut-mejdunarodnuyu-shkolu-svarki-s-obucheniem-po-evropeyskim-standartam,2026-08-05T11:56:00+05:00,site,,,84,693,5,17.0,18.0,0.0,2,1.5,3.0,18.3,154.76,23.81,23.81,11.9,0.0,0.0,0,0,1,0,0,0,11,84,утверждение,30,отложенный,0,0.0,нарратив,новость,0,0.0,0,0,False,False,0,False,False,,рерайт,False
Yuz.uz,yuz,https://yuz.uz/ru/news/mechta-ob-iphone-obernulas-ugolovnm-delom-v-tashkente-zaderjali-podozrevaemogo-v-kraje-dorogogo-smartfona,2026-08-05T14:01:00+05:00,site,,,178,1443,11,15.73,17.0,0.0,5,2.2,10.6,16.8,89.89,11.24,39.33,33.71,0.0,0.0,0,2,1,0,0,0,14,106,утверждение,37,фактологический,0,0.0,перевёрнутая пирамида,новость,0,0.0,0,0,False,False,0,False,False,,рерайт,False
Yuz.uz,yuz,https://yuz.uz/ru/news/bolee-795-tsyach-pervoklassnikov-poluchat-prezidentskie-podarki-v-novom-uchebnom-godu,2026-08-05T15:34:00+05:00,site,,,402,3023,19,19.26,17.0,0.158,14,1.36,11.2,17.9,89.55,17.41,17.41,54.73,2.49,7.46,4,1,1,0,0,0,11,84,утверждение,31,отложенный,0,0.0,разбор по пунктам,интервью,1,2.49,0,1,True,False,0,False,False,,собственный сбор,False
Yuz.uz,yuz,https://yuz.uz/ru/news/prognoz-pogod-na-den-6-avgusta-,2026-08-06T08:47:00+05:00,site,,,41,328,7,5.57,4.0,0.0,2,3.5,42.4,9.2,48.78,0.0,0.0,195.12,0.0,0.0,0,1,1,0,0,0,6,32,утверждение,12,фактологический,0,0.0,перевёрнутая пирамида,новость,0,0.0,0,1,True,False,0,False,False,,работа с первоисточником,False
Yuz.uz,yuz,https://yuz.uz/ru/news/predstavitelnits-uzbekistana-vstupyat-na-litsenzionnom-chempionate-mira-po-xudojestvennoy-gimnastike,2026-08-06T10:43:00+05:00,site,,,84,641,5,15.2,14.0,0.2,5,1.0,1.2,18.0,107.14,0.0,23.81,11.9,0.0,11.9,0,0,1,0,0,0,10,99,утверждение,27,фактологический,0,0.0,разбор по пунктам,новость,0,0.0,0,0,False,False,0,False,False,,рерайт,False
Yuz.uz,yuz,https://yuz.uz/ru/news/tashkent-gotovitsya-prinyat-chempionat-azii-po-tyajeloy-atletike,2026-08-07T09:52:00+05:00,site,,,222,1868,9,24.44,27.0,0.667,9,1.0,-20.5,24.0,81.08,13.51,36.04,9.01,0.0,4.5,1,0,1,0,0,0,8,60,утверждение,22,отложенный,0,0.0,нарратив,новость,0,0.0,0,1,True,False,0,False,False,,работа с первоисточником,False
Yuz.uz,yuz,https://yuz.uz/ru/news/v-uzbekistane-opredelen-poryadok-perexoda-bankov-i-mfo-na-islamskuyu-bankovskuyu-deyatelnost,2026-08-07T12:43:23+05:00,site,,,175,1718,3,55.67,47.0,0.667,3,1.0,-93.0,44.0,22.86,34.29,148.57,17.14,0.0,11.43,1,0,1,0,0,0,12,90,утверждение,43,фактологический,0,0.0,разбор по пунктам,новость,0,0.0,0,0,False,False,0,False,False,,рерайт,False
Yuz.uz,yuz,https://yuz.uz/ru/news/v-uzbekistane-opredelili-poryadok-sozdaniya-i-ekspluatatsii-platnx-avtodorog,2026-08-07T14:44:00+05:00,site,,,262,2039,13,19.08,18.0,0.154,10,1.3,2.0,19.1,110.69,22.9,45.8,19.08,0.0,3.82,0,0,2,0,0,0,9,74,утверждение,17,отложенный,0,0.0,разбор по пунктам,новость,0,0.0,0,0,False,False,0,False,False,,рерайт,False
Yuz.uz,yuz,https://yuz.uz/ru/news/dubl-messi-pomog-inter-mayami-vigrat-u-atletiko-san-luis,2026-08-07T15:37:00+05:00,site,,,523,3443,35,14.57,13.0,0.114,13,2.69,50.4,10.9,38.24,0.0,3.82,26.77,0.0,0.0,2,0,0,0,0,0,9,63,утверждение,20,фактологический,0,0.0,перевёрнутая пирамида,расширенная новость,0,0.0,0,0,False,False,0,False,False,,рерайт,False
LEAP News,leap,https://leap.uz/ru/2026/08/01/uz-kg-alliance-treaty-cholpon-ata,2026-08-01T09:30:00+05:00,site,politics,"reporter, editor",693,5534,44,15.14,14.0,0.068,19,2.32,11.5,16.5,118.33,2.89,37.52,31.75,0.0,10.1,4,6,25,0,1,0,10,80,утверждение,26,фактологический,5,7.22,разбор по пунктам,расширенная новость,3,4.33,0,24,True,False,0,False,False,,собственный сбор,False
LEAP News,leap,https://leap.uz/ru/2026/08/01/cb-cash-fx-500-usd-no-passport,2026-08-01T10:30:00+05:00,site,economy,"reporter, editor",397,2856,21,16.52,13.0,0.143,13,1.62,15.4,16.4,125.94,2.52,42.82,118.39,0.0,47.86,0,2,8,0,1,0,13,75,утверждение,29,фактологический,5,12.59,разбор по пунктам,расширенная новость,1,2.52,0,6,True,False,0,False,False,,собственный сбор,False
LEAP News,leap,https://leap.uz/ru/2026/08/01/president-ai-award-2026-deadline,2026-08-01T10:30:00+05:00,site,tech,"reporter, editor",444,3374,26,16.54,15.0,0.115,13,2.0,37.0,13.4,92.34,2.25,31.53,132.88,0.0,22.52,4,3,12,0,1,0,13,69,утверждение,30,фактологический,3,6.76,разбор по пунктам,расширенная новость,0,0.0,0,11,True,False,0,False,False,,работа с первоисточником,False
LEAP News,leap,https://leap.uz/ru/2026/08/01/first-grade-admission-outside-microdistrict,2026-08-01T11:00:00+05:00,site,society,"reporter, editor",238,1808,11,21.91,17.0,0.273,8,1.38,21.5,17.3,63.03,0.0,33.61,42.02,0.0,4.2,2,3,8,0,1,0,11,69,утверждение,29,фактологический,4,16.81,разбор по пунктам,новость,0,0.0,0,4,True,False,0,False,False,,работа с первоисточником,False
LEAP News,leap,https://leap.uz/ru/2026/08/01/speko-y-combinator-karakalpakstan,2026-08-01T11:00:00+05:00,site,tech,"reporter, editor",295,2094,13,21.15,19.0,0.308,6,2.17,28.8,16.0,84.75,0.0,6.78,44.07,0.0,20.34,0,1,9,0,1,0,9,77,утверждение,25,фактологический,3,10.17,разбор по пунктам,новость,1,3.39,0,0,False,False,0,False,False,,рерайт,False
LEAP News,leap,https://leap.uz/ru/2026/08/01/uzbekistan-business-density-32-per-1000,2026-08-01T11:00:00+05:00,site,economy,"reporter, editor",303,2069,10,21.4,19.0,0.3,6,1.83,-0.7,20.2,75.91,0.0,13.2,135.31,0.0,39.6,3,2,3,0,1,0,10,73,утверждение,25,фактологический,2,6.6,разбор по пунктам,новость,2,6.6,0,2,True,False,0,False,False,,собственный сбор,False
LEAP News,leap,https://leap.uz/ru/2026/08/01/uzbekistan-gdp-h1-2026-growth-85pct,2026-08-01T11:00:00+05:00,site,economy,"reporter, editor",382,2557,21,15.24,11.0,0.095,10,2.1,36.0,13.1,81.15,0.0,31.41,136.13,47.12,28.8,0,2,9,0,1,0,16,82,утверждение,29,фактологический,4,10.47,разбор по пунктам,расширенная новость,1,2.62,0,9,True,False,0,False,False,,собственный сбор,False
LEAP News,leap,https://leap.uz/ru/2026/08/01/uzbekistan-wto-accession-2026,2026-08-01T11:00:00+05:00,site,economy,"reporter, editor",411,2991,19,20.11,20.0,0.211,9,2.11,16.4,17.4,87.59,0.0,34.06,60.83,0.0,26.76,2,2,5,0,1,0,10,66,утверждение,27,фактологический,4,9.73,разбор по пунктам,расширенная новость,0,0.0,0,1,True,False,0,False,False,,работа с первоисточником,False
LEAP News,leap,https://leap.uz/ru/2026/08/01/codd-akkurgan-parkent-closure,2026-08-01T11:20:00+05:00,site,society,"reporter, editor",227,1630,15,13.93,12.0,0.067,7,2.14,22.2,14.6,136.56,0.0,61.67,66.08,0.0,30.84,0,0,6,0,1,0,13,76,утверждение,30,фактологический,3,13.22,разбор по пунктам,новость,0,0.0,0,0,False,False,0,False,False,,рерайт,False
LEAP News,leap,https://leap.uz/ru/2026/08/01/student-dorm-applications-mygovuz,2026-08-01T12:00:00+05:00,site,society,"reporter, editor",591,4491,30,18.43,15.0,0.2,14,2.14,12.9,17.4,131.98,1.69,38.92,69.37,5.08,27.07,3,2,7,0,1,0,11,79,утверждение,30,фактологический,6,10.15,разбор по пунктам,расширенная новость,1,1.69,0,5,True,False,0,False,False,,собственный сбор,False
LEAP News,leap,https://leap.uz/ru/2026/08/01/solar-panel-subsidies-h1-2026,2026-08-01T12:30:00+05:00,site,economy,"reporter, editor",417,2827,21,17.29,17.0,0.19,10,2.1,35.2,13.9,71.94,0.0,19.18,146.28,0.0,43.17,3,2,10,0,1,0,10,73,утверждение,31,фактологический,3,7.19,разбор по пунктам,расширенная новость,2,4.8,0,6,True,False,0,False,False,,собственный сбор,False
LEAP News,leap,https://leap.uz/ru/2026/08/01/tashkent-stray-dog-shelter-plan,2026-08-01T14:30:00+05:00,site,society,"reporter, editor",622,4734,34,17.35,16.0,0.118,13,2.62,13.2,17.0,90.03,1.61,57.88,43.41,0.0,19.29,8,4,6,0,1,0,11,78,утверждение,28,фактологический,4,6.43,разбор по пунктам,расширенная новость,4,6.43,0,2,True,False,0,False,False,,собственный сбор,False
LEAP News,leap,https://leap.uz/ru/2026/08/01/transport-services-h1-2026-1039-trln,2026-08-01T15:00:00+05:00,site,economy,"reporter, editor",325,2141,13,20.62,18.0,0.308,10,1.5,37.9,14.6,89.23,0.0,12.31,129.23,21.54,36.92,0,2,4,0,1,0,14,87,утверждение,30,фактологический,3,9.23,разбор по пунктам,новость,2,6.15,0,3,True,False,0,False,False,,собственный сбор,False
LEAP News,leap,https://leap.uz/ru/2026/08/01/animal-id-law-in-force-aug-7,2026-08-01T20:30:00+05:00,site,society,"reporter, editor",436,3145,22,17.91,18.0,0.091,12,1.83,14.2,17.0,112.39,4.59,29.82,80.28,0.0,48.17,6,0,6,0,1,0,11,71,утверждение,27,фактологический,4,9.17,разбор по пунктам,интервью,0,0.0,0,5,True,False,0,False,False,,работа с первоисточником,False
LEAP News,leap,https://leap.uz/ru/2026/08/01/bunyodkor-5bn-sum-state-aid,2026-08-01T20:30:00+05:00,site,sport,"reporter, editor",371,2599,18,18.5,17.5,0.222,10,1.8,27.2,15.4,67.39,2.7,32.35,110.51,0.0,51.21,1,4,9,0,1,0,10,66,утверждение,30,фактологический,3,8.09,разбор по пунктам,расширенная новость,0,0.0,0,2,True,False,0,False,False,,работа с первоисточником,False
LEAP News,leap,https://leap.uz/ru/2026/08/01/tashkent-courtyard-construction-audit,2026-08-01T20:30:00+05:00,site,politics,"reporter, editor",249,1992,13,18.62,17.0,0.231,9,1.44,5.6,18.5,96.39,0.0,28.11,16.06,0.0,16.06,3,4,3,0,1,0,9,77,утверждение,26,фактологический,3,12.05,разбор по пунктам,новость,1,4.02,0,0,False,False,0,False,False,,рерайт,False
LEAP News,leap,https://leap.uz/ru/2026/08/01/uz-precious-metals-export-h1-2026,2026-08-01T20:30:00+05:00,site,economy,"reporter, editor",419,2693,23,15.35,14.0,0.13,13,1.85,47.1,11.6,95.47,0.0,7.16,140.81,31.03,33.41,0,2,4,0,1,0,14,86,утверждение,31,фактологический,3,7.16,разбор по пунктам,интервью,2,4.77,0,4,True,False,0,False,False,,собственный сбор,False
LEAP News,leap,https://leap.uz/ru/2026/08/01/uzbekistan-gas-output-h1-2026-drop,2026-08-01T20:30:00+05:00,site,economy,"reporter, editor",372,2171,18,17.78,15.0,0.222,8,2.25,62.2,10.3,56.45,0.0,13.44,158.6,16.13,45.7,1,2,11,0,1,0,14,72,утверждение,29,фактологический,3,8.06,разбор по пунктам,расширенная новость,1,2.69,0,9,True,False,0,False,False,,собственный сбор,False
LEAP News,leap,https://leap.uz/ru/2026/08/02/soliq-june-cashback-suspicious-buyers,2026-08-02T08:30:00+05:00,site,economy,"reporter, editor",341,2437,19,16.68,18.0,0.053,10,1.9,30.4,14.4,93.84,0.0,35.19,87.98,2.93,23.46,0,1,10,0,1,0,13,79,утверждение,30,фактологический,3,8.8,разбор по пунктам,новость,1,2.93,0,2,True,False,0,False,False,,собственный сбор,False
LEAP News,leap,https://leap.uz/ru/2026/08/02/agmk-1h2026-profit-doubles,2026-08-02T08:58:00+05:00,site,economy,"reporter, editor",501,3317,26,16.19,15.5,0.115,12,2.17,43.2,12.4,63.87,0.0,23.95,151.7,27.94,29.94,1,1,7,0,1,0,13,72,утверждение,29,фактологический,4,7.98,разбор по пунктам,расширенная новость,0,0.0,0,1,True,False,0,False,False,,работа с первоисточником,False
LEAP News,leap,https://leap.uz/ru/2026/08/02/tashkent-bus-ac-rules-summer-2026,2026-08-02T09:00:00+05:00,site,society,"reporter, editor",254,2022,14,16.79,15.5,0.143,8,1.75,7.0,17.7,94.49,0.0,70.87,62.99,0.0,15.75,1,1,7,0,1,0,12,70,утверждение,27,фактологический,4,15.75,разбор по пунктам,новость,1,3.94,0,0,False,False,0,False,False,,рерайт,False
LEAP News,leap,https://leap.uz/ru/2026/08/02/tashkent-gas-meters-19-9bn-embezzlement,2026-08-02T09:00:00+05:00,site,society,"reporter, editor",430,3336,22,18.41,16.0,0.182,12,1.83,10.8,17.7,111.63,4.65,27.91,53.49,0.0,13.95,8,5,4,0,1,0,13,87,утверждение,30,фактологический,4,9.3,разбор по пунктам,расширенная новость,4,9.3,0,3,True,False,0,False,False,,собственный сбор,False
LEAP News,leap,https://leap.uz/ru/2026/08/02/trump-halts-iran-strikes-hormuz-deal,2026-08-02T09:00:00+05:00,site,world,"reporter, editor",496,3608,30,15.87,14.5,0.033,13,2.31,26.2,14.7,86.69,0.0,28.23,34.27,4.03,16.13,5,9,10,0,1,0,12,71,утверждение,26,фактологический,6,12.1,разбор по пунктам,расширенная новость,6,12.1,0,1,True,False,0,False,False,,собственный сбор,False
LEAP News,leap,https://leap.uz/ru/2026/08/02/us-deportation-18-uzbek-citizens,2026-08-02T10:00:00+05:00,site,society,"reporter, editor",359,2513,19,17.21,16.0,0.263,10,1.9,23.5,15.5,89.14,0.0,41.78,50.14,0.0,27.86,1,3,5,0,1,0,12,81,листикл,29,фактологический,4,11.14,разбор по пунктам,расширенная новость,2,5.57,0,1,True,False,0,False,False,,собственный сбор,False
LEAP News,leap,https://leap.uz/ru/2026/08/03/tashkent-water-shutoff-aug-3,2026-08-02T14:00:00+05:00,site,society,"reporter, editor",250,1920,18,12.83,13.5,0.0,9,2.0,16.1,15.2,132.0,0.0,52.0,80.0,0.0,16.0,1,1,9,0,1,0,12,63,утверждение,28,фактологический,3,12.0,разбор по пунктам,новость,1,4.0,0,0,False,False,0,False,False,,рерайт,False
LEAP News,leap,https://leap.uz/ru/2026/08/02/uzhydromet-wind-dust-storm-warning,2026-08-02T16:35:00+05:00,site,society,"reporter, editor",243,1652,15,14.8,14.0,0.067,7,2.14,34.6,13.2,102.88,0.0,32.92,144.03,0.0,24.69,0,2,6,0,1,0,14,85,утверждение,31,фактологический,3,12.35,разбор по пунктам,новость,0,0.0,0,6,True,False,0,False,False,,работа с первоисточником,False
LEAP News,leap,https://leap.uz/ru/2026/08/02/ceuta-migrant-crisis-death-toll,2026-08-02T16:50:00+05:00,site,world,"reporter, editor",552,3980,35,15.31,16.0,0.086,14,2.5,28.9,14.1,74.28,3.62,21.74,41.67,0.0,14.49,4,6,16,0,1,0,13,86,утверждение,27,фактологический,5,9.06,разбор по пунктам,расширенная новость,5,9.06,0,0,False,False,0,False,False,,комментарий эксперта,False
LEAP News,leap,https://leap.uz/ru/2026/08/02/opec-plus-september-quota-188k-bpd,2026-08-02T20:55:00+05:00,site,world,"reporter, editor",526,3764,29,16.93,16.0,0.207,14,2.07,26.6,15.0,121.67,1.9,38.02,45.63,0.0,24.71,4,7,16,0,1,0,12,73,утверждение,31,фактологический,5,9.51,разбор по пунктам,расширенная новость,5,9.51,0,0,False,False,0,False,False,,комментарий эксперта,False
LEAP News,leap,https://leap.uz/ru/2026/08/03/pakistan-swat-suicide-bombing-14-dead,2026-08-03T01:16:00+05:00,site,world,"reporter, editor",360,2549,23,15.0,15.0,0.043,11,2.09,33.9,13.4,86.11,0.0,30.56,22.22,0.0,5.56,2,3,9,0,1,0,12,73,утверждение,28,фактологический,3,8.33,разбор по пунктам,расширенная новость,1,2.78,0,0,False,False,0,False,False,,рерайт,False
LEAP News,leap,https://leap.uz/ru/2026/08/03/uzbekistan-wto-accession-2026-goal,2026-08-03T01:40:00+05:00,site,economy,"reporter, editor",311,2320,17,17.24,17.0,0.0,9,1.89,16.2,16.5,90.03,0.0,35.37,64.31,0.0,25.72,1,4,5,0,1,0,13,76,утверждение,27,фактологический,4,12.86,разбор по пунктам,новость,2,6.43,0,0,False,False,0,False,False,,комментарий эксперта,False
LEAP News,leap,https://leap.uz/ru/2026/08/03/iran-oman-hormuz-talks-final-stage,2026-08-03T01:45:00+05:00,site,world,"reporter, editor",411,2822,19,20.21,19.0,0.211,11,1.73,31.6,15.3,92.46,0.0,9.73,55.96,7.3,24.33,3,9,8,0,1,0,14,88,утверждение,25,фактологический,5,12.17,разбор по пунктам,расширенная новость,5,12.17,0,1,True,False,0,False,False,,собственный сбор,False
LEAP News,leap,https://leap.uz/ru/2026/08/03/hamas-disarmament-deal-gaza-strikes-continue,2026-08-03T01:50:00+05:00,site,world,"reporter, editor",594,4211,29,19.69,19.0,0.207,11,2.64,25.0,16.1,74.07,1.68,33.67,42.09,0.0,16.84,9,11,9,0,1,0,9,68,утверждение,28,фактологический,4,6.73,разбор по пунктам,расширенная новость,6,10.1,1,1,True,False,0,False,False,,собственный сбор,False
LEAP News,leap,https://leap.uz/ru/2026/08/03/uzbekistan-airways-installment-yandex-split,2026-08-03T09:01:00+05:00,site,business,"reporter, editor",163,1219,8,19.88,19.0,0.375,4,2.0,26.0,16.0,104.29,0.0,36.81,12.27,0.0,12.27,1,0,3,0,1,0,9,67,утверждение,29,фактологический,2,12.27,перевёрнутая пирамида,новость,0,0.0,0,0,False,False,0,False,False,,рерайт,False
LEAP News,leap,https://leap.uz/ru/2026/08/03/bukhara-alat-sewerage-27000-residents,2026-08-03T10:39:00+05:00,site,society,"reporter, editor",535,3817,19,25.84,26.0,0.526,9,2.11,15.6,19.4,102.8,1.87,26.17,59.81,3.74,35.51,1,5,9,0,1,0,10,72,утверждение,31,фактологический,3,5.61,разбор по пунктам,расширенная новость,2,3.74,0,0,False,False,0,False,False,,комментарий эксперта,False
LEAP News,leap,https://leap.uz/ru/2026/08/03/itpark-digital-uzbekistan-germany-mission-2026,2026-08-03T11:00:00+05:00,site,tech,"reporter, editor",231,1601,10,21.9,20.0,0.3,5,2.0,35.7,15.3,77.92,12.99,4.33,34.63,0.0,17.32,1,3,5,0,1,0,11,65,утверждение,26,фактологический,4,17.32,перевёрнутая пирамида,новость,1,4.33,0,0,False,False,0,False,False,,рерайт,False
LEAP News,leap,https://leap.uz/ru/2026/08/03/codd-green-wave-kichik-halqa-tashkent,2026-08-03T11:30:00+05:00,site,society,"reporter, editor",281,1889,15,17.27,15.0,0.067,7,2.14,33.6,14.1,53.38,3.56,28.47,60.5,10.68,7.12,0,1,5,0,1,0,12,84,утверждение,27,фактологический,3,10.68,разбор по пунктам,новость,0,0.0,0,0,False,False,0,False,False,,рерайт,False
LEAP News,leap,https://leap.uz/ru/2026/08/03/bank-deposit-interest-tax-proposal,2026-08-03T11:37:00+05:00,site,economy,"reporter, editor",290,2225,12,23.17,17.5,0.417,6,2.0,4.0,20.1,124.14,3.45,65.52,20.69,20.69,17.24,7,4,9,0,1,0,10,72,утверждение,30,фактологический,3,10.34,разбор по пунктам,новость,1,3.45,0,1,True,False,0,False,False,,собственный сбор,False
LEAP News,leap,https://leap.uz/ru/2026/08/03/communications-it-services-volume-h1-2026,2026-08-03T12:00:00+05:00,site,economy,"reporter, editor",230,1518,8,22.62,18.5,0.375,6,1.33,18.0,18.0,60.87,0.0,8.7,121.74,26.09,17.39,0,2,3,0,1,0,12,64,утверждение,30,фактологический,2,8.7,перевёрнутая пирамида,новость,1,4.35,0,1,True,False,0,False,False,,собственный сбор,False
LEAP News,leap,https://leap.uz/ru/2026/08/03/medworkers-children-tuition-discount-15yrs,2026-08-03T12:00:00+05:00,site,society,"reporter, editor",364,2467,11,28.18,25.0,0.364,7,1.57,9.1,21.0,90.66,0.0,41.21,98.9,5.49,35.71,4,1,3,0,1,0,11,71,утверждение,29,фактологический,3,8.24,разбор по пунктам,расширенная новость,1,2.75,0,3,True,False,0,False,False,,собственный сбор,False
LEAP News,leap,https://leap.uz/ru/2026/08/03/tashkent-modernist-architecture-unesco,2026-08-03T12:29:00+05:00,site,culture,"reporter, editor",278,2164,13,19.77,17.0,0.231,8,1.62,9.0,18.4,71.94,0.0,21.58,28.78,0.0,10.79,3,3,6,0,1,0,9,79,утверждение,25,фактологический,3,10.79,разбор по пунктам,новость,2,7.19,0,0,False,False,0,False,False,,комментарий эксперта,False
LEAP News,leap,https://leap.uz/ru/2026/08/03/minjust-fake-patent-agencies-warning,2026-08-03T12:52:00+05:00,site,economy,"reporter, editor",295,2365,16,17.38,16.5,0.125,8,2.0,3.3,18.4,142.37,6.78,13.56,47.46,0.0,23.73,4,3,5,0,1,0,9,69,утверждение,29,фактологический,3,10.17,разбор по пунктам,новость,1,3.39,0,3,True,False,0,False,False,,собственный сбор,False
LEAP News,leap,https://leap.uz/ru/2026/08/03/japan-kumamoto-earthquake-aftermath,2026-08-03T13:03:00+05:00,site,world,"reporter, editor",368,2632,21,16.29,16.0,0.0,10,2.1,23.8,15.2,73.37,0.0,40.76,54.35,0.0,13.59,1,2,10,0,1,0,13,82,утверждение,30,фактологический,4,10.87,разбор по пунктам,расширенная новость,2,5.43,0,0,False,False,0,False,False,,комментарий эксперта,False
LEAP News,leap,https://leap.uz/ru/2026/08/03/animal-cruelty-penalty-law-2026,2026-08-03T13:10:00+05:00,site,society,"reporter, editor",301,2176,14,19.5,20.0,0.071,9,1.56,10.7,18.0,76.41,0.0,73.09,69.77,0.0,26.58,2,2,6,0,1,0,10,75,утверждение,31,фактологический,2,6.64,перевёрнутая пирамида,новость,0,0.0,0,4,True,False,0,False,False,,работа с первоисточником,False
LEAP News,leap,https://leap.uz/ru/2026/08/03/cbu-extends-fx-exchange-trading-hours,2026-08-03T14:30:00+05:00,site,economy,"reporter, editor",152,1103,8,17.25,17.0,0.25,5,1.6,26.3,15.1,105.26,0.0,52.63,98.68,0.0,26.32,0,2,4,0,1,0,13,70,утверждение,43,фактологический,3,19.74,перевёрнутая пирамида,новость,2,13.16,0,2,True,False,0,False,False,,собственный сбор,False
LEAP News,leap,https://leap.uz/ru/2026/08/03/global-heatwave-wildfires-europe-us-aug2026,2026-08-03T16:00:00+05:00,site,world,"reporter, editor",661,4369,30,19.87,20.0,0.333,10,3.0,27.2,15.8,74.13,0.0,15.13,68.08,0.0,21.18,3,6,11,0,1,0,14,74,утверждение,30,фактологический,5,7.56,разбор по пунктам,расширенная новость,3,4.54,0,0,False,False,0,False,False,,комментарий эксперта,False
LEAP News,leap,https://leap.uz/ru/2026/08/03/japan-us-joint-yen-intervention-aug2026,2026-08-03T16:00:00+05:00,site,world,"reporter, editor",394,2786,17,21.88,24.0,0.471,8,2.12,19.9,17.5,58.38,0.0,30.46,38.07,5.08,17.77,4,3,7,0,1,0,13,77,утверждение,30,фактологический,4,10.15,разбор по пунктам,расширенная новость,2,5.08,0,0,False,False,0,False,False,,комментарий эксперта,False
LEAP News,leap,https://leap.uz/ru/2026/08/03/targeted-mortgage-deposits-pilot-first-results,2026-08-03T16:00:00+05:00,site,economy,"reporter, editor",378,2597,18,18.78,17.0,0.222,9,2.0,33.2,14.6,108.47,5.29,7.94,79.37,15.87,31.75,0,3,2,0,1,0,10,62,утверждение,25,фактологический,4,10.58,разбор по пунктам,расширенная новость,1,2.65,0,2,True,False,0,False,False,,собственный сбор,False
LEAP News,leap,https://leap.uz/ru/2026/08/03/uzbekistan-births-h1-2026-by-region,2026-08-03T16:00:00+05:00,site,society,"reporter, editor",266,1966,10,22.5,19.0,0.3,5,2.2,18.9,17.8,67.67,0.0,33.83,169.17,0.0,33.83,0,1,3,0,1,0,10,76,утверждение,30,фактологический,3,11.28,разбор по пунктам,новость,1,3.76,0,1,True,False,0,False,False,,собственный сбор,False
LEAP News,leap,https://leap.uz/ru/2026/08/04/social-protection-reform-2026,2026-08-03T16:30:00+05:00,site,society,"reporter, editor",658,5059,33,18.73,19.0,0.121,14,2.36,7.8,18.2,104.86,3.04,33.43,48.63,1.52,15.2,2,2,6,0,1,0,10,85,утверждение,27,фактологический,5,7.6,разбор по пунктам,расширенная новость,2,3.04,0,6,True,False,0,False,False,,собственный сбор,False
LEAP News,leap,https://leap.uz/ru/2026/08/03/hajj-queue-online-registration-mygov,2026-08-03T16:31:00+05:00,site,society,"reporter, editor",304,2020,12,23.92,27.5,0.583,7,1.71,31.0,16.6,98.68,0.0,19.74,55.92,3.29,36.18,1,7,7,0,1,0,10,70,утверждение,30,фактологический,3,9.87,разбор по пунктам,новость,1,3.29,0,3,True,False,0,False,False,,собственный сбор,False
LEAP News,leap,https://leap.uz/ru/2026/08/03/uzbekistan-industrial-h1-2026-mining-fuel,2026-08-03T17:11:00+05:00,site,economy,"reporter, editor",479,3215,15,25.6,22.0,0.4,10,1.5,26.9,17.7,56.37,0.0,29.23,141.96,45.93,25.05,1,3,6,1,1,0,13,87,утверждение,26,фактологический,4,8.35,разбор по пунктам,интервью,2,4.18,0,2,True,False,0,False,False,,пресс-релиз без обработки,False
LEAP News,leap,https://leap.uz/ru/2026/08/03/uzbekneftegaz-h1-2026-report,2026-08-03T18:07:00+05:00,site,economy,"reporter, editor",250,1878,12,18.67,19.0,0.167,7,1.71,3.6,18.8,44.0,0.0,28.0,68.0,4.0,12.0,0,0,6,0,1,0,9,66,утверждение,23,фактологический,4,16.0,разбор по пунктам,новость,0,0.0,0,6,True,False,0,False,False,,работа с первоисточником,False
LEAP News,leap,https://leap.uz/ru/2026/08/03/pdd-bill-speeding-80kmh-vehicle-seizure,2026-08-03T18:26:00+05:00,site,society,"reporter, editor",270,2136,10,26.0,28.0,0.7,7,1.43,-14.0,23.5,88.89,11.11,96.3,11.11,0.0,3.7,0,2,5,0,1,0,9,71,утверждение,39,фактологический,3,11.11,разбор по пунктам,новость,2,7.41,0,0,False,False,0,False,False,,комментарий эксперта,False
LEAP News,leap,https://leap.uz/ru/2026/08/04/tashkent-contraband-medicine-bust-aug2026,2026-08-04T01:14:00+05:00,site,society,"reporter, editor",212,1600,10,19.6,19.0,0.2,5,2.0,12.4,17.8,89.62,0.0,28.3,42.45,0.0,9.43,0,3,3,0,1,0,9,67,утверждение,34,фактологический,2,9.43,перевёрнутая пирамида,новость,2,9.43,0,2,True,False,0,False,False,,собственный сбор,False
LEAP News,leap,https://leap.uz/ru/2026/08/04/uzbekistan-usd-rate-rising-aug2026,2026-08-04T09:00:00+05:00,site,economy,"reporter, editor",226,1302,9,18.78,16.0,0.111,6,1.83,48.0,12.6,48.67,0.0,22.12,141.59,8.85,66.37,0,0,3,0,1,0,12,64,утверждение,28,фактологический,2,8.85,разбор по пунктам,новость,0,0.0,0,3,True,False,0,False,False,,работа с первоисточником,False
LEAP News,leap,https://leap.uz/ru/2026/08/04/tashkent-almazor-kotlovan-collapse,2026-08-04T11:52:00+05:00,site,society,"reporter, editor",243,1971,12,19.75,21.5,0.25,7,1.71,-0.4,19.7,135.8,4.12,45.27,12.35,0.0,8.23,1,2,5,0,1,0,10,68,утверждение,30,фактологический,2,8.23,перевёрнутая пирамида,новость,2,8.23,0,0,False,False,0,False,False,,комментарий эксперта,False
LEAP News,leap,https://leap.uz/ru/2026/08/04/uzbekistan-host-afc-u17-asian-cup-2027,2026-08-04T11:53:00+05:00,site,sport,"reporter, editor",385,2533,17,20.41,21.0,0.235,8,2.12,29.1,15.7,51.95,2.6,10.39,85.71,0.0,49.35,1,3,6,0,1,0,10,64,утверждение,30,фактологический,5,12.99,разбор по пунктам,расширенная новость,3,7.79,0,0,False,False,0,False,False,,комментарий эксперта,False
LEAP News,leap,https://leap.uz/ru/2026/08/04/andijon-suv-taminoti-bribery,2026-08-04T11:55:00+05:00,site,society,"reporter, editor",248,1849,9,26.89,23.0,0.333,6,1.67,1.0,21.7,60.48,0.0,52.42,20.16,0.0,4.03,1,2,3,0,1,0,12,85,утверждение,29,фактологический,3,12.1,разбор по пунктам,новость,2,8.06,0,0,False,False,0,False,False,,комментарий эксперта,False
LEAP News,leap,https://leap.uz/ru/2026/08/04/venezuela-earthquake-death-toll-6000,2026-08-04T11:55:00+05:00,site,world,"reporter, editor",240,1786,14,15.43,15.5,0.071,7,2.0,15.4,16.1,41.67,0.0,33.33,83.33,4.17,29.17,0,4,7,0,1,0,9,63,утверждение,28,фактологический,2,8.33,перевёрнутая пирамида,новость,1,4.17,0,0,False,False,0,False,False,,рерайт,False
LEAP News,leap,https://leap.uz/ru/2026/08/04/pension-unclaimed-period-24-months,2026-08-04T12:51:00+05:00,site,society,"reporter, editor",250,1791,13,17.46,18.0,0.0,6,2.17,15.0,16.8,112.0,4.0,48.0,72.0,0.0,36.0,5,2,5,0,1,0,9,75,утверждение,29,фактологический,3,12.0,разбор по пунктам,объяснитель,2,8.0,0,3,True,False,0,False,False,,собственный сбор,False
LEAP News,leap,https://leap.uz/ru/2026/08/04/state-assets-auction-aug3-2026,2026-08-04T13:51:00+05:00,site,economy,"reporter, editor",178,1244,8,19.12,21.5,0.125,6,1.33,19.7,16.6,33.71,0.0,11.24,101.12,0.0,22.47,0,1,3,0,1,0,13,80,утверждение,29,фактологический,2,11.24,перевёрнутая пирамида,новость,1,5.62,0,0,False,False,0,False,False,,рерайт,False
LEAP News,leap,https://leap.uz/ru/2026/08/04/uzhydromet-dust-storm-wind-aug4,2026-08-04T14:08:00+05:00,site,society,"reporter, editor",374,2651,16,21.5,22.5,0.5,9,1.78,24.6,16.7,80.21,0.0,40.11,144.39,0.0,32.09,0,1,5,0,1,0,12,66,утверждение,31,фактологический,4,10.7,разбор по пунктам,расширенная новость,1,2.67,0,5,True,False,0,False,False,,собственный сбор,False
LEAP News,leap,https://leap.uz/ru/2026/08/04/uzbekistan-regional-grp-h1-2026,2026-08-04T14:50:00+05:00,site,economy,"reporter, editor",459,2934,14,25.86,18.5,0.214,6,2.33,38.6,16.2,104.58,0.0,0.0,150.33,41.39,13.07,0,1,4,1,1,0,12,75,утверждение,30,фактологический,3,6.54,разбор по пунктам,интервью,1,2.18,0,4,True,False,0,False,False,,собственный сбор,False
LEAP News,leap,https://leap.uz/ru/2026/08/04/world-us-states-tariff-lawsuit,2026-08-04T14:51:00+05:00,site,world,"reporter, editor",317,2297,12,24.5,25.5,0.5,9,1.33,13.7,19.2,78.86,0.0,22.08,44.16,9.46,18.93,4,4,8,0,1,0,13,79,листикл,29,фактологический,4,12.62,разбор по пунктам,новость,2,6.31,0,0,False,False,0,False,False,,комментарий эксперта,False
LEAP News,leap,https://leap.uz/ru/2026/08/04/eco-expertise-new-rules-aug-14-2026,2026-08-04T14:55:00+05:00,site,business,"reporter, editor",368,2916,16,21.69,23.5,0.25,9,1.78,-7.7,21.3,146.74,0.0,40.76,43.48,0.0,27.17,4,2,8,0,1,0,12,83,утверждение,30,фактологический,4,10.87,разбор по пунктам,расширенная новость,1,2.72,0,8,True,False,0,False,False,,собственный сбор,False
LEAP News,leap,https://leap.uz/ru/2026/08/04/mustaqillik-avenue-reconstruction-final,2026-08-04T15:26:00+05:00,site,society,"reporter, editor",312,2210,14,19.86,21.0,0.286,8,1.75,15.6,17.5,92.95,0.0,38.46,70.51,0.0,19.23,0,1,6,0,1,0,9,70,утверждение,26,фактологический,3,9.62,разбор по пунктам,новость,1,3.21,0,0,False,False,0,False,False,,рерайт,False
LEAP News,leap,https://leap.uz/ru/2026/08/04/tashkent-electrobus-yutong-e9-delivery,2026-08-04T15:26:00+05:00,site,society,"reporter, editor",203,1602,8,23.75,24.5,0.5,5,1.6,-0.5,21.0,118.23,9.85,29.56,54.19,0.0,24.63,2,2,4,0,1,0,10,66,утверждение,22,фактологический,2,9.85,перевёрнутая пирамида,новость,1,4.93,0,3,True,False,0,False,False,,собственный сбор,False
LEAP News,leap,https://leap.uz/ru/2026/08/04/toshtech-100pct-grant-last-chance,2026-08-04T15:26:00+05:00,site,society,"reporter, editor",369,2796,17,20.71,22.0,0.176,8,2.12,20.1,17.1,111.11,0.0,32.52,59.62,2.71,21.68,3,6,9,0,1,0,11,68,утверждение,27,фактологический,4,10.84,разбор по пунктам,объяснитель,3,8.13,0,4,True,False,0,False,False,,собственный сбор,False
LEAP News,leap,https://leap.uz/ru/2026/08/04/uzbekistan-auto-output-sales-h1-2026,2026-08-04T15:26:00+05:00,site,economy,"reporter, editor",463,2904,17,21.47,20.0,0.353,10,1.7,35.3,15.2,41.04,0.0,12.96,131.75,56.16,21.6,0,4,4,0,1,0,12,85,утверждение,29,фактологический,3,6.48,разбор по пунктам,интервью,1,2.16,0,0,False,False,0,False,False,,рерайт,False
LEAP News,leap,https://leap.uz/ru/2026/08/04/tashkent-bashkortostan-235m-projects,2026-08-04T15:49:00+05:00,site,economy,"reporter, editor",182,1555,8,21.5,20.0,0.25,6,1.5,-13.6,22.1,76.92,0.0,21.98,38.46,0.0,27.47,1,2,3,0,1,0,9,70,утверждение,27,фактологический,3,16.48,разбор по пунктам,новость,2,10.99,0,1,True,False,0,False,False,,собственный сбор,False
LEAP News,leap,https://leap.uz/ru/2026/08/04/uzbekistan-india-business-forum-2bn-target,2026-08-04T15:49:00+05:00,site,economy,"reporter, editor",312,2496,18,16.67,17.0,0.0,8,2.25,12.9,16.8,73.72,6.41,22.44,48.08,3.21,16.03,0,7,5,0,1,0,10,71,утверждение,25,фактологический,3,9.62,разбор по пунктам,новость,2,6.41,0,4,True,False,0,False,False,,собственный сбор,False
LEAP News,leap,https://leap.uz/ru/2026/08/04/nukus-44-new-buses,2026-08-04T15:51:00+05:00,site,society,"reporter, editor",138,995,8,16.38,17.5,0.125,4,2.0,29.1,14.5,108.7,0.0,7.25,57.97,0.0,14.49,0,2,2,0,1,0,11,60,утверждение,33,фактологический,2,14.49,перевёрнутая пирамида,новость,1,7.25,0,1,True,False,0,False,False,,собственный сбор,False
LEAP News,leap,https://leap.uz/ru/2026/08/04/agriculture-accounting-national-standard,2026-08-04T15:55:00+05:00,site,economy,"reporter, editor",307,2454,14,20.21,19.0,0.214,7,2.0,0.0,19.7,114.01,9.77,48.86,71.66,0.0,42.35,3,0,5,0,1,0,10,87,утверждение,28,фактологический,4,13.03,разбор по пунктам,новость,0,0.0,0,5,True,False,0,False,False,,работа с первоисточником,False
LEAP News,leap,https://leap.uz/ru/2026/08/04/mortgage-bonds-third-exchange-deal,2026-08-04T15:55:00+05:00,site,economy,"reporter, editor",298,2211,15,18.47,18.0,0.133,10,1.5,19.7,16.4,60.4,10.07,16.78,70.47,0.0,33.56,3,4,7,0,1,0,10,64,утверждение,34,фактологический,3,10.07,разбор по пунктам,новость,2,6.71,0,1,True,False,0,False,False,,собственный сбор,False
LEAP News,leap,https://leap.uz/ru/2026/08/04/education-loan-20k-study-abroad,2026-08-04T15:57:00+05:00,site,society,"reporter, editor",478,3363,20,21.85,18.0,0.25,12,1.58,17.1,17.9,92.05,4.18,39.75,50.21,10.46,12.55,1,1,3,0,1,0,14,74,утверждение,30,фактологический,3,6.28,разбор по пунктам,интервью,1,2.09,0,3,True,False,0,False,False,,собственный сбор,False
LEAP News,leap,https://leap.uz/ru/2026/08/04/world-pentagon-patriot-thaad-contracts,2026-08-04T16:51:00+05:00,site,world,"reporter, editor",472,3587,19,23.58,24.0,0.421,9,2.11,16.0,18.6,80.51,4.24,42.37,46.61,2.12,8.47,3,7,8,0,1,0,12,78,утверждение,26,фактологический,4,8.47,разбор по пунктам,расширенная новость,2,4.24,0,0,False,False,0,False,False,,комментарий эксперта,False
LEAP News,leap,https://leap.uz/ru/2026/08/04/civil-servants-salary-reform-2026,2026-08-04T17:45:00+05:00,site,economy,"reporter, editor",281,2173,13,20.08,20.0,0.077,7,1.86,2.7,19.3,124.56,10.68,46.26,35.59,7.12,7.12,0,4,6,0,1,0,9,65,утверждение,26,фактологический,3,10.68,разбор по пунктам,новость,2,7.12,0,6,True,False,0,False,False,,собственный сбор,False
LEAP News,leap,https://leap.uz/ru/2026/08/04/officials-illegal-decisions-damage-compensation,2026-08-04T17:48:00+05:00,site,politics,"reporter, editor",283,2203,15,17.87,16.0,0.133,8,1.88,10.9,17.5,123.67,0.0,31.8,31.8,3.53,24.73,2,2,5,0,1,0,10,68,утверждение,26,фактологический,3,10.6,разбор по пунктам,новость,1,3.53,0,5,True,False,0,False,False,,собственный сбор,False
LEAP News,leap,https://leap.uz/ru/2026/08/04/itpark-grimoire-chinajoy-2026,2026-08-04T17:51:00+05:00,site,tech,"reporter, editor",278,1979,15,17.67,18.0,0.133,6,2.5,37.4,13.7,79.14,0.0,7.19,14.39,0.0,3.6,1,3,4,0,1,0,10,65,утверждение,28,фактологический,3,10.79,разбор по пунктам,новость,2,7.19,0,0,False,False,0,False,False,,комментарий эксперта,False
LEAP News,leap,https://leap.uz/ru/2026/08/04/iran-denies-trump-hormuz-talks-claim,2026-08-04T17:53:00+05:00,site,world,"reporter, editor",451,3085,21,20.57,21.0,0.238,12,1.75,29.6,15.7,79.82,0.0,31.04,35.48,6.65,17.74,4,8,6,4,1,0,9,66,утверждение,27,фактологический,5,11.09,разбор по пунктам,расширенная новость,3,6.65,0,0,False,False,0,False,False,,комментарий эксперта,False
LEAP News,leap,https://leap.uz/ru/2026/08/04/transport-routes-tender-sept2026,2026-08-04T17:53:00+05:00,site,business,"reporter, editor",190,1399,10,16.5,14.5,0.2,6,1.67,16.7,16.2,115.79,0.0,26.32,105.26,0.0,57.89,0,1,2,0,1,0,10,64,утверждение,26,фактологический,3,15.79,разбор по пунктам,новость,1,5.26,0,1,True,False,0,False,False,,собственный сбор,False
LEAP News,leap,https://leap.uz/ru/2026/08/04/cbu-bank-consumer-protection-rules,2026-08-04T18:01:00+05:00,site,economy,"reporter, editor",507,3638,17,27.12,17.0,0.353,8,2.12,-1.4,22.1,74.95,1.97,72.98,57.2,0.0,33.53,1,0,4,0,1,0,10,67,утверждение,39,фактологический,3,5.92,разбор по пунктам,интервью,0,0.0,0,3,True,False,0,False,False,,работа с первоисточником,False
LEAP News,leap,https://leap.uz/ru/2026/08/04/yakkasaray-new-port-demolition-case,2026-08-04T18:01:00+05:00,site,society,"reporter, editor",343,2590,19,17.58,15.0,0.263,8,2.38,18.3,16.4,61.22,2.92,29.15,17.49,0.0,5.83,2,5,7,0,1,0,12,76,утверждение,30,фактологический,4,11.66,разбор по пунктам,новость,4,11.66,0,0,False,False,0,False,False,,комментарий эксперта,False
LEAP News,leap,https://leap.uz/ru/2026/08/04/tashkent-tow-impound-tariff-cap,2026-08-04T18:28:00+05:00,site,society,"reporter, editor",266,1709,10,21.2,16.5,0.3,7,1.43,17.7,17.6,82.71,0.0,33.83,109.02,11.28,41.35,0,0,5,0,1,0,11,83,утверждение,29,фактологический,2,7.52,разбор по пунктам,новость,0,0.0,0,4,True,False,0,False,False,,работа с первоисточником,False
LEAP News,leap,https://leap.uz/ru/2026/08/04/world-wildberries-warehouse-strikes-losses,2026-08-04T18:30:00+05:00,site,world,"reporter, editor",662,4951,32,19.5,18.5,0.25,13,2.46,25.1,16.0,72.51,0.0,7.55,51.36,1.51,21.15,2,16,12,1,1,0,11,76,утверждение,31,фактологический,5,7.55,разбор по пунктам,расширенная новость,11,16.62,0,0,False,False,0,False,False,,комментарий эксперта,False
LEAP News,leap,https://leap.uz/ru/2026/08/04/civil-registry-cadastre-agency-reform,2026-08-04T18:51:00+05:00,site,society,"reporter, editor",281,2216,16,16.75,16.5,0.062,9,1.78,11.9,17.0,99.64,0.0,56.94,39.15,0.0,14.23,3,0,4,0,1,0,10,69,утверждение,29,фактологический,3,10.68,разбор по пунктам,объяснитель,0,0.0,0,2,True,False,0,False,False,,работа с первоисточником,False
LEAP News,leap,https://leap.uz/ru/2026/08/04/world-turkey-qatar-egypt-israel-gaza-ceasefire-violation,2026-08-04T19:18:00+05:00,site,world,"reporter, editor",482,3521,24,19.29,18.0,0.208,8,3.0,14.7,17.4,66.39,0.0,56.02,31.12,0.0,18.67,5,9,6,0,1,0,13,75,утверждение,30,фактологический,4,8.3,разбор по пунктам,расширенная новость,1,2.07,0,0,False,False,0,False,False,,рерайт,False
LEAP News,leap,https://leap.uz/ru/2026/08/04/uzbekistan-trafficking-homeless-decrees-aug2026,2026-08-04T19:30:00+05:00,site,society,"reporter, editor",322,2418,12,25.5,26.0,0.5,6,2.0,-0.5,21.5,108.7,0.0,40.37,46.58,0.0,27.95,5,1,4,2,1,0,11,76,утверждение,27,фактологический,3,9.32,разбор по пунктам,новость,0,0.0,0,4,True,False,0,False,False,,работа с первоисточником,False
LEAP News,leap,https://leap.uz/ru/2026/08/04/surxondaryo-zarafshon-archa-mozhzhevelniki-vykorchevany,2026-08-04T19:36:00+05:00,site,society,"reporter, editor",168,1391,9,18.0,19.0,0.0,4,2.25,-8.4,20.2,101.19,0.0,53.57,17.86,0.0,5.95,0,5,4,0,1,0,8,68,утверждение,50,фактологический,2,11.9,перевёрнутая пирамида,новость,2,11.9,0,4,True,False,0,False,False,,собственный сбор,False
LEAP News,leap,https://leap.uz/ru/2026/08/04/tashabbusli-byudjet-2026-otbor-nachalsya,2026-08-04T19:42:00+05:00,site,society,"reporter, editor",140,999,9,14.0,12.0,0.0,5,1.8,23.1,14.5,121.43,0.0,28.57,57.14,0.0,28.57,3,2,5,0,1,0,11,71,утверждение,26,фактологический,2,14.29,перевёрнутая пирамида,новость,2,14.29,0,3,True,False,0,False,False,,собственный сбор,False
LEAP News,leap,https://leap.uz/ru/2026/08/04/personal-data-49-countries-list,2026-08-04T19:48:00+05:00,site,business,"reporter, editor",491,3894,26,18.38,18.0,0.077,10,2.6,6.8,18.2,89.61,4.07,44.81,20.37,0.0,8.15,2,0,5,0,1,0,10,75,утверждение,29,фактологический,3,6.11,разбор по пунктам,расширенная новость,0,0.0,0,5,True,False,0,False,False,,работа с первоисточником,False
LEAP News,leap,https://leap.uz/ru/2026/08/04/samarkand-2028-satellite-launch,2026-08-04T19:54:00+05:00,site,tech,"reporter, editor",251,2121,14,17.71,17.0,0.143,7,2.0,7.6,17.9,87.65,7.97,39.84,39.84,0.0,19.92,0,3,5,0,1,0,8,69,утверждение,29,фактологический,4,15.94,разбор по пунктам,новость,3,11.95,0,3,True,False,0,False,False,,собственный сбор,False
LEAP News,leap,https://leap.uz/ru/2026/08/04/uz-kg-village-transfer-chongara-tashdobo,2026-08-04T20:00:00+05:00,site,politics,"reporter, editor",354,2686,18,18.28,15.0,0.167,9,2.0,11.2,17.6,115.82,2.82,33.9,48.02,0.0,22.6,0,4,8,1,1,0,9,63,утверждение,31,фактологический,4,11.3,разбор по пунктам,расширенная новость,3,8.47,0,2,True,False,0,False,False,,собственный сбор,False
LEAP News,leap,https://leap.uz/ru/2026/08/04/president-administration-law-first-reading,2026-08-04T20:15:00+05:00,site,politics,"reporter, editor",228,1888,12,18.17,17.5,0.167,7,1.71,-15.3,21.2,171.05,4.39,39.47,26.32,0.0,21.93,2,1,6,0,1,0,10,76,утверждение,29,фактологический,2,8.77,перевёрнутая пирамида,новость,0,0.0,0,2,True,False,0,False,False,,работа с первоисточником,False
LEAP News,leap,https://leap.uz/ru/2026/08/04/pdd-bill-first-reading-2026,2026-08-04T20:51:00+05:00,site,society,"reporter, editor",298,2337,16,18.06,19.0,0.125,8,2.0,6.4,18.2,100.67,0.0,83.89,13.42,0.0,10.07,1,2,6,2,1,0,13,88,утверждение,26,фактологический,4,13.42,разбор по пунктам,новость,2,6.71,0,0,False,False,0,False,False,,комментарий эксперта,False
LEAP News,leap,https://leap.uz/ru/2026/08/04/samarkand-nurbulak-resort-city,2026-08-04T21:12:00+05:00,site,economy,"reporter, editor",339,2762,17,18.88,18.0,0.059,8,2.12,-1.0,19.5,115.04,0.0,47.2,41.3,8.85,14.75,0,3,3,0,1,0,11,87,утверждение,27,фактологический,4,11.8,разбор по пунктам,новость,3,8.85,0,3,True,False,0,False,False,,собственный сбор,False
LEAP News,leap,https://leap.uz/ru/2026/08/04/chirchik-illegal-sand-gravel-1-9trln-damage,2026-08-04T21:41:00+05:00,site,society,"reporter, editor",255,1800,14,16.86,15.5,0.143,6,2.33,26.0,15.0,94.12,0.0,27.45,62.75,0.0,23.53,0,3,3,0,1,0,16,89,утверждение,31,фактологический,3,11.76,разбор по пунктам,новость,3,11.76,0,2,True,False,0,False,False,,собственный сбор,False
LEAP News,leap,https://leap.uz/ru/2026/08/04/tashkent-cashback-scheme-4-7bn-sum,2026-08-04T21:51:00+05:00,site,society,"reporter, editor",388,2661,20,17.6,18.0,0.1,9,2.22,30.1,14.7,85.05,2.58,25.77,61.86,2.58,7.73,0,4,4,0,1,0,12,84,утверждение,29,фактологический,3,7.73,разбор по пунктам,расширенная новость,4,10.31,0,1,True,False,0,False,False,,собственный сбор,False
LEAP News,leap,https://leap.uz/ru/2026/08/04/drc-ebola-outbreak-1700-deaths-who-trials,2026-08-04T22:37:00+05:00,site,world,"reporter, editor",436,3059,20,19.9,21.0,0.2,9,2.22,21.5,16.6,52.75,0.0,41.28,71.1,13.76,20.64,2,9,16,0,1,0,13,80,утверждение,31,фактологический,4,9.17,разбор по пунктам,расширенная новость,3,6.88,0,6,True,False,0,False,False,,собственный сбор,False
LEAP News,leap,https://leap.uz/ru/2026/08/05/pension-childcare-leave-work-record,2026-08-05T00:27:00+05:00,site,society,"reporter, editor",295,1961,12,21.58,23.0,0.417,6,2.0,23.8,16.9,74.58,3.39,47.46,98.31,0.0,40.68,4,1,5,0,1,0,12,67,утверждение,41,фактологический,3,10.17,разбор по пунктам,новость,1,3.39,0,5,True,False,0,False,False,,собственный сбор,False
LEAP News,leap,https://leap.uz/ru/2026/08/05/uzstat-construction-works-h1-2026-192trln,2026-08-05T00:32:00+05:00,site,economy,"reporter, editor",159,1084,8,18.0,16.5,0.0,5,1.6,36.5,13.9,119.5,0.0,6.29,88.05,18.87,37.74,0,2,4,0,1,0,11,73,утверждение,26,фактологический,2,12.58,перевёрнутая пирамида,новость,1,6.29,0,3,True,False,0,False,False,,собственный сбор,False
LEAP News,leap,https://leap.uz/ru/2026/08/05/mintrans-jaloliddin-afrosiyob-passenger-flow,2026-08-05T00:52:00+05:00,site,society,"reporter, editor",401,2760,19,18.32,20.0,0.053,7,2.71,29.0,15.1,87.28,0.0,12.47,94.76,0.0,32.42,6,1,6,0,1,0,7,71,утверждение,29,фактологический,4,9.98,разбор по пунктам,расширенная новость,1,2.49,0,3,True,False,0,False,False,,собственный сбор,False
LEAP News,leap,https://leap.uz/ru/2026/08/05/minenergy-callcenter-survey-power-outages,2026-08-05T01:30:00+05:00,site,society,"reporter, editor",199,1475,10,17.5,19.0,0.0,5,2.0,7.6,17.8,55.28,0.0,50.25,120.6,65.33,0.0,1,4,4,0,1,0,10,74,утверждение,27,фактологический,3,15.08,перевёрнутая пирамида,новость,3,15.08,0,4,True,False,0,False,False,,собственный сбор,False
LEAP News,leap,https://leap.uz/ru/2026/08/05/uzbekistan-infrastructure-h1-2026,2026-08-05T01:49:00+05:00,site,economy,"reporter, editor",202,1466,10,17.9,19.0,0.0,6,1.67,13.3,17.2,103.96,9.9,44.55,123.76,9.9,54.46,0,2,8,0,1,0,11,84,утверждение,26,фактологический,4,19.8,разбор по пунктам,новость,2,9.9,0,8,True,False,0,False,False,,собственный сбор,False
LEAP News,leap,https://leap.uz/ru/2026/08/05/hisor-reserve-camera-trap-snow-leopards,2026-08-05T02:39:00+05:00,site,society,"reporter, editor",96,764,5,18.4,18.0,0.2,3,1.67,8.5,18.0,114.58,0.0,0.0,20.83,0.0,10.42,0,2,3,0,1,0,10,75,утверждение,30,фактологический,0,0.0,перевёрнутая пирамида,новость,2,20.83,0,3,True,False,0,False,False,,собственный сбор,False
LEAP News,leap,https://leap.uz/ru/2026/08/05/spacex-debut-earnings-nvidia-partnership,2026-08-05T03:09:00+05:00,site,world,"reporter, editor",129,875,5,23.4,23.0,0.2,3,1.67,33.6,16.1,46.51,0.0,7.75,69.77,7.75,31.01,1,1,3,0,1,0,14,83,утверждение,29,фактологический,0,0.0,перевёрнутая пирамида,новость,1,7.75,0,0,False,False,0,False,False,,рерайт,False
LEAP News,leap,https://leap.uz/ru/2026/08/05/poland-turkey-extradition-wanted-persons,2026-08-05T03:10:00+05:00,site,society,"reporter, editor",242,1943,12,19.5,19.0,0.25,6,2.0,0.2,19.5,78.51,0.0,28.93,28.93,0.0,4.13,0,3,3,0,1,0,9,65,утверждение,34,фактологический,3,12.4,разбор по пунктам,новость,1,4.13,0,1,True,False,0,False,False,,собственный сбор,False
LEAP News,leap,https://leap.uz/ru/2026/08/05/uzbekistan-shadow-economy-h1-2026,2026-08-05T03:38:00+05:00,site,economy,"reporter, editor",290,1962,14,17.21,20.0,0.0,9,1.56,28.1,14.9,44.83,0.0,27.59,120.69,51.72,34.48,1,2,2,0,1,0,10,77,утверждение,28,фактологический,2,6.9,перевёрнутая пирамида,новость,1,3.45,0,2,True,False,0,False,False,,собственный сбор,False
LEAP News,leap,https://leap.uz/ru/2026/08/05/uzbekistan-crypto-foreign-companies-fines-proposal,2026-08-05T03:46:00+05:00,site,tech,"reporter, editor",308,2341,13,21.23,19.0,0.385,7,1.86,2.4,19.7,133.12,6.49,48.7,51.95,3.25,19.48,1,0,4,0,1,0,11,80,утверждение,30,фактологический,4,12.99,разбор по пунктам,новость,0,0.0,0,3,True,False,0,False,False,,работа с первоисточником,False
LEAP News,leap,https://leap.uz/ru/2026/08/05/tashkent-heating-tariff-excess-area-proposal,2026-08-05T03:55:00+05:00,site,economy,"reporter, editor",380,2793,21,17.24,18.0,0.048,7,3.0,15.9,16.6,118.42,5.26,68.42,26.32,2.63,7.89,7,2,5,0,1,0,13,85,утверждение,27,фактологический,4,10.53,разбор по пунктам,расширенная новость,0,0.0,0,1,True,False,0,False,False,,работа с первоисточником,False
LEAP News,leap,https://leap.uz/ru/2026/08/05/tashkent-vozduh-zagryaznenie-avgust,2026-08-05T04:27:00+05:00,site,society,"reporter, editor",333,2305,14,21.21,19.0,0.214,8,1.75,22.2,17.0,63.06,0.0,48.05,117.12,6.01,12.01,0,0,6,0,1,0,8,64,утверждение,30,фактологический,3,9.01,разбор по пунктам,новость,0,0.0,0,3,True,False,0,False,False,,работа с первоисточником,False
LEAP News,leap,https://leap.uz/ru/2026/08/05/gosmedstrahovanie-6-mesyatsev-2026,2026-08-05T04:28:00+05:00,site,society,"reporter, editor",221,1505,12,15.0,12.5,0.083,6,2.0,32.4,13.6,72.4,4.52,9.05,117.65,9.05,13.57,0,1,3,0,1,0,11,81,утверждение,35,фактологический,3,13.57,разбор по пунктам,новость,1,4.52,0,3,True,False,0,False,False,,собственный сбор,False
LEAP News,leap,https://leap.uz/ru/2026/08/05/ibsa-world-games-2027-tashkent,2026-08-05T04:30:00+05:00,site,sport,"reporter, editor",193,1383,9,19.67,20.0,0.0,6,1.5,23.7,16.3,113.99,0.0,5.18,51.81,0.0,36.27,0,4,4,0,1,0,12,86,утверждение,26,фактологический,3,15.54,разбор по пунктам,новость,2,10.36,0,0,False,False,0,False,False,,комментарий эксперта,False
LEAP News,leap,https://leap.uz/ru/2026/08/05/vtoraya-spetsialnost-priem-2026,2026-08-05T04:43:00+05:00,site,society,"reporter, editor",294,2178,15,18.73,17.0,0.133,8,1.88,12.4,17.5,142.86,0.0,54.42,44.22,0.0,30.61,0,0,3,0,1,0,12,84,утверждение,29,фактологический,3,10.2,разбор по пунктам,новость,0,0.0,0,3,True,False,0,False,False,,работа с первоисточником,False
LEAP News,leap,https://leap.uz/ru/2026/08/05/kurash-central-american-caribbean-games,2026-08-05T04:55:00+05:00,site,sport,"reporter, editor",284,2163,12,22.58,23.0,0.333,7,1.71,6.3,19.6,112.68,7.04,21.13,38.73,0.0,38.73,1,2,2,0,1,0,11,73,утверждение,61,фактологический,3,10.56,разбор по пунктам,новость,2,7.04,0,0,False,False,0,False,False,,комментарий эксперта,False
LEAP News,leap,https://leap.uz/ru/2026/08/05/burnham-uk-prison-reform-labour-poll,2026-08-05T04:59:00+05:00,site,world,"reporter, editor",443,3234,24,17.46,18.5,0.083,9,2.67,24.4,15.5,67.72,2.26,38.37,38.37,4.51,18.06,2,2,4,0,1,0,11,66,утверждение,31,фактологический,4,9.03,разбор по пунктам,расширенная новость,1,2.26,0,0,False,False,0,False,False,,рерайт,False
LEAP News,leap,https://leap.uz/ru/2026/08/05/andijan-boeing-747-cattle-import-first,2026-08-05T05:13:00+05:00,site,economy,"reporter, editor",246,1899,13,17.62,17.0,0.077,7,1.86,18.3,16.4,146.34,0.0,12.2,60.98,0.0,12.2,3,4,4,0,1,0,9,62,утверждение,36,фактологический,2,8.13,перевёрнутая пирамида,новость,0,0.0,0,1,True,False,0,False,False,,работа с первоисточником,False
LEAP News,leap,https://leap.uz/ru/2026/08/05/guatemala-fuego-volcano-eruption,2026-08-05T05:31:00+05:00,site,world,"reporter, editor",362,2697,15,22.4,25.0,0.4,8,1.88,5.5,19.7,80.11,0.0,33.15,58.01,0.0,22.1,2,3,8,0,1,0,9,74,утверждение,29,фактологический,3,8.29,разбор по пунктам,расширенная новость,1,2.76,0,0,False,False,0,False,False,,рерайт,False
LEAP News,leap,https://leap.uz/ru/2026/08/05/uzbekistan-fish-catch-h1-2026-up-37pct,2026-08-05T05:46:00+05:00,site,economy,"reporter, editor",258,1713,14,15.71,14.5,0.214,5,2.8,46.3,11.9,54.26,0.0,0.0,127.91,15.5,23.26,0,1,4,0,1,0,14,72,утверждение,49,фактологический,2,7.75,перевёрнутая пирамида,новость,1,3.88,0,4,True,False,0,False,False,,собственный сбор,False
LEAP News,leap,https://leap.uz/ru/2026/08/05/tashkent-djararyk-illegal-tree-felling,2026-08-05T05:55:00+05:00,site,society,"reporter, editor",190,1374,11,15.18,14.0,0.0,4,2.75,19.0,15.5,31.58,0.0,63.16,89.47,0.0,10.53,1,2,3,0,1,0,10,76,утверждение,28,фактологический,2,10.53,перевёрнутая пирамида,новость,2,10.53,0,0,False,False,0,False,False,,комментарий эксперта,False
LEAP News,leap,https://leap.uz/ru/2026/08/05/tashkent-asian-junior-youth-weightlifting-2026,2026-08-05T06:22:00+05:00,site,sport,"reporter, editor",283,2135,15,17.53,18.0,0.067,7,2.14,12.4,17.2,113.07,0.0,17.67,67.14,0.0,28.27,0,1,7,0,1,0,13,90,утверждение,30,фактологический,3,10.6,разбор по пунктам,новость,1,3.53,0,0,False,False,0,False,False,,рерайт,False
LEAP News,leap,https://leap.uz/ru/2026/08/05/uzbekneftegaz-profit-110pct-mubarek-plan,2026-08-05T06:26:00+05:00,site,economy,"reporter, editor",468,3323,19,21.63,20.0,0.211,11,1.73,16.8,17.9,32.05,4.27,34.19,100.43,29.91,12.82,1,4,3,1,1,0,14,85,утверждение,26,фактологический,4,8.55,разбор по пунктам,расширенная новость,3,6.41,0,1,True,False,0,False,False,,собственный сбор,False
LEAP News,leap,https://leap.uz/ru/2026/08/05/iran-oman-hormuz-deal-progress,2026-08-05T06:46:00+05:00,site,world,"reporter, editor",583,4142,23,24.3,25.0,0.435,10,2.3,17.7,18.6,92.62,0.0,29.16,29.16,1.72,20.58,8,13,8,3,1,0,11,75,утверждение,31,фактологический,6,10.29,разбор по пунктам,расширенная новость,8,13.72,1,0,False,False,0,False,False,,комментарий эксперта,False
LEAP News,leap,https://leap.uz/ru/2026/08/05/us-iran-war-missile-depletion-tanker-attack-hormuz,2026-08-05T07:30:00+05:00,site,world,"reporter, editor",628,4380,35,17.06,15.0,0.2,14,2.5,32.3,14.2,82.8,0.0,17.52,39.81,3.18,17.52,8,16,7,1,1,0,14,83,утверждение,38,фактологический,7,11.15,разбор по пунктам,расширенная новость,8,12.74,0,0,False,False,0,False,False,,комментарий эксперта,False
LEAP News,leap,https://leap.uz/ru/2026/08/05/houthi-attack-indian-ship-saudi-red-sea-diplomacy,2026-08-05T09:40:00+05:00,site,world,"reporter, editor",598,4362,23,25.26,25.0,0.435,11,2.09,10.9,19.8,115.38,0.0,15.05,20.07,0.0,6.69,3,7,9,0,1,0,15,90,утверждение,33,фактологический,6,10.03,разбор по пунктам,расширенная новость,6,10.03,0,0,False,False,0,False,False,,комментарий эксперта,False
LEAP News,leap,https://leap.uz/ru/2026/08/05/samarkand-2028-orbit-confirmed,2026-08-05T10:08:00+05:00,site,tech,"reporter, editor",236,1910,10,22.8,21.5,0.4,5,2.0,11.9,18.9,105.93,0.0,21.19,46.61,0.0,12.71,0,1,3,2,1,0,8,67,утверждение,25,фактологический,3,12.71,перевёрнутая пирамида,новость,0,0.0,0,3,True,False,0,False,False,,работа с первоисточником,False
LEAP News,leap,https://leap.uz/ru/2026/08/05/ceuta-migrant-crisis-death-toll-75-eu-schengen,2026-08-05T11:07:00+05:00,site,world,"reporter, editor",418,2886,17,23.06,23.0,0.471,9,1.89,20.3,17.8,86.12,2.39,11.96,45.45,0.0,21.53,2,1,9,2,1,0,15,75,утверждение,31,фактологический,5,11.96,разбор по пунктам,расширенная новость,0,0.0,0,0,False,False,0,False,False,,рерайт,False
LEAP News,leap,https://leap.uz/ru/2026/08/05/saidov-gor-newdelhi-c5plus1-meeting,2026-08-05T11:45:00+05:00,site,politics,"reporter, editor",183,1441,8,22.5,21.0,0.25,5,1.6,8.6,19.3,65.57,10.93,10.93,32.79,0.0,10.93,2,3,4,0,1,0,10,70,утверждение,29,фактологический,2,10.93,перевёрнутая пирамида,новость,1,5.46,0,1,True,False,0,False,False,,собственный сбор,False
LEAP News,leap,https://leap.uz/ru/2026/08/05/termez-water-supply-restoration-aug5,2026-08-05T12:18:00+05:00,site,society,"reporter, editor",146,1206,10,13.8,13.0,0.0,6,1.67,4.2,17.1,75.34,0.0,54.79,47.95,0.0,20.55,1,2,3,0,1,0,10,66,утверждение,27,фактологический,0,0.0,перевёрнутая пирамида,новость,2,13.7,0,0,False,False,0,False,False,,комментарий эксперта,False
LEAP News,leap,https://leap.uz/ru/2026/08/05/palliative-care-system-launch-sept-2026,2026-08-05T12:25:00+05:00,site,society,"reporter, editor",363,2698,18,18.22,15.5,0.111,8,2.25,4.1,18.5,77.13,0.0,35.81,66.12,22.04,30.3,0,4,3,0,1,0,9,67,утверждение,42,фактологический,3,8.26,разбор по пунктам,расширенная новость,3,8.26,0,3,True,False,0,False,False,,собственный сбор,False
LEAP News,leap,https://leap.uz/ru/2026/08/05/investment-h1-2026-338trln,2026-08-05T13:44:00+05:00,site,economy,"reporter, editor",188,1242,7,21.86,21.0,0.286,4,1.75,23.7,17.0,63.83,0.0,21.28,122.34,10.64,37.23,0,2,2,0,1,0,12,79,утверждение,29,фактологический,2,10.64,разбор по пунктам,новость,2,10.64,0,0,False,False,0,False,False,,комментарий эксперта,False
LEAP News,leap,https://leap.uz/ru/2026/08/05/escrow-deals-july-2026,2026-08-05T13:47:00+05:00,site,economy,"reporter, editor",217,1564,11,18.64,17.0,0.182,5,2.2,32.2,14.7,82.95,0.0,18.43,110.6,0.0,27.65,1,3,3,0,1,0,14,72,утверждение,26,фактологический,3,13.82,перевёрнутая пирамида,новость,1,4.61,0,1,True,False,0,False,False,,собственный сбор,False
LEAP News,leap,https://leap.uz/ru/2026/08/05/andijan-khojaobad-industrial-water-supply,2026-08-05T13:48:00+05:00,site,society,"reporter, editor",229,1767,13,16.85,15.0,0.077,4,3.25,8.5,17.5,87.34,4.37,39.3,26.2,0.0,0.0,3,3,2,0,1,0,6,68,утверждение,25,фактологический,2,8.73,перевёрнутая пирамида,новость,0,0.0,0,0,False,False,0,False,False,,рерайт,False
LEAP News,leap,https://leap.uz/ru/2026/08/05/netanyahu-gaza-peace-plan-rejection,2026-08-05T13:54:00+05:00,site,world,"reporter, editor",493,3579,28,17.0,16.5,0.179,9,3.11,21.1,15.8,93.31,0.0,50.71,26.37,0.0,16.23,7,9,3,1,1,0,9,63,утверждение,28,фактологический,4,8.11,разбор по пунктам,расширенная новость,4,8.11,0,0,False,False,0,False,False,,комментарий эксперта,False
LEAP News,leap,https://leap.uz/ru/2026/08/05/state-assets-auction-aug4-2026,2026-08-05T14:00:00+05:00,site,economy,"reporter, editor",241,1563,9,23.33,23.0,0.444,6,1.5,29.1,16.7,62.24,0.0,8.3,99.59,0.0,24.9,0,1,3,1,1,0,13,72,утверждение,28,фактологический,3,12.45,разбор по пунктам,новость,1,4.15,0,0,False,False,0,False,False,,рерайт,False
LEAP News,leap,https://leap.uz/ru/2026/08/05/pq292-special-education-needs-oilabay,2026-08-05T14:20:00+05:00,site,society,"reporter, editor",437,3196,17,23.76,25.0,0.412,10,1.7,6.5,20.0,123.57,4.58,61.78,77.8,2.29,43.48,1,3,8,0,1,0,12,78,утверждение,29,фактологический,4,9.15,разбор по пунктам,расширенная новость,1,2.29,0,8,True,False,0,False,False,,собственный сбор,False
LEAP News,leap,https://leap.uz/ru/2026/08/05/uzbekistan-hazardous-waste-plan-pp289,2026-08-05T14:21:00+05:00,site,business,"reporter, editor",333,2699,17,18.53,18.0,0.118,8,2.12,-10.1,20.6,69.07,0.0,63.06,48.05,0.0,33.03,3,1,4,0,1,0,10,78,утверждение,29,фактологический,3,9.01,разбор по пунктам,новость,1,3.0,0,4,True,False,0,False,False,,собственный сбор,False
LEAP News,leap,https://leap.uz/ru/2026/08/05/north-korea-warns-japan-tomahawk-test,2026-08-05T15:00:00+05:00,site,world,"reporter, editor",259,1850,14,18.07,17.5,0.071,7,2.0,24.2,15.7,100.39,3.86,27.03,7.72,0.0,7.72,4,3,7,0,1,0,8,62,утверждение,28,фактологический,2,7.72,перевёрнутая пирамида,новость,1,3.86,0,0,False,False,0,False,False,,рерайт,False
LEAP News,leap,https://leap.uz/ru/2026/08/05/ceuta-crisis-toll-rises-eu-solidarity-split,2026-08-05T15:27:00+05:00,site,world,"reporter, editor",523,3674,23,21.57,20.0,0.348,11,2.09,22.5,17.0,72.66,0.0,11.47,40.15,0.0,15.3,2,3,11,1,1,0,15,78,утверждение,29,фактологический,5,9.56,разбор по пунктам,расширенная новость,1,1.91,0,0,False,False,0,False,False,,рерайт,False
LEAP News,leap,https://leap.uz/ru/2026/08/05/china-sanctions-six-us-firms-drone-curbs,2026-08-05T15:45:00+05:00,site,world,"reporter, editor",471,3636,19,23.53,23.0,0.368,10,1.9,9.0,19.6,59.45,2.12,27.6,23.35,2.12,10.62,2,2,3,0,1,0,12,80,утверждение,25,фактологический,4,8.49,разбор по пунктам,расширенная новость,2,4.25,0,0,False,False,0,False,False,,комментарий эксперта,False
LEAP News,leap,https://leap.uz/ru/2026/08/05/world-paramount-warner-bros-trial-march2027,2026-08-05T16:12:00+05:00,site,world,"reporter, editor",677,4616,30,20.4,15.0,0.267,14,2.14,34.7,15.0,63.52,0.0,22.16,79.76,7.39,41.36,5,5,13,0,1,0,13,82,утверждение,27,фактологический,5,7.39,разбор по пунктам,расширенная новость,3,4.43,0,0,False,False,0,False,False,,комментарий эксперта,False
LEAP News,leap,https://leap.uz/ru/2026/08/05/lebanon-israel-rome-talks-round7-2026,2026-08-05T16:33:00+05:00,site,world,"reporter, editor",451,3306,22,19.77,19.0,0.182,11,2.0,20.0,16.8,121.95,0.0,33.26,15.52,0.0,11.09,4,5,11,0,1,0,12,80,утверждение,29,фактологический,4,8.87,разбор по пунктам,расширенная новость,1,2.22,0,0,False,False,0,False,False,,рерайт,False
LEAP News,leap,https://leap.uz/ru/2026/08/05/imkoniyatlar-olimpiadasi-upshift-prizes,2026-08-05T16:39:00+05:00,site,society,"reporter, editor",213,1565,11,18.0,16.0,0.273,6,1.83,22.0,16.0,136.15,4.69,37.56,70.42,0.0,23.47,3,1,2,0,1,0,12,72,утверждение,29,фактологический,3,14.08,разбор по пунктам,новость,1,4.69,0,2,True,False,0,False,False,,собственный сбор,False
LEAP News,leap,https://leap.uz/ru/2026/08/05/houthi-saudi-tanker-airport-strikes-aug2026,2026-08-05T16:42:00+05:00,site,world,"reporter, editor",340,2454,20,16.55,16.5,0.1,9,2.22,25.5,15.0,111.76,0.0,14.71,17.65,0.0,14.71,2,10,8,0,1,0,10,66,утверждение,30,фактологический,4,11.76,разбор по пунктам,новость,4,11.76,0,0,False,False,0,False,False,,комментарий эксперта,False
LEAP News,leap,https://leap.uz/ru/2026/08/05/uzbekistan-palov-index-regions-july2026,2026-08-05T17:44:00+05:00,site,economy,"reporter, editor",323,2184,14,18.93,17.0,0.214,7,2.14,40.0,13.7,86.69,0.0,6.19,210.53,18.58,12.38,0,2,7,0,1,0,11,65,утверждение,31,фактологический,2,6.19,разбор по пунктам,новость,1,3.1,0,0,False,False,0,False,False,,рерайт,False
LEAP News,leap,https://leap.uz/ru/2026/08/05/shahrisabz-hokim-video-anticorruption-check,2026-08-05T17:51:00+05:00,site,politics,"reporter, editor",263,2027,14,18.36,18.5,0.071,6,2.33,8.0,18.0,117.87,0.0,41.83,11.41,0.0,7.6,0,3,3,0,1,0,6,66,утверждение,34,фактологический,3,11.41,разбор по пунктам,объяснитель,3,11.41,0,0,False,False,0,False,False,,комментарий эксперта,False
LEAP News,leap,https://leap.uz/ru/2026/08/05/uzbekistan-airways-cdc-ebola-us-entry-rules,2026-08-05T17:51:00+05:00,site,world,"reporter, editor",375,2565,17,20.76,20.0,0.176,7,2.43,26.8,16.2,69.33,5.33,37.33,42.67,0.0,24.0,0,4,6,0,1,0,11,75,утверждение,30,фактологический,4,10.67,разбор по пунктам,расширенная новость,1,2.67,0,0,False,False,0,False,False,,рерайт,False
LEAP News,leap,https://leap.uz/ru/2026/08/05/pension-settlement-colony-inmates-simplified,2026-08-05T17:54:00+05:00,site,society,"reporter, editor",397,2929,15,24.53,27.0,0.533,10,1.5,2.0,20.8,108.31,0.0,60.45,60.45,0.0,22.67,4,4,6,0,1,0,7,72,утверждение,28,фактологический,4,10.08,разбор по пунктам,расширенная новость,2,5.04,0,5,True,False,0,False,False,,собственный сбор,False
LEAP News,leap,https://leap.uz/ru/2026/08/05/islamic-banking-conversion-rules-uzbekistan,2026-08-05T18:20:00+05:00,site,economy,"reporter, editor",316,2451,17,17.12,15.0,0.118,7,2.43,3.2,18.3,85.44,9.49,60.13,66.46,6.33,37.97,0,1,4,0,1,0,10,73,утверждение,27,фактологический,4,12.66,разбор по пунктам,новость,0,0.0,0,4,True,False,0,False,False,,работа с первоисточником,False
LEAP News,leap,https://leap.uz/ru/2026/08/05/uzbekistan-cpi-deflation-july-2026,2026-08-05T18:20:00+05:00,site,economy,"reporter, editor",276,1916,16,14.81,15.5,0.0,8,2.0,31.6,13.6,65.22,0.0,14.49,144.93,90.58,25.36,0,3,6,0,1,0,13,74,утверждение,26,фактологический,3,10.87,разбор по пунктам,новость,2,7.25,0,2,True,False,0,False,False,,собственный сбор,False
LEAP News,leap,https://leap.uz/ru/2026/08/05/itpark-70-companies-lose-resident-status,2026-08-05T18:23:00+05:00,site,tech,"reporter, editor",354,2551,20,16.45,17.0,0.05,8,2.5,20.7,15.7,104.52,0.0,50.85,39.55,8.47,14.12,1,5,6,0,1,0,10,74,утверждение,29,фактологический,4,11.3,разбор по пунктам,расширенная новость,3,8.47,0,0,False,False,0,False,False,,комментарий эксперта,False
LEAP News,leap,https://leap.uz/ru/2026/08/05/tashkent-utilities-winter-2026-prep,2026-08-05T18:23:00+05:00,site,society,"reporter, editor",334,2347,17,18.12,19.0,0.059,7,2.43,18.8,16.5,95.81,2.99,35.93,50.9,8.98,8.98,0,3,4,0,1,0,11,74,утверждение,30,фактологический,4,11.98,разбор по пунктам,объяснитель,3,8.98,0,0,False,False,0,False,False,,комментарий эксперта,False
LEAP News,leap,https://leap.uz/ru/2026/08/05/uzbekistan-livestock-poultry-895m-2028,2026-08-05T18:54:00+05:00,site,economy,"reporter, editor",311,2399,15,19.0,21.0,0.267,8,1.88,9.4,18.0,112.54,0.0,12.86,61.09,0.0,16.08,0,2,6,0,1,0,12,81,утверждение,30,фактологический,4,12.86,разбор по пунктам,новость,2,6.43,0,6,True,False,0,False,False,,собственный сбор,False
LEAP News,leap,https://leap.uz/ru/2026/08/05/usd-uzs-rate-lowest-since-dec-2025,2026-08-05T19:14:00+05:00,site,economy,"reporter, editor",243,1557,12,18.17,17.5,0.167,6,2.0,46.2,12.6,49.38,0.0,20.58,139.92,8.23,45.27,0,0,5,0,1,0,15,72,утверждение,30,фактологический,2,8.23,перевёрнутая пирамида,новость,0,0.0,0,5,True,False,0,False,False,,работа с первоисточником,False
LEAP News,leap,https://leap.uz/ru/2026/08/05/cb-biometric-data-storage-payment-operators,2026-08-05T19:55:00+05:00,site,economy,"reporter, editor",257,2073,10,24.4,24.0,0.4,6,1.67,-9.9,22.5,66.15,0.0,62.26,35.02,0.0,23.35,2,1,2,0,1,0,10,78,утверждение,28,фактологический,2,7.78,перевёрнутая пирамида,новость,0,0.0,0,1,True,False,0,False,False,,работа с первоисточником,False
LEAP News,leap,https://leap.uz/ru/2026/08/05/cb-sum-deposit-yield-rise,2026-08-05T21:18:00+05:00,site,economy,"reporter, editor",393,2361,19,18.21,17.0,0.211,8,2.38,48.5,12.3,50.89,0.0,20.36,91.6,86.51,5.09,0,0,4,0,1,0,12,64,утверждение,36,фактологический,3,7.63,разбор по пунктам,расширенная новость,0,0.0,0,4,True,False,0,False,False,,работа с первоисточником,False
LEAP News,leap,https://leap.uz/ru/2026/08/05/president-gift-first-graders-delivery,2026-08-05T21:50:00+05:00,site,society,"reporter, editor",157,1242,8,18.75,17.5,0.375,4,2.0,11.0,17.8,70.06,0.0,12.74,50.96,0.0,6.37,3,1,3,0,1,0,6,71,утверждение,28,фактологический,2,12.74,перевёрнутая пирамида,новость,1,6.37,0,3,True,False,0,False,False,,собственный сбор,False
LEAP News,leap,https://leap.uz/ru/2026/08/05/tdtu-dual-education-energy-expansion,2026-08-05T21:51:00+05:00,site,society,"reporter, editor",252,2046,10,24.3,27.0,0.6,5,2.0,-11.0,22.6,107.14,3.97,55.56,27.78,7.94,11.9,2,3,3,0,1,0,10,72,утверждение,29,фактологический,3,11.9,перевёрнутая пирамида,новость,3,11.9,0,2,True,False,0,False,False,,собственный сбор,False
LEAP News,leap,https://leap.uz/ru/2026/08/05/slavic-caravan-belarus-uzbekistan-train,2026-08-05T22:51:00+05:00,site,economy,"reporter, editor",410,3094,20,19.5,20.5,0.25,9,2.22,16.7,17.2,109.76,2.44,9.76,36.59,0.0,9.76,8,5,6,0,1,0,9,62,утверждение,26,фактологический,4,9.76,разбор по пунктам,расширенная новость,2,4.88,0,1,True,False,0,False,False,,собственный сбор,False
LEAP News,leap,https://leap.uz/ru/2026/08/05/labor-ministry-fake-employment-warning,2026-08-05T23:25:00+05:00,site,society,"reporter, editor",265,2036,10,24.7,26.5,0.6,7,1.43,2.7,20.8,75.47,3.77,33.96,45.28,0.0,11.32,1,0,4,0,1,0,8,77,утверждение,30,фактологический,2,7.55,разбор по пунктам,новость,0,0.0,0,3,True,False,0,False,False,,работа с первоисточником,False
LEAP News,leap,https://leap.uz/ru/2026/08/05/salah-arrives-turkey-trabzonspor-move,2026-08-05T23:30:00+05:00,site,sport,"reporter, editor",325,2247,19,16.11,14.0,0.158,6,3.17,39.4,12.9,101.54,0.0,24.62,27.69,0.0,12.31,2,2,3,0,1,0,9,64,утверждение,29,фактологический,3,9.23,разбор по пунктам,новость,2,6.15,0,0,False,False,0,False,False,,комментарий эксперта,False
LEAP News,leap,https://leap.uz/ru/2026/08/05/karakalpakstan-water-debt-collection,2026-08-05T23:39:00+05:00,site,society,"reporter, editor",130,942,7,17.0,18.0,0.0,3,2.33,20.6,15.9,76.92,7.69,23.08,100.0,0.0,30.77,0,3,2,0,1,0,12,69,утверждение,27,фактологический,2,15.38,перевёрнутая пирамида,новость,2,15.38,0,0,False,False,0,False,False,,комментарий эксперта,False
LEAP News,leap,https://leap.uz/ru/2026/08/05/fifa-infantino-crisis-morocco-meeting,2026-08-05T23:46:00+05:00,site,sport,"reporter, editor",540,3831,22,23.59,23.0,0.409,11,2.0,19.4,18.1,77.78,0.0,14.81,22.22,1.85,14.81,6,9,10,0,1,0,13,87,утверждение,28,фактологический,5,9.26,разбор по пунктам,расширенная новость,3,5.56,0,0,False,False,0,False,False,,комментарий эксперта,False
LEAP News,leap,https://leap.uz/ru/2026/08/06/cbu-deposit-interest-tax-rumor-debunk,2026-08-06T00:20:00+05:00,site,economy,"reporter, editor",230,1789,12,18.67,17.0,0.167,5,2.4,1.7,19.0,95.65,13.04,78.26,17.39,17.39,13.04,1,4,4,0,1,0,10,63,утверждение,28,фактологический,2,8.7,перевёрнутая пирамида,новость,2,8.7,0,1,True,False,0,False,False,,собственный сбор,False
LEAP News,leap,https://leap.uz/ru/2026/08/06/tashkent-two-districts-power-outage-construction,2026-08-06T00:23:00+05:00,site,society,"reporter, editor",140,1181,8,16.62,14.5,0.125,6,1.33,-9.5,19.9,78.57,0.0,64.29,64.29,0.0,7.14,0,4,2,0,1,0,12,89,утверждение,27,фактологический,2,14.29,перевёрнутая пирамида,новость,2,14.29,0,2,True,False,0,False,False,,собственный сбор,False
LEAP News,leap,https://leap.uz/ru/2026/08/06/finance-invest-brok-regulatory-sandbox,2026-08-06T00:24:00+05:00,site,economy,"reporter, editor",200,1530,9,21.0,21.0,0.222,4,2.25,24.4,16.6,50.0,5.0,10.0,35.0,0.0,5.0,7,0,5,0,1,0,9,71,утверждение,29,фактологический,3,15.0,перевёрнутая пирамида,новость,0,0.0,0,0,False,False,0,False,False,,рерайт,False
LEAP News,leap,https://leap.uz/ru/2026/08/06/israel-lebanon-strikes-ceasefire-violation,2026-08-06T00:30:00+05:00,site,world,"reporter, editor",456,3303,18,24.44,23.5,0.5,10,1.8,12.7,19.3,98.68,2.19,26.32,15.35,0.0,6.58,2,6,8,2,1,0,11,75,утверждение,28,фактологический,4,8.77,разбор по пунктам,расширенная новость,3,6.58,0,0,False,False,0,False,False,,комментарий эксперта,False
LEAP News,leap,https://leap.uz/ru/2026/08/06/us-supreme-court-100bn-tariff-refund,2026-08-06T00:31:00+05:00,site,world,"reporter, editor",404,2830,17,21.76,21.0,0.353,6,2.83,25.7,16.7,76.73,2.48,9.9,59.41,9.9,19.8,4,4,5,2,1,0,10,70,утверждение,30,фактологический,5,12.38,разбор по пунктам,расширенная новость,3,7.43,0,0,False,False,0,False,False,,комментарий эксперта,False
LEAP News,leap,https://leap.uz/ru/2026/08/06/supreme-court-anticorruption-law-analysis,2026-08-06T01:23:00+05:00,site,politics,"reporter, editor",382,3110,14,25.93,23.0,0.357,7,2.0,-13.3,23.4,70.68,10.47,86.39,18.32,0.0,13.09,3,0,4,0,1,0,9,77,утверждение,26,фактологический,4,10.47,разбор по пунктам,расширенная новость,0,0.0,0,3,True,False,0,False,False,,работа с первоисточником,False
LEAP News,leap,https://leap.uz/ru/2026/08/06/syrdarya-illegal-fishing-crackdown,2026-08-06T01:30:00+05:00,site,society,"reporter, editor",187,1458,9,20.11,21.0,0.222,5,1.8,2.1,19.4,90.91,5.35,48.13,21.39,0.0,5.35,0,4,3,0,1,0,7,61,утверждение,31,фактологический,2,10.7,перевёрнутая пирамида,новость,4,21.39,0,3,True,False,0,False,False,,собственный сбор,False
LEAP News,leap,https://leap.uz/ru/2026/08/06/surxondaryo-neighbor-attempted-murder-15yrs,2026-08-06T01:42:00+05:00,site,society,"reporter, editor",173,1244,7,23.71,22.0,0.429,3,2.33,16.3,18.6,121.39,0.0,17.34,34.68,0.0,11.56,0,2,1,0,1,0,12,77,утверждение,29,фактологический,2,11.56,перевёрнутая пирамида,новость,2,11.56,0,0,False,False,0,False,False,,комментарий эксперта,False
LEAP News,leap,https://leap.uz/ru/2026/08/06/tashkent-karimov-memorial-park,2026-08-06T01:43:00+05:00,site,society,"reporter, editor",205,1596,11,18.27,20.0,0.091,6,1.83,10.3,17.7,160.98,0.0,14.63,19.51,0.0,14.63,0,3,5,0,1,0,13,88,утверждение,30,фактологический,3,14.63,разбор по пунктам,новость,3,14.63,0,0,False,False,0,False,False,,комментарий эксперта,False
LEAP News,leap,https://leap.uz/ru/2026/08/06/uzairways-etihad-codeshare-abu-dhabi,2026-08-06T01:47:00+05:00,site,business,"reporter, editor",314,2246,14,21.21,20.0,0.429,8,1.75,31.5,15.7,146.5,0.0,28.66,47.77,0.0,22.29,4,8,8,0,1,0,12,74,утверждение,32,фактологический,3,9.55,разбор по пунктам,новость,2,6.37,0,0,False,False,0,False,False,,комментарий эксперта,False
LEAP News,leap,https://leap.uz/ru/2026/08/06/uzbekistan-industrial-enterprises-count-h1-2026,2026-08-06T01:51:00+05:00,site,economy,"reporter, editor",190,1365,8,19.0,17.5,0.125,5,1.6,11.7,17.7,68.42,0.0,21.05,152.63,52.63,26.32,0,2,3,0,1,0,10,67,утверждение,31,фактологический,2,10.53,перевёрнутая пирамида,новость,1,5.26,0,1,True,False,0,False,False,,собственный сбор,False
LEAP News,leap,https://leap.uz/ru/2026/08/06/admission-exam-extra-time-disabled-applicants,2026-08-06T01:56:00+05:00,site,society,"reporter, editor",390,3093,19,19.68,19.0,0.211,10,1.9,-0.5,19.7,107.69,7.69,71.79,30.77,5.13,10.26,2,1,5,0,1,0,12,84,утверждение,30,фактологический,4,10.26,разбор по пунктам,объяснитель,1,2.56,0,5,True,False,0,False,False,,собственный сбор,False
LEAP News,leap,https://leap.uz/ru/2026/08/06/fergana-heating-subsidy-fraud-13bn-sum,2026-08-06T01:57:00+05:00,site,society,"reporter, editor",251,1792,12,18.83,17.0,0.25,5,2.4,17.2,16.9,63.75,0.0,35.86,75.7,0.0,27.89,2,6,4,0,1,0,13,77,утверждение,39,фактологический,3,11.95,перевёрнутая пирамида,новость,5,19.92,0,1,True,False,0,False,False,,собственный сбор,False
LEAP News,leap,https://leap.uz/ru/2026/08/06/gold-smuggling-infant-diaper-uzbekistan,2026-08-06T02:08:00+05:00,site,society,"reporter, editor",149,1036,8,17.5,18.0,0.125,4,2.0,31.7,14.5,114.09,6.71,6.71,53.69,0.0,13.42,0,3,3,0,1,0,12,76,утверждение,29,фактологический,2,13.42,перевёрнутая пирамида,новость,3,20.13,0,1,True,False,0,False,False,,собственный сбор,False
LEAP News,leap,https://leap.uz/ru/2026/08/06/newport-tashkent-unregistered-construction,2026-08-06T02:18:00+05:00,site,society,"reporter, editor",344,2583,19,17.68,18.0,0.211,7,2.71,24.1,15.6,61.05,11.63,31.98,20.35,0.0,5.81,3,6,2,0,1,0,10,59,утверждение,29,фактологический,3,8.72,разбор по пунктам,новость,6,17.44,0,0,False,False,0,False,False,,комментарий эксперта,False
LEAP News,leap,https://leap.uz/ru/2026/08/06/yunusabad-smart-gas-points-modernization,2026-08-06T02:33:00+05:00,site,society,"reporter, editor",212,1560,10,20.2,21.0,0.1,6,1.67,5.9,18.9,113.21,9.43,51.89,37.74,9.43,4.72,0,1,0,0,1,0,9,61,утверждение,25,фактологический,3,14.15,разбор по пунктам,новость,1,4.72,0,0,False,False,0,False,False,,рерайт,False
LEAP News,leap,https://leap.uz/ru/2026/08/06/surkhandarya-credit-fraud-25bln,2026-08-06T02:38:00+05:00,site,society,"reporter, editor",251,1745,13,17.46,17.0,0.077,4,3.25,23.7,15.6,103.59,3.98,23.9,63.75,0.0,23.9,0,6,4,0,1,0,11,72,утверждение,26,фактологический,3,11.95,перевёрнутая пирамида,новость,5,19.92,0,1,True,False,0,False,False,,собственный сбор,False
LEAP News,leap,https://leap.uz/ru/2026/08/06/tashkent-preschool-tender-cancelled-587mln,2026-08-06T02:57:00+05:00,site,economy,"reporter, editor",216,1655,11,19.0,21.0,0.0,6,1.83,9.9,18.0,87.96,9.26,23.15,32.41,0.0,13.89,1,4,3,0,1,0,11,79,утверждение,43,фактологический,3,13.89,разбор по пунктам,новость,4,18.52,0,2,True,False,0,False,False,,собственный сбор,False
LEAP News,leap,https://leap.uz/ru/2026/08/06/uzbekistan-twins-births-h1-2026,2026-08-06T03:12:00+05:00,site,society,"reporter, editor",203,1384,11,16.82,17.0,0.182,6,1.83,38.8,13.3,68.97,0.0,24.63,142.86,9.85,29.56,0,2,4,0,1,0,13,84,утверждение,29,фактологический,3,14.78,разбор по пунктам,новость,1,4.93,0,1,True,False,0,False,False,,собственный сбор,False
LEAP News,leap,https://leap.uz/ru/2026/08/06/chimboy-gas-cylinder-theft-1-3bn-sum,2026-08-06T03:46:00+05:00,site,society,"reporter, editor",277,2029,15,16.67,15.0,0.0,6,2.5,16.6,16.3,83.03,0.0,36.1,68.59,0.0,10.83,3,5,4,0,1,0,11,71,утверждение,27,фактологический,3,10.83,разбор по пунктам,новость,5,18.05,0,1,True,False,0,False,False,,собственный сбор,False
LEAP News,leap,https://leap.uz/ru/2026/08/06/tashkent-customs-inspector-iphone-bribe,2026-08-06T03:46:00+05:00,site,society,"reporter, editor",242,1841,13,17.54,22.0,0.077,5,2.6,13.5,17.0,128.1,4.13,45.45,37.19,0.0,12.4,1,5,2,0,1,0,12,85,утверждение,32,фактологический,3,12.4,перевёрнутая пирамида,новость,4,16.53,0,1,True,False,0,False,False,,собственный сбор,False
LEAP News,leap,https://leap.uz/ru/2026/08/06/samarkand-illegal-electricity-connection-919m,2026-08-06T04:27:00+05:00,site,society,"reporter, editor",226,1688,13,16.23,14.0,0.154,6,2.17,14.5,16.5,92.92,4.42,48.67,48.67,0.0,17.7,0,3,3,0,1,0,13,86,утверждение,30,фактологический,3,13.27,разбор по пунктам,новость,3,13.27,0,2,True,False,0,False,False,,собственный сбор,False
LEAP News,leap,https://leap.uz/ru/2026/08/06/uz-kg-fuel-supply-20kt,2026-08-06T04:48:00+05:00,site,economy,"reporter, editor",281,2121,15,18.0,17.0,0.133,7,2.14,18.3,16.5,124.56,3.56,21.35,35.59,3.56,7.12,1,5,2,0,1,0,10,75,утверждение,29,фактологический,3,10.68,разбор по пунктам,новость,2,7.12,0,0,False,False,0,False,False,,комментарий эксперта,False
LEAP News,leap,https://leap.uz/ru/2026/08/06/tashkent-hokimiyat-original-lyuks-servis,2026-08-06T05:33:00+05:00,site,society,"reporter, editor",412,3387,25,15.88,14.0,0.08,10,2.5,1.3,18.2,121.36,4.85,50.97,29.13,4.85,16.99,1,3,3,0,1,0,9,67,утверждение,26,фактологический,4,9.71,разбор по пунктам,расширенная новость,3,7.28,0,0,False,False,0,False,False,,комментарий эксперта,False
LEAP News,leap,https://leap.uz/ru/2026/08/06/iran-oman-hormuz-route-coordinates-agreed,2026-08-06T05:34:00+05:00,site,world,"reporter, editor",396,2836,15,25.2,25.0,0.467,7,2.14,11.7,19.7,111.11,2.53,50.51,12.63,2.53,10.1,4,9,4,3,1,0,9,68,утверждение,28,фактологический,4,10.1,разбор по пунктам,расширенная новость,5,12.63,0,0,False,False,0,False,False,,комментарий эксперта,False
LEAP News,leap,https://leap.uz/ru/2026/08/06/private-education-complaints-96pct,2026-08-06T05:48:00+05:00,site,society,"reporter, editor",258,1915,8,29.25,25.5,0.5,6,1.33,-8.7,23.8,81.4,0.0,42.64,34.88,3.88,11.63,0,4,3,0,1,0,10,67,утверждение,43,фактологический,3,11.63,разбор по пунктам,новость,4,15.5,0,2,True,False,0,False,False,,пресс-релиз без обработки,False
LEAP News,leap,https://leap.uz/ru/2026/08/06/school-directors-council-kumkurgan,2026-08-06T06:00:00+05:00,site,society,"reporter, editor",302,2332,17,17.12,16.0,0.118,7,2.43,11.9,17.1,69.54,0.0,46.36,29.8,0.0,19.87,1,3,4,0,1,0,8,60,how-to,31,фактологический,4,13.25,разбор по пунктам,новость,3,9.93,0,4,True,False,0,False,False,,собственный сбор,False
LEAP News,leap,https://leap.uz/ru/2026/08/06/minjust-farmer-diesel-subsidy,2026-08-06T06:27:00+05:00,site,economy,"reporter, editor",248,1796,11,20.45,20.0,0.182,5,2.2,10.4,18.4,80.65,4.03,28.23,84.68,16.13,44.35,2,2,4,0,1,0,14,85,утверждение,36,фактологический,2,8.06,перевёрнутая пирамида,новость,0,0.0,0,4,True,False,0,False,False,,работа с первоисточником,False
LEAP News,leap,https://leap.uz/ru/2026/08/06/tashkent-housing-prices-newbuild-5pct,2026-08-06T08:48:00+05:00,site,economy,"reporter, editor",353,2281,19,16.63,15.0,0.211,9,2.11,42.0,12.7,70.82,0.0,17.0,79.32,53.82,25.5,0,2,5,0,1,0,14,79,утверждение,31,фактологический,3,8.5,разбор по пунктам,расширенная новость,2,5.67,0,5,True,False,0,False,False,,собственный сбор,False
LEAP News,leap,https://leap.uz/ru/2026/08/06/us-china-polysilicon-tariffs-xi-visit,2026-08-06T09:32:00+05:00,site,world,"reporter, editor",275,2072,13,20.23,19.0,0.308,6,2.17,15.1,17.6,98.18,0.0,21.82,25.45,10.91,10.91,0,4,5,0,1,0,9,63,утверждение,39,фактологический,4,14.55,разбор по пунктам,новость,3,10.91,0,0,False,False,0,False,False,,комментарий эксперта,False
LEAP News,leap,https://leap.uz/ru/2026/08/06/tashkent-safe-pedestrian-crossings-codd,2026-08-06T09:39:00+05:00,site,society,"reporter, editor",168,1231,10,16.4,18.0,0.0,6,1.67,28.3,14.6,89.29,0.0,35.71,17.86,0.0,11.9,2,2,4,0,1,0,11,70,утверждение,25,фактологический,3,17.86,разбор по пунктам,новость,0,0.0,0,0,False,False,0,False,False,,рерайт,False
LEAP News,leap,https://leap.uz/ru/2026/08/06/mygov-tinting-permit-online,2026-08-06T09:52:00+05:00,site,society,"reporter, editor",339,2291,12,25.75,19.5,0.417,6,2.0,25.2,18.0,85.55,0.0,61.95,61.95,2.95,17.7,2,1,8,0,1,0,11,73,утверждение,42,фактологический,3,8.85,разбор по пунктам,новость,1,2.95,0,6,True,False,0,False,False,,собственный сбор,False
LEAP News,leap,https://leap.uz/ru/2026/08/06/navoi-water-utility-decree-pf140,2026-08-06T12:30:00+05:00,site,society,"reporter, editor",236,1797,12,18.17,17.0,0.25,6,2.0,4.3,18.5,72.03,0.0,67.8,80.51,12.71,50.85,4,1,3,0,1,0,10,70,утверждение,29,фактологический,3,12.71,разбор по пунктам,новость,1,4.24,0,1,True,False,0,False,False,,собственный сбор,False
LEAP News,leap,https://leap.uz/ru/2026/08/06/cbu-fake-bank-license-oltin-oy-kredit,2026-08-06T13:14:00+05:00,site,economy,"reporter, editor",156,1125,7,21.57,19.0,0.286,5,1.4,23.6,16.9,64.1,0.0,32.05,12.82,0.0,12.82,4,3,4,0,1,0,10,72,утверждение,29,фактологический,3,19.23,перевёрнутая пирамида,новость,3,19.23,0,2,True,False,0,False,False,,собственный сбор,False
LEAP News,leap,https://leap.uz/ru/2026/08/06/napp-capital-markets-law-draft,2026-08-06T13:46:00+05:00,site,economy,"reporter, editor",218,1825,11,19.18,18.0,0.091,6,1.83,-12.9,21.2,146.79,4.59,36.7,22.94,0.0,13.76,2,4,7,0,1,0,10,78,утверждение,30,фактологический,3,13.76,разбор по пунктам,новость,4,18.35,0,3,True,False,0,False,False,,собственный сбор,False
LEAP News,leap,https://leap.uz/ru/2026/08/06/state-assets-auction-aug5-2026,2026-08-06T13:46:00+05:00,site,economy,"reporter, editor",381,2379,11,28.91,23.0,0.364,8,1.5,28.6,18.5,41.99,0.0,5.25,123.36,5.25,10.5,0,1,5,1,1,0,16,85,утверждение,28,фактологический,3,7.87,разбор по пунктам,расширенная новость,1,2.62,0,0,False,False,0,False,False,,рерайт,False
LEAP News,leap,https://leap.uz/ru/2026/08/06/academic-lyceum-admission-results-aug2026,2026-08-06T13:53:00+05:00,site,society,"reporter, editor",242,1723,13,18.38,17.0,0.154,5,2.0,28.3,15.2,115.7,0.0,41.32,28.93,0.0,8.26,2,3,4,0,1,0,12,84,утверждение,30,фактологический,3,12.4,перевёрнутая пирамида,новость,0,0.0,0,2,True,False,0,False,False,,работа с первоисточником,False
LEAP News,leap,https://leap.uz/ru/2026/08/06/uzbekistan-catering-turnover-h1-2026,2026-08-06T14:11:00+05:00,site,economy,"reporter, editor",142,980,7,18.14,17.0,0.143,4,1.75,24.2,15.7,98.59,0.0,21.13,77.46,7.04,35.21,0,2,3,0,1,0,11,70,утверждение,30,фактологический,2,14.08,перевёрнутая пирамида,новость,1,7.04,0,1,True,False,0,False,False,,собственный сбор,False
LEAP News,leap,https://leap.uz/ru/2026/08/06/mygovuz-language-proficiency-test-aug12,2026-08-06T14:15:00+05:00,site,society,"reporter, editor",244,1757,12,19.25,20.5,0.167,7,1.71,27.0,15.7,127.05,0.0,32.79,77.87,0.0,40.98,1,1,8,0,1,0,12,64,утверждение,27,фактологический,3,12.3,разбор по пунктам,новость,0,0.0,0,4,True,False,0,False,False,,работа с первоисточником,False
LEAP News,leap,https://leap.uz/ru/2026/08/06/risk-analysis-industrial-nuclear-safety,2026-08-06T14:24:00+05:00,site,business,"reporter, editor",290,2310,15,18.6,19.0,0.133,8,1.88,1.3,19.1,106.9,6.9,58.62,27.59,0.0,20.69,2,1,3,0,1,0,9,85,утверждение,28,фактологический,2,6.9,перевёрнутая пирамида,новость,0,0.0,0,3,True,False,0,False,False,,работа с первоисточником,False
LEAP News,leap,https://leap.uz/ru/2026/08/06/leipzig-airport-drone-explosive-ukraine,2026-08-06T14:45:00+05:00,site,world,"reporter, editor",346,2601,19,17.95,16.0,0.158,9,2.11,19.9,16.2,98.27,0.0,23.12,11.56,0.0,5.78,1,4,8,0,1,0,9,73,утверждение,30,фактологический,4,11.56,разбор по пунктам,новость,2,5.78,0,0,False,False,0,False,False,,комментарий эксперта,False
LEAP News,leap,https://leap.uz/ru/2026/08/06/beef-import-h1-2026-359m-usd,2026-08-06T14:54:00+05:00,site,economy,"reporter, editor",130,873,7,15.71,17.0,0.0,3,2.33,37.2,13.1,115.38,0.0,0.0,130.77,53.85,15.38,0,2,2,0,1,0,12,80,утверждение,28,фактологический,2,15.38,перевёрнутая пирамида,новость,1,7.69,0,1,True,False,0,False,False,,собственный сбор,False
LEAP News,leap,https://leap.uz/ru/2026/08/06/tashkent-two-stage-gas-supply-system,2026-08-06T15:21:00+05:00,site,society,"reporter, editor",223,1568,11,18.91,19.0,0.091,6,1.83,20.7,16.4,116.59,0.0,35.87,35.87,8.97,4.48,0,4,5,0,1,0,12,83,утверждение,26,фактологический,3,13.45,разбор по пунктам,новость,4,17.94,0,0,False,False,0,False,False,,комментарий эксперта,False
LEAP News,leap,https://leap.uz/ru/2026/08/06/uzbekistan-healthcare-spending-h1-2026,2026-08-06T15:36:00+05:00,site,economy,"reporter, editor",303,2028,11,21.0,18.0,0.273,7,1.57,24.2,16.6,56.11,0.0,16.5,105.61,19.8,16.5,1,1,3,0,1,0,9,70,утверждение,30,фактологический,2,6.6,разбор по пунктам,новость,1,3.3,0,2,True,False,0,False,False,,собственный сбор,False
LEAP News,leap,https://leap.uz/ru/2026/08/06/drc-ebola-outbreak-tedros-visit-moderna-trials,2026-08-06T15:52:00+05:00,site,world,"reporter, editor",377,2762,18,19.22,19.0,0.167,7,2.57,14.9,17.4,98.14,2.65,23.87,45.09,7.96,10.61,3,5,6,1,1,0,12,71,утверждение,29,фактологический,4,10.61,разбор по пунктам,расширенная новость,2,5.31,0,0,False,False,0,False,False,,комментарий эксперта,False
LEAP News,leap,https://leap.uz/ru/2026/08/06/goskomstat-census-2026-preliminary,2026-08-06T16:12:00+05:00,site,society,"reporter, editor",333,2262,16,16.69,16.5,0.125,10,1.6,26.0,15.0,60.06,0.0,30.03,144.14,30.03,39.04,1,1,14,0,1,0,7,64,утверждение,28,фактологический,4,12.01,разбор по пунктам,новость,0,0.0,0,3,True,False,0,False,False,,работа с первоисточником,False
LEAP News,leap,https://leap.uz/ru/2026/08/06/hemodialysis-travel-cost-compensation-proposal,2026-08-06T16:12:00+05:00,site,society,"reporter, editor",210,1612,10,20.3,16.0,0.3,6,1.67,8.1,18.6,119.05,0.0,42.86,19.05,0.0,19.05,0,1,3,0,1,0,7,65,утверждение,26,фактологический,3,14.29,разбор по пунктам,новость,0,0.0,0,2,True,False,0,False,False,,работа с первоисточником,False
LEAP News,leap,https://leap.uz/ru/2026/08/06/uzbekistan-phygital-football-spain-53,2026-08-06T16:13:00+05:00,site,sport,"reporter, editor",249,1811,12,19.58,18.0,0.25,5,2.4,22.6,16.4,104.42,0.0,4.02,32.13,0.0,20.08,0,4,3,0,1,0,9,68,утверждение,30,фактологический,4,16.06,перевёрнутая пирамида,новость,2,8.03,0,0,False,False,0,False,False,,комментарий эксперта,False
LEAP News,leap,https://leap.uz/ru/2026/08/06/karakalpakstan-china-livestock-50k,2026-08-06T16:20:00+05:00,site,economy,"reporter, editor",281,2015,12,22.42,22.0,0.25,6,2.0,26.0,16.8,131.67,0.0,14.23,60.5,0.0,17.79,1,2,3,1,1,0,11,75,утверждение,30,фактологический,3,10.68,разбор по пунктам,новость,1,3.56,0,1,True,False,0,False,False,,собственный сбор,False
LEAP News,leap,https://leap.uz/ru/2026/08/06/uzbekistan-road-law-urq-1162,2026-08-06T16:46:00+05:00,site,society,"reporter, editor",409,3115,19,20.26,19.0,0.211,10,1.9,8.8,18.5,122.25,0.0,31.78,29.34,0.0,14.67,4,2,4,0,1,0,7,63,утверждение,38,фактологический,4,9.78,разбор по пунктам,расширенная новость,1,2.44,0,3,True,False,0,False,False,,собственный сбор,False
LEAP News,leap,https://leap.uz/ru/2026/08/06/tashkent-region-tax-fraud-42-5bln,2026-08-06T16:49:00+05:00,site,society,"reporter, editor",365,2596,19,17.79,19.0,0.105,5,3.8,23.1,15.7,71.23,5.48,35.62,57.53,0.0,16.44,0,8,4,0,1,0,12,81,утверждение,49,фактологический,4,10.96,перевёрнутая пирамида,расширенная новость,8,21.92,0,1,True,False,0,False,False,,собственный сбор,False
LEAP News,leap,https://leap.uz/ru/2026/08/06/tashkent-kuylyuk-market-fire-safety-closure,2026-08-06T17:09:00+05:00,site,society,"reporter, editor",167,1328,10,16.3,17.5,0.1,6,1.67,13.5,16.6,95.81,0.0,101.8,11.98,0.0,11.98,1,2,3,0,1,0,10,83,утверждение,29,фактологический,3,17.96,разбор по пунктам,новость,2,11.98,0,1,True,False,0,False,False,,собственный сбор,False
LEAP News,leap,https://leap.uz/ru/2026/08/06/tashkent-chilonzor-kichik-halqa-road-closure-aug2026,2026-08-06T17:33:00+05:00,site,society,"reporter, editor",158,1191,8,18.62,20.0,0.0,6,1.33,12.8,17.5,139.24,0.0,44.3,44.3,0.0,18.99,0,3,3,0,1,0,12,66,утверждение,29,фактологический,3,18.99,разбор по пунктам,новость,0,0.0,0,0,False,False,0,False,False,,рерайт,False
LEAP News,leap,https://leap.uz/ru/2026/08/06/meta-anthropic-openai-ai-hacked-systems-safety-tests,2026-08-06T18:02:00+05:00,site,world,"reporter, editor",748,5390,36,19.72,18.5,0.222,15,2.4,26.3,15.9,54.81,4.01,13.37,34.76,0.0,10.7,2,9,5,0,1,0,12,80,утверждение,30,фактологический,5,6.68,разбор по пунктам,расширенная новость,1,1.34,0,0,False,False,0,False,False,,рерайт,False
LEAP News,leap,https://leap.uz/ru/2026/08/06/raqobat-consumer-refunds-h1-2026,2026-08-06T18:20:00+05:00,site,economy,"reporter, editor",177,1314,9,17.44,17.0,0.222,4,2.25,17.3,16.5,96.05,0.0,39.55,124.29,0.0,16.95,0,6,7,0,1,0,11,71,утверждение,52,фактологический,2,11.3,перевёрнутая пирамида,новость,5,28.25,0,1,True,False,0,False,False,,пресс-релиз без обработки,False
LEAP News,leap,https://leap.uz/ru/2026/08/06/private-university-transfer-deadline-aug10,2026-08-06T18:22:00+05:00,site,society,"reporter, editor",139,1050,9,14.89,11.0,0.111,5,1.8,25.6,14.5,93.53,0.0,57.55,50.36,0.0,35.97,0,2,2,0,1,0,12,70,утверждение,34,фактологический,2,14.39,перевёрнутая пирамида,новость,2,14.39,0,2,True,False,0,False,False,,собственный сбор,False
LEAP News,leap,https://leap.uz/ru/2026/08/06/uzbekistan-ioi-2026-host,2026-08-06T18:22:00+05:00,site,society,reporter,226,1735,9,23.67,23.0,0.333,5,1.8,12.1,19.2,97.35,0.0,8.85,48.67,0.0,8.85,1,3,7,0,1,0,7,64,утверждение,26,фактологический,3,13.27,перевёрнутая пирамида,новость,3,13.27,0,4,True,False,0,False,False,,собственный сбор,False
LEAP News,leap,https://leap.uz/ru/2026/08/06/chorvachilik-subsidy-pq293-aug2026,2026-08-06T19:15:00+05:00,site,economy,reporter,296,2062,10,25.5,23.0,0.3,6,1.67,11.1,19.9,114.86,0.0,37.16,97.97,0.0,27.03,0,1,3,1,1,0,9,63,утверждение,29,фактологический,3,10.14,разбор по пунктам,новость,1,3.38,0,2,True,False,0,False,False,,собственный сбор,False
LEAP News,leap,https://leap.uz/ru/2026/08/06/mirziyoyev-energy-winter-2026-2027-tasks,2026-08-06T19:15:00+05:00,site,society,"reporter, editor",368,2982,18,19.72,17.0,0.056,9,2.0,-9.3,20.9,81.52,8.15,76.09,13.59,0.0,8.15,3,2,5,0,1,0,11,73,утверждение,26,фактологический,4,10.87,разбор по пунктам,расширенная новость,1,2.72,0,5,True,False,0,False,False,,собственный сбор,False
LEAP News,leap,https://leap.uz/ru/2026/08/06/fergana-aha-korea-china-plant-20m,2026-08-06T19:37:00+05:00,site,economy,"reporter, editor",236,1818,14,16.43,13.0,0.143,6,2.33,18.0,16.0,84.75,4.24,21.19,12.71,0.0,4.24,0,4,3,0,1,0,13,67,утверждение,41,фактологический,3,12.71,разбор по пунктам,новость,2,8.47,0,3,True,False,0,False,False,,собственный сбор,False
LEAP News,leap,https://leap.uz/ru/2026/08/06/prosecutor-general-denies-6000-corruption-arrest-rumor,2026-08-06T19:37:00+05:00,site,society,"reporter, editor",112,953,5,22.0,20.0,0.2,4,1.25,-14.1,22.3,80.36,8.93,80.36,44.64,0.0,8.93,2,2,3,0,1,0,11,84,утверждение,21,фактологический,1,8.93,перевёрнутая пирамида,новость,2,17.86,0,0,False,False,0,False,False,,комментарий эксперта,False
LEAP News,leap,https://leap.uz/ru/2026/08/06/kuva-fortress-wall-archaeology-find-aug2026,2026-08-06T19:58:00+05:00,site,culture,"reporter, editor",181,1448,8,22.25,20.0,0.25,3,2.67,3.7,19.9,82.87,5.52,5.52,11.05,0.0,5.52,2,2,3,0,1,0,14,68,утверждение,43,фактологический,0,0.0,перевёрнутая пирамида,новость,1,5.52,0,2,True,False,0,False,False,,собственный сбор,False
LEAP News,leap,https://leap.uz/ru/2026/08/06/mintrans-national-transport-hackathon-aug2026,2026-08-06T19:58:00+05:00,site,tech,"reporter, editor",428,3245,20,19.25,20.5,0.1,12,1.67,11.8,17.8,91.12,14.02,28.04,51.4,0.0,7.01,2,3,8,0,1,0,12,80,утверждение,28,фактологический,4,9.35,разбор по пунктам,интервью,3,7.01,0,8,True,False,0,False,False,,собственный сбор,False
LEAP News,leap,https://leap.uz/ru/2026/08/06/mygov-mortgaged-housing-registration-aug2026,2026-08-06T19:58:00+05:00,site,society,"reporter, editor",242,1789,11,21.09,18.0,0.364,6,1.83,16.0,17.8,90.91,0.0,28.93,53.72,0.0,33.06,1,2,7,0,1,0,12,84,утверждение,26,фактологический,3,12.4,разбор по пунктам,новость,0,0.0,0,5,True,False,0,False,False,,работа с первоисточником,False
LEAP News,leap,https://leap.uz/ru/2026/08/06/prosecutor-sex-crimes-investigation-authority-nov2026,2026-08-06T19:58:00+05:00,site,society,"reporter, editor",346,2487,7,43.71,33.0,1.0,5,1.4,-22.0,30.3,75.14,11.56,60.69,69.36,0.0,37.57,1,2,3,0,1,0,9,73,утверждение,30,фактологический,3,8.67,разбор по пунктам,новость,1,2.89,0,2,True,False,0,False,False,,собственный сбор,False
LEAP News,leap,https://leap.uz/ru/2026/08/06/tashkent-hot-water-outage-7-august,2026-08-06T20:01:00+05:00,site,society,"reporter, editor",102,755,5,18.0,19.0,0.2,3,1.67,9.8,17.7,68.63,0.0,68.63,156.86,0.0,19.61,1,1,2,0,1,0,11,66,утверждение,30,фактологический,2,19.61,перевёрнутая пирамида,новость,1,9.8,0,0,False,False,0,False,False,,рерайт,False
LEAP News,leap,https://leap.uz/ru/2026/08/06/uzsuv-kwater-cooperation-training-aug2026,2026-08-06T20:01:00+05:00,site,society,"reporter, editor",241,2012,10,22.7,18.0,0.2,6,1.67,-24.2,23.9,49.79,4.15,87.14,4.15,0.0,4.15,1,1,3,0,1,0,10,81,утверждение,29,фактологический,3,12.45,разбор по пунктам,новость,1,4.15,0,0,False,False,0,False,False,,рерайт,False
LEAP News,leap,https://leap.uz/ru/2026/08/06/pdd-bill-senate-third-reading-2026,2026-08-06T20:23:00+05:00,site,society,"reporter, editor",283,2178,15,18.4,17.0,0.2,6,2.5,6.1,18.3,106.01,0.0,102.47,24.73,0.0,21.2,1,0,7,3,1,0,11,81,утверждение,28,фактологический,4,14.13,разбор по пунктам,новость,0,0.0,0,0,False,False,0,False,False,,рерайт,False
LEAP News,leap,https://leap.uz/ru/2026/08/06/mintrans-tashkent-region-public-transport-modernization-aug2026,2026-08-06T20:41:00+05:00,site,society,"reporter, editor",268,2100,12,20.5,22.0,0.333,8,1.5,4.8,19.2,111.94,0.0,18.66,67.16,3.73,29.85,0,1,2,0,1,0,11,87,утверждение,28,фактологический,4,14.93,разбор по пунктам,новость,0,0.0,0,2,True,False,0,False,False,,работа с первоисточником,False
LEAP News,leap,https://leap.uz/ru/2026/08/06/uzbekistan-russia-migration-drop-h1-2026,2026-08-06T20:41:00+05:00,site,economy,"reporter, editor",437,2901,22,18.55,20.5,0.273,9,2.56,44.8,13.0,80.09,6.86,16.02,100.69,41.19,25.17,1,4,3,0,1,0,11,70,утверждение,30,фактологический,3,6.86,разбор по пунктам,расширенная новость,2,4.58,0,1,True,False,0,False,False,,собственный сбор,False
LEAP News,leap,https://leap.uz/ru/2026/08/07/andijan-khojaobod-pdd-restriction-3-years,2026-08-07T03:03:00+05:00,site,society,"reporter, editor",150,1146,8,18.0,19.5,0.125,5,1.6,8.1,17.9,66.67,0.0,80.0,33.33,0.0,6.67,0,4,2,0,1,0,13,78,утверждение,29,фактологический,0,0.0,перевёрнутая пирамида,новость,2,13.33,0,1,True,False,0,False,False,,собственный сбор,False
LEAP News,leap,https://leap.uz/ru/2026/08/07/ceuta-crisis-death-toll-100-russia-probe,2026-08-07T03:03:00+05:00,site,world,"reporter, editor",455,3302,25,17.4,18.0,0.12,10,2.5,21.5,15.9,72.53,0.0,19.78,32.97,0.0,17.58,7,4,12,2,1,0,15,77,утверждение,31,фактологический,5,10.99,разбор по пунктам,расширенная новость,1,2.2,0,0,False,False,0,False,False,,рерайт,False
LEAP News,leap,https://leap.uz/ru/2026/08/07/drc-ebola-health-workers-strike-quarantine,2026-08-07T03:03:00+05:00,site,world,"reporter, editor",666,4729,27,23.26,23.0,0.37,8,3.38,17.4,18.3,61.56,1.5,28.53,36.04,7.51,12.01,4,11,5,1,1,0,11,74,утверждение,32,фактологический,5,7.51,разбор по пунктам,расширенная новость,5,7.51,0,1,True,False,0,False,False,,собственный сбор,False
LEAP News,leap,https://leap.uz/ru/2026/08/07/iran-oman-hormuz-deal-agreed-in-principle,2026-08-07T03:03:00+05:00,site,world,"reporter, editor",450,3229,19,22.37,22.0,0.316,9,2.11,19.9,17.7,115.56,0.0,42.22,33.33,4.44,22.22,1,9,13,0,1,0,11,75,утверждение,30,фактологический,5,11.11,разбор по пунктам,расширенная новость,3,6.67,0,0,False,False,0,False,False,,комментарий эксперта,False
LEAP News,leap,https://leap.uz/ru/2026/08/07/mygov-school-services-relaunch-aug2026,2026-08-07T03:03:00+05:00,site,society,"reporter, editor",332,2466,16,20.0,19.0,0.375,8,2.0,13.1,17.9,84.34,0.0,42.17,33.13,0.0,12.05,0,1,9,0,1,0,9,69,утверждение,28,фактологический,3,9.04,разбор по пунктам,новость,0,0.0,0,8,True,False,0,False,False,,работа с первоисточником,False
LEAP News,leap,https://leap.uz/ru/2026/08/07/napp-besqala-crypto-fee-exemption-2035,2026-08-07T03:03:00+05:00,site,tech,"reporter, editor",380,2732,17,19.24,17.0,0.118,7,2.43,18.3,16.9,97.37,2.63,36.84,118.42,7.89,44.74,1,1,6,0,1,0,12,78,утверждение,27,фактологический,3,7.89,разбор по пунктам,расширенная новость,0,0.0,0,5,True,False,0,False,False,,работа с первоисточником,False
LEAP News,leap,https://leap.uz/ru/2026/08/07/uzbekistan-business-loan-rate-3yr-low,2026-08-07T03:03:00+05:00,site,economy,"reporter, editor",220,1398,9,21.67,21.0,0.222,6,1.5,38.7,14.8,45.45,0.0,18.18,86.36,63.64,18.18,0,2,2,1,1,0,15,81,утверждение,30,фактологический,2,9.09,перевёрнутая пирамида,новость,1,4.55,0,2,True,False,0,False,False,,собственный сбор,False
LEAP News,leap,https://leap.uz/ru/2026/08/07/uzbekistan-insurance-market-h1-2026,2026-08-07T03:03:00+05:00,site,economy,"reporter, editor",158,1033,7,19.29,21.0,0.0,6,1.17,39.7,13.9,56.96,0.0,0.0,120.25,31.65,25.32,0,1,6,0,1,0,12,77,утверждение,26,фактологический,2,12.66,перевёрнутая пирамида,новость,1,6.33,0,0,False,False,0,False,False,,рерайт,False
LEAP News,leap,https://leap.uz/ru/2026/08/07/uzbekistan-medical-spending-h1-2026,2026-08-07T03:03:00+05:00,site,economy,"reporter, editor",266,1759,7,29.43,26.0,0.571,5,1.4,14.0,20.7,52.63,3.76,22.56,105.26,22.56,15.04,0,2,5,0,1,0,11,77,утверждение,48,фактологический,2,7.52,разбор по пунктам,новость,1,3.76,0,2,True,False,0,False,False,,собственный сбор,False
LEAP News,leap,https://leap.uz/ru/2026/08/07/uzbekistan-som-dollar-rate-aug7,2026-08-07T03:03:00+05:00,site,economy,"reporter, editor",236,1488,9,20.56,16.0,0.111,6,1.67,49.8,12.9,93.22,0.0,4.24,258.47,21.19,72.03,0,0,9,0,1,0,12,64,утверждение,29,фактологический,3,12.71,разбор по пунктам,новость,0,0.0,0,9,True,False,0,False,False,,работа с первоисточником,False
LEAP News,leap,https://leap.uz/ru/2026/08/07/uzsuvtaminot-predoplata-avgust-2026,2026-08-07T03:03:00+05:00,site,society,"reporter, editor",313,2318,14,20.71,21.0,0.286,7,2.0,13.7,18.0,95.85,0.0,54.31,67.09,22.36,31.95,2,4,8,0,1,0,10,74,утверждение,31,фактологический,4,12.78,разбор по пунктам,новость,2,6.39,0,2,True,False,0,False,False,,собственный сбор,False
LEAP News,leap,https://leap.uz/ru/2026/08/07/zangiata-izza-market-fire-aug2026,2026-08-07T03:03:00+05:00,site,society,"reporter, editor",191,1347,11,16.73,14.0,0.182,5,2.2,28.3,14.7,83.77,0.0,20.94,36.65,0.0,5.24,0,5,2,0,1,0,9,69,утверждение,30,фактологический,3,15.71,перевёрнутая пирамида,новость,4,20.94,0,0,False,False,0,False,False,,комментарий эксперта,False
LEAP News,leap,https://leap.uz/ru/2026/08/07/hududgaztaminot-refund-antitrust-aug2026,2026-08-07T04:14:00+05:00,site,economy,"reporter, editor",174,1384,9,17.78,17.0,0.111,4,2.25,-4.5,19.6,103.45,5.75,40.23,40.23,0.0,11.49,6,2,3,0,1,0,13,89,утверждение,30,фактологический,2,11.49,перевёрнутая пирамида,новость,2,11.49,0,2,True,False,0,False,False,,собственный сбор,False
LEAP News,leap,https://leap.uz/ru/2026/08/07/tashkent-burjar-canal-teen-rescue-aug2026,2026-08-07T04:14:00+05:00,site,society,"reporter, editor",163,1271,11,14.45,16.0,0.091,5,2.2,15.7,15.7,79.75,0.0,49.08,12.27,0.0,6.13,0,3,2,0,1,0,10,81,утверждение,28,фактологический,2,12.27,перевёрнутая пирамида,новость,3,18.4,0,0,False,False,0,False,False,,комментарий эксперта,False
LEAP News,leap,https://leap.uz/ru/2026/08/07/administration-law-sent-to-senate,2026-08-07T04:18:00+05:00,site,politics,"reporter, editor",215,1813,11,19.18,18.0,0.182,8,1.38,-11.8,21.1,213.95,0.0,41.86,9.3,0.0,9.3,1,0,5,1,1,0,9,81,утверждение,26,фактологический,2,9.3,перевёрнутая пирамида,новость,0,0.0,0,0,False,False,0,False,False,,рерайт,False
LEAP News,leap,https://leap.uz/ru/2026/08/07/europe-heatwave-deaths-economic-damage-aug2026,2026-08-07T04:18:00+05:00,site,world,"reporter, editor",504,3479,25,18.72,17.0,0.2,10,2.5,29.7,15.1,61.51,0.0,17.86,79.37,3.97,17.86,0,5,8,0,1,0,13,78,утверждение,27,фактологический,5,9.92,разбор по пунктам,расширенная новость,1,1.98,0,0,False,False,0,False,False,,рерайт,False
LEAP News,leap,https://leap.uz/ru/2026/08/07/tbc-uzbekistan-h1-2026-results,2026-08-07T04:18:00+05:00,site,economy,"reporter, editor",681,4511,29,20.59,19.0,0.379,9,3.22,37.3,14.7,63.14,0.0,24.96,95.45,41.12,14.68,2,7,4,0,1,0,11,66,утверждение,65,фактологический,4,5.87,разбор по пунктам,расширенная новость,5,7.34,0,0,False,False,0,False,False,,комментарий эксперта,False
LEAP News,leap,https://leap.uz/ru/2026/08/07/yunusabad-mahalla-construction-halted-aug2026,2026-08-07T04:22:00+05:00,site,society,"reporter, editor",108,801,7,15.14,13.0,0.0,4,1.75,20.5,15.3,111.11,0.0,37.04,9.26,0.0,9.26,2,2,2,0,1,0,10,75,утверждение,27,фактологический,0,0.0,перевёрнутая пирамида,новость,2,18.52,0,0,False,False,0,False,False,,комментарий эксперта,False
LEAP News,leap,https://leap.uz/ru/2026/08/07/bektemir-state-executor-detained-61m-sum,2026-08-07T05:01:00+05:00,site,society,"reporter, editor",221,1696,11,19.09,18.0,0.273,6,1.83,7.7,18.3,67.87,13.57,54.3,67.87,0.0,18.1,1,5,3,0,1,0,11,83,утверждение,31,фактологический,3,13.57,разбор по пунктам,новость,4,18.1,0,2,True,False,0,False,False,,собственный сбор,False
LEAP News,leap,https://leap.uz/ru/2026/08/07/hazardous-waste-recycling-pq289-2027,2026-08-07T05:01:00+05:00,site,economy,"reporter, editor",507,3972,21,23.0,21.0,0.333,9,2.33,-7.1,21.6,84.81,3.94,63.12,35.5,9.86,23.67,2,3,7,0,1,0,9,66,утверждение,31,фактологический,4,7.89,разбор по пунктам,расширенная новость,1,1.97,0,6,True,False,0,False,False,,собственный сбор,False
LEAP News,leap,https://leap.uz/ru/2026/08/07/paramount-warner-uk-cma-approval,2026-08-07T05:01:00+05:00,site,world,"reporter, editor",493,3654,25,18.56,16.0,0.12,9,2.78,30.5,15.0,60.85,6.09,32.45,36.51,0.0,22.31,0,6,7,0,1,0,13,84,утверждение,40,фактологический,4,8.11,разбор по пунктам,интервью,4,8.11,0,0,False,False,0,False,False,,комментарий эксперта,False
LEAP News,leap,https://leap.uz/ru/2026/08/07/samarkand-power-utility-bribe-arrest,2026-08-07T05:01:00+05:00,site,society,"reporter, editor",305,2306,14,20.21,19.0,0.286,5,2.8,4.3,19.2,65.57,0.0,39.34,32.79,0.0,6.56,0,6,3,0,1,0,12,84,утверждение,35,фактологический,3,9.84,перевёрнутая пирамида,новость,4,13.11,0,1,True,False,0,False,False,,собственный сбор,False
LEAP News,leap,https://leap.uz/ru/2026/08/07/tashkent-air-quality-aug6-uzgidromet,2026-08-07T05:01:00+05:00,site,society,"reporter, editor",282,2050,15,18.13,17.0,0.2,5,3.0,23.3,15.8,63.83,0.0,24.82,78.01,3.55,10.64,0,0,2,0,1,0,12,72,утверждение,28,фактологический,2,7.09,перевёрнутая пирамида,новость,0,0.0,0,2,True,False,0,False,False,,работа с первоисточником,False
LEAP News,leap,https://leap.uz/ru/2026/08/07/uzbekistan-beverage-production-h1-2026,2026-08-07T05:17:00+05:00,site,economy,"reporter, editor",189,1213,8,20.25,18.0,0.25,4,2.0,42.1,13.9,126.98,0.0,0.0,95.24,26.46,21.16,0,2,3,0,1,0,12,83,утверждение,29,фактологический,2,10.58,перевёрнутая пирамида,новость,1,5.29,0,2,True,False,0,False,False,,собственный сбор,False
LEAP News,leap,https://leap.uz/ru/2026/08/07/cbu-fergana-valley-business-sentiment,2026-08-07T06:01:00+05:00,site,economy,"reporter, editor",370,2816,20,17.25,17.5,0.05,8,2.5,13.9,16.9,59.46,2.7,40.54,62.16,40.54,10.81,0,5,4,0,1,0,11,81,утверждение,44,фактологический,3,8.11,разбор по пунктам,расширенная новость,2,5.41,0,3,True,False,0,False,False,,собственный сбор,False
LEAP News,leap,https://leap.uz/ru/2026/08/07/us-polysilicon-tariff-signed-aug2026,2026-08-07T06:01:00+05:00,site,world,"reporter, editor",314,2241,15,19.33,22.0,0.2,7,2.14,21.7,16.4,73.25,3.18,15.92,60.51,19.11,19.11,1,4,4,1,1,0,11,68,утверждение,29,фактологический,4,12.74,разбор по пунктам,новость,2,6.37,0,0,False,False,0,False,False,,комментарий эксперта,False
LEAP News,leap,https://leap.uz/ru/2026/08/07/bailiff-bureau-52bn-returned-7months-2026,2026-08-07T06:09:00+05:00,site,society,"reporter, editor",196,1537,11,16.73,18.0,0.273,6,1.83,10.3,17.2,102.04,5.1,86.73,102.04,0.0,30.61,0,3,4,0,1,0,12,78,утверждение,35,фактологический,2,10.2,перевёрнутая пирамида,новость,1,5.1,0,1,True,False,0,False,False,,собственный сбор,False
LEAP News,leap,https://leap.uz/ru/2026/08/07/mygov-dormitory-benefits-check-disruption-aug10-2026,2026-08-07T06:31:00+05:00,site,society,"reporter, editor",298,2185,11,25.91,25.0,0.455,6,1.83,5.7,20.8,120.81,0.0,70.47,60.4,0.0,33.56,3,2,3,1,1,0,12,76,утверждение,37,фактологический,3,10.07,разбор по пунктам,новость,1,3.36,0,2,True,False,0,False,False,,собственный сбор,False
LEAP News,leap,https://leap.uz/ru/2026/08/07/uzbekistan-july-2026-weather-summary,2026-08-07T08:42:00+05:00,site,society,"reporter, editor",339,2241,15,18.0,17.0,0.2,8,1.88,28.7,15.0,50.15,0.0,5.9,153.39,0.0,35.4,0,4,3,0,1,0,9,63,утверждение,29,фактологический,3,8.85,разбор по пунктам,новость,1,2.95,0,3,True,False,0,False,False,,собственный сбор,False
LEAP News,leap,https://leap.uz/ru/2026/08/07/itpark-export-1050-residents-h1-2026,2026-08-07T08:58:00+05:00,site,tech,"reporter, editor",218,1468,8,23.38,22.5,0.25,6,1.5,18.6,18.2,123.85,0.0,27.52,119.27,18.35,32.11,0,4,5,1,1,0,11,72,утверждение,25,фактологический,4,18.35,разбор по пунктам,новость,2,9.17,0,0,False,False,0,False,False,,комментарий эксперта,False
LEAP News,leap,https://leap.uz/ru/2026/08/07/cbu-research-grant-2026-westminster,2026-08-07T09:07:00+05:00,site,economy,"reporter, editor",275,2150,17,15.06,14.0,0.0,8,2.12,4.8,17.4,105.45,0.0,10.91,47.27,0.0,25.45,1,1,5,0,1,0,11,80,утверждение,37,фактологический,4,14.55,разбор по пунктам,новость,0,0.0,0,4,True,False,0,False,False,,работа с первоисточником,False
LEAP News,leap,https://leap.uz/ru/2026/08/07/napp-crypto-market-h1-2026,2026-08-07T09:07:00+05:00,site,tech,"reporter, editor",266,1983,13,18.46,16.0,0.154,7,1.86,10.5,17.7,127.82,0.0,37.59,60.15,3.76,33.83,1,1,5,0,1,0,9,80,утверждение,29,фактологический,3,11.28,разбор по пунктам,новость,1,3.76,0,0,False,False,0,False,False,,рерайт,False
LEAP News,leap,https://leap.uz/ru/2026/08/07/uzhydromet-aerological-balloon-launch-aug2026,2026-08-07T09:07:00+05:00,site,society,"reporter, editor",208,1732,10,20.3,20.0,0.2,5,2.0,-15.3,21.9,134.62,4.81,67.31,14.42,0.0,9.62,0,3,3,0,1,0,8,68,утверждение,31,фактологический,3,14.42,перевёрнутая пирамида,новость,1,4.81,0,3,True,False,0,False,False,,собственный сбор,False
LEAP News,leap,https://leap.uz/ru/2026/08/07/us-iran-diplomatic-friction-gulf-warning-aug2026,2026-08-07T10:05:00+05:00,site,world,"reporter, editor",435,3167,18,23.33,22.5,0.389,9,2.0,15.1,18.6,94.25,0.0,34.48,25.29,2.3,20.69,6,8,4,2,1,0,12,84,утверждение,26,фактологический,4,9.2,разбор по пунктам,расширенная новость,1,2.3,0,0,False,False,0,False,False,,рерайт,False
LEAP News,leap,https://leap.uz/ru/2026/08/07/us-sanctions-cuba-military-china-russia-aug2026,2026-08-07T10:05:00+05:00,site,world,"reporter, editor",400,2840,13,28.46,29.0,0.615,8,1.62,10.2,21.0,65.0,2.5,17.5,27.5,0.0,17.5,3,5,10,0,1,0,12,68,утверждение,30,фактологический,4,10.0,разбор по пунктам,расширенная новость,4,10.0,0,0,False,False,0,False,False,,комментарий эксперта,False
LEAP News,leap,https://leap.uz/ru/2026/08/07/dprk-missile-launch-tokyo-seoul-protest,2026-08-07T10:52:00+05:00,site,world,"reporter, editor",279,2171,10,27.0,22.0,0.4,6,1.67,-2.1,22.2,86.02,0.0,32.26,46.59,0.0,21.51,8,7,5,0,1,0,12,80,утверждение,31,фактологический,2,7.17,перевёрнутая пирамида,новость,4,14.34,0,0,False,False,0,False,False,,комментарий эксперта,False
LEAP News,leap,https://leap.uz/ru/2026/08/07/gaza-peace-council-military-base-uganda-aug2026,2026-08-07T10:58:00+05:00,site,world,"reporter, editor",356,2708,16,21.19,21.5,0.375,7,2.29,12.3,18.3,101.12,0.0,47.75,30.9,0.0,14.04,0,4,5,0,1,0,13,84,утверждение,36,фактологический,4,11.24,разбор по пунктам,расширенная новость,2,5.62,0,0,False,False,0,False,False,,комментарий эксперта,False
LEAP News,leap,https://leap.uz/ru/2026/08/07/munich-car-attack-life-sentence,2026-08-07T11:16:00+05:00,site,world,"reporter, editor",235,1749,12,18.42,19.0,0.167,6,2.0,20.8,16.3,80.85,0.0,38.3,51.06,0.0,25.53,2,6,7,0,1,0,12,83,утверждение,29,фактологический,3,12.77,разбор по пунктам,новость,2,8.51,0,0,False,False,0,False,False,,комментарий эксперта,False
LEAP News,leap,https://leap.uz/ru/2026/08/07/president-ai-award-deadline-week-left,2026-08-07T11:31:00+05:00,site,tech,"reporter, editor",322,2372,16,19.56,19.5,0.25,9,1.78,28.4,15.6,93.17,0.0,31.06,55.9,0.0,6.21,1,1,5,0,1,0,11,74,how-to,51,фактологический,3,9.32,разбор по пунктам,новость,1,3.11,0,3,True,False,0,False,False,,собственный сбор,False
LEAP News,leap,https://leap.uz/ru/2026/08/07/uzbekistan-top10-trade-partners-2026,2026-08-07T11:31:00+05:00,site,economy,"reporter, editor",175,1096,15,9.0,3.0,0.067,4,1.5,45.1,9.9,80.0,0.0,5.71,171.43,0.0,11.43,0,1,2,0,1,0,8,68,утверждение,33,фактологический,1,5.71,разбор по пунктам,новость,1,5.71,0,1,True,False,0,False,False,,собственный сбор,False
LEAP News,leap,https://leap.uz/ru/2026/08/07/seismic-sensor-tender-competition-probe,2026-08-07T11:43:00+05:00,site,economy,"reporter, editor",224,1724,13,16.31,16.0,0.077,6,2.17,15.8,16.3,84.82,4.46,31.25,40.18,0.0,13.39,2,3,7,0,1,0,14,85,утверждение,41,фактологический,3,13.39,разбор по пунктам,новость,3,13.39,0,1,True,False,0,False,False,,собственный сбор,False
LEAP News,leap,https://leap.uz/ru/2026/08/07/israel-lebanon-strikes-ceasefire-talks-aug2026,2026-08-07T11:52:00+05:00,site,world,"reporter, editor",403,2964,15,25.87,28.0,0.6,9,1.67,13.0,19.7,59.55,2.48,29.78,24.81,0.0,9.93,6,10,7,2,1,0,10,87,утверждение,30,фактологический,3,7.44,разбор по пунктам,расширенная новость,4,9.93,0,0,False,False,0,False,False,,комментарий эксперта,False
LEAP News,leap,https://leap.uz/ru/2026/08/07/abituriyent-second-stage-deadline-aug8,2026-08-07T13:09:00+05:00,site,society,"reporter, editor",213,1601,11,18.73,21.0,0.091,5,2.2,20.0,16.5,122.07,4.69,61.03,42.25,0.0,37.56,4,5,6,0,1,0,9,62,утверждение,27,фактологический,3,14.08,перевёрнутая пирамида,новость,1,4.69,0,0,False,False,0,False,False,,рерайт,False
LEAP News,leap,https://leap.uz/ru/2026/08/07/fergana-leather-shoe-cluster-jobs,2026-08-07T13:09:00+05:00,site,economy,"reporter, editor",164,1268,10,15.5,14.5,0.1,5,2.0,14.5,16.2,73.17,6.1,24.39,30.49,0.0,12.2,1,2,3,0,1,0,12,83,утверждение,30,фактологический,2,12.2,перевёрнутая пирамида,новость,2,12.2,0,3,True,False,0,False,False,,собственный сбор,False
LEAP News,leap,https://leap.uz/ru/2026/08/07/khorezm-investment-problems-prosecutor-review,2026-08-07T13:09:00+05:00,site,economy,"reporter, editor",149,1186,6,21.83,18.5,0.333,4,1.5,-17.0,22.6,13.42,0.0,60.4,40.27,0.0,0.0,0,3,3,0,1,0,9,76,утверждение,30,фактологический,2,13.42,разбор по пунктам,новость,3,20.13,0,0,False,False,0,False,False,,комментарий эксперта,False
LEAP News,leap,https://leap.uz/ru/2026/08/07/shunqor-88-drone-interceptor-school-invention,2026-08-07T13:09:00+05:00,site,tech,"reporter, editor",211,1672,12,16.0,14.0,0.25,5,2.4,13.6,16.5,104.27,0.0,14.22,90.05,0.0,4.74,4,6,3,0,1,0,8,74,утверждение,28,фактологический,2,9.48,перевёрнутая пирамида,новость,4,18.96,0,2,True,False,0,False,False,,собственный сбор,False
LEAP News,leap,https://leap.uz/ru/2026/08/07/state-assets-auction-aug6-2026,2026-08-07T13:09:00+05:00,site,economy,"reporter, editor",446,2763,11,32.82,23.0,0.364,8,1.5,24.8,20.3,38.12,0.0,2.24,147.98,6.73,11.21,0,1,4,1,1,0,13,79,утверждение,29,фактологический,3,6.73,разбор по пунктам,расширенная новость,1,2.24,0,0,False,False,0,False,False,,рерайт,False
LEAP News,leap,https://leap.uz/ru/2026/08/07/tahiatash-water-treatment-reconstruction,2026-08-07T13:58:00+05:00,site,society,"reporter, editor",259,2107,14,17.14,16.5,0.143,7,2.0,1.5,18.6,115.83,0.0,38.61,69.5,23.17,23.17,0,5,3,0,1,0,8,67,утверждение,30,фактологический,3,11.58,разбор по пунктам,новость,3,11.58,0,1,True,False,0,False,False,,собственный сбор,False
LEAP News,leap,https://leap.uz/ru/2026/08/07/botanicheskaya-substation-modernization,2026-08-07T14:13:00+05:00,site,society,"reporter, editor",275,2045,12,20.58,18.5,0.167,7,1.71,4.9,19.2,94.55,7.27,40.0,87.27,7.27,7.27,4,3,7,0,1,0,10,81,утверждение,25,фактологический,3,10.91,разбор по пунктам,новость,1,3.64,0,1,True,False,0,False,False,,собственный сбор,False
LEAP News,leap,https://leap.uz/ru/2026/08/07/raqobat-pharma-price-overcharge-aug2026,2026-08-07T15:00:00+05:00,site,economy,"reporter, editor",220,1520,11,17.91,15.0,0.182,5,2.2,22.5,15.9,95.45,4.55,50.0,54.55,0.0,9.09,1,5,5,0,1,0,12,77,утверждение,45,фактологический,2,9.09,перевёрнутая пирамида,новость,5,22.73,0,4,True,False,0,False,False,,собственный сбор,False
LEAP News,leap,https://leap.uz/ru/2026/08/07/energy-passport-uzbekistan-mahalla-aug2026,2026-08-07T15:01:00+05:00,site,society,"reporter, editor",222,1775,12,18.17,17.0,0.167,5,2.4,4.3,18.5,139.64,4.5,49.55,0.0,0.0,0.0,0,2,5,0,1,0,8,71,утверждение,36,фактологический,3,13.51,перевёрнутая пирамида,новость,1,4.5,0,5,True,False,0,False,False,,собственный сбор,False
LEAP News,leap,https://leap.uz/ru/2026/08/07/uzbek-seasonal-work-usa-training-aug2026,2026-08-07T15:01:00+05:00,site,society,"reporter, editor",256,1947,11,22.64,20.0,0.364,6,1.83,9.9,19.1,78.12,0.0,50.78,11.72,0.0,11.72,1,1,5,0,1,0,13,86,утверждение,30,фактологический,3,11.72,разбор по пунктам,новость,1,3.91,0,1,True,False,0,False,False,,собственный сбор,False
LEAP News,leap,https://leap.uz/ru/2026/08/07/turkey-saudi-pakistan-defense-pact-jeddah,2026-08-07T15:45:00+05:00,site,world,"reporter, editor",293,2117,11,25.82,29.0,0.636,6,1.83,13.3,19.7,146.76,0.0,44.37,20.48,0.0,17.06,1,3,5,1,1,0,10,72,утверждение,30,фактологический,3,10.24,разбор по пунктам,новость,2,6.83,0,0,False,False,0,False,False,,комментарий эксперта,False
LEAP News,leap,https://leap.uz/ru/2026/08/07/houthi-yemen-saudi-escalation-aug2026,2026-08-07T17:01:00+05:00,site,world,"reporter, editor",466,3465,22,20.05,18.5,0.136,8,2.75,9.2,18.4,103.0,0.0,15.02,45.06,4.29,19.31,1,8,7,0,1,0,11,70,утверждение,30,фактологический,5,10.73,разбор по пунктам,расширенная новость,3,6.44,0,0,False,False,0,False,False,,комментарий эксперта,False
LEAP News,leap,https://leap.uz/ru/2026/08/07/uzbekistan-heatwave-forecast-aug8-9-2026,2026-08-07T17:01:00+05:00,site,society,"reporter, editor",286,2007,9,27.56,21.0,0.222,5,1.8,20.8,19.2,66.43,0.0,17.48,255.24,0.0,13.99,0,1,5,0,1,0,10,69,утверждение,27,фактологический,3,10.49,разбор по пунктам,новость,1,3.5,0,5,True,False,0,False,False,,собственный сбор,False
LEAP News,leap,https://leap.uz/ru/2026/08/07/typhoon-dolphin-china-japan-aug2026,2026-08-07T17:09:00+05:00,site,world,"reporter, editor",424,2958,21,18.81,19.0,0.238,10,2.1,25.1,15.8,106.13,0.0,16.51,75.47,0.0,16.51,0,2,6,0,1,0,9,65,утверждение,40,фактологический,4,9.43,разбор по пунктам,расширенная новость,0,0.0,0,0,False,False,0,False,False,,рерайт,False
LEAP News,leap,https://leap.uz/ru/2026/08/07/uzbekistan-ai-ecosystem-1-5bn-target,2026-08-07T18:46:00+05:00,site,economy,"reporter, editor",417,3260,25,15.64,14.0,0.08,11,2.27,7.7,17.2,91.13,0.0,21.58,59.95,2.4,7.19,4,2,5,0,1,0,10,72,утверждение,36,фактологический,4,9.59,разбор по пунктам,расширенная новость,1,2.4,0,5,True,False,0,False,False,,собственный сбор,False
LEAP News,leap,https://leap.uz/ru/2026/08/07/meta-child-safety-fine-567m-aug2026,2026-08-07T19:38:00+05:00,site,world,"reporter, editor",226,1694,12,18.08,19.5,0.25,8,1.5,21.3,16.1,53.1,0.0,26.55,35.4,0.0,13.27,2,3,4,0,1,0,12,72,утверждение,26,фактологический,3,13.27,разбор по пунктам,новость,3,13.27,0,0,False,False,0,False,False,,комментарий эксперта,False
LEAP News,leap,https://leap.uz/ru/2026/08/07/kadastr-agency-maintenance-outage-aug8-9-2026,2026-08-07T19:41:00+05:00,site,society,"reporter, editor",240,1848,11,21.45,19.0,0.273,5,2.2,17.0,17.8,100.0,4.17,41.67,66.67,0.0,25.0,0,4,4,0,1,0,9,66,утверждение,37,фактологический,3,12.5,перевёрнутая пирамида,новость,3,12.5,0,1,True,False,0,False,False,,собственный сбор,False
LEAP News,leap,https://leap.uz/ru/2026/08/07/energy-tariff-rab-methodology-enterprises-aug2026,2026-08-07T19:44:00+05:00,site,economy,"reporter, editor",356,2693,16,20.56,22.5,0.25,8,2.0,-0.7,20.0,50.56,2.81,30.9,53.37,11.24,36.52,3,2,6,0,1,0,8,75,утверждение,30,фактологический,4,11.24,разбор по пунктам,расширенная новость,1,2.81,0,6,True,False,0,False,False,,собственный сбор,False
LEAP News,leap,https://leap.uz/ru/2026/08/07/mirziyoyev-trump-phone-call-aug2026,2026-08-07T20:08:00+05:00,site,politics,"reporter, editor",268,2253,17,15.47,15.0,0.059,8,2.12,0.5,18.2,104.48,7.46,48.51,14.93,0.0,11.19,4,5,9,0,1,0,11,70,утверждение,25,фактологический,2,7.46,перевёрнутая пирамида,новость,3,11.19,0,9,True,False,0,False,False,,собственный сбор,False
LEAP News,leap,https://leap.uz/ru/2026/08/07/bukhara-medvuz-admission-bribery-arrest-aug2026,2026-08-07T21:22:00+05:00,site,society,"reporter, editor",204,1470,9,21.11,17.0,0.222,6,1.5,13.6,18.1,102.94,0.0,24.51,63.73,0.0,9.8,0,5,3,0,1,0,12,79,утверждение,30,фактологический,2,9.8,перевёрнутая пирамида,новость,5,24.51,0,0,False,False,0,False,False,,комментарий эксперта,False
LEAP News,leap,https://leap.uz/ru/2026/08/07/employment-fraud-dubai-moldova-scheme,2026-08-07T21:22:00+05:00,site,society,"reporter, editor",271,1972,14,18.64,18.5,0.071,5,2.8,18.9,16.6,73.8,3.69,25.83,47.97,0.0,11.07,0,4,4,0,1,0,9,73,утверждение,28,фактологический,3,11.07,перевёрнутая пирамида,новость,4,14.76,0,1,True,False,0,False,False,,собственный сбор,False
LEAP News,leap,https://leap.uz/ru/2026/08/07/it-park-sonect-outsourcing-memorandum,2026-08-07T21:52:00+05:00,site,tech,"reporter, editor",283,2098,16,16.56,15.5,0.062,7,2.29,27.9,14.7,70.67,0.0,3.53,56.54,0.0,21.2,1,1,7,0,1,0,10,68,утверждение,26,фактологический,3,10.6,разбор по пунктам,новость,0,0.0,0,3,True,False,0,False,False,,работа с первоисточником,False
LEAP News,leap,https://leap.uz/ru/2026/08/07/tashkent-school-290-reconstruction-1714,2026-08-07T21:52:00+05:00,site,society,"reporter, editor",142,1024,7,18.86,17.0,0.143,4,1.75,24.3,15.9,126.76,0.0,21.13,98.59,0.0,14.08,0,2,2,0,1,0,12,77,утверждение,30,фактологический,0,0.0,перевёрнутая пирамида,новость,2,14.08,0,0,False,False,0,False,False,,комментарий эксперта,False
LEAP News,leap,https://leap.uz/ru/2026/08/07/poverty-fund-interest-free-loans-uzb,2026-08-07T21:58:00+05:00,site,economy,"reporter, editor",350,2490,16,19.5,17.5,0.25,7,2.29,22.0,16.5,80.0,0.0,34.29,91.43,5.71,25.71,1,2,4,0,1,0,12,81,утверждение,41,фактологический,3,8.57,разбор по пунктам,расширенная новость,2,5.71,0,4,True,False,0,False,False,,собственный сбор,False
LEAP News,leap,https://leap.uz/ru/2026/08/07/uzbekistan-realtor-attestation-law,2026-08-07T22:37:00+05:00,site,economy,"reporter, editor",236,1931,11,20.0,19.0,0.182,6,1.83,-8.2,20.8,101.69,0.0,42.37,38.14,0.0,16.95,1,0,5,0,1,0,8,65,утверждение,26,фактологический,3,12.71,разбор по пунктам,новость,0,0.0,0,5,True,False,0,False,False,,работа с первоисточником,False
LEAP News,leap,https://leap.uz/ru/2026/08/07/tashkent-air-quality-pm10-aug7-morning,2026-08-07T23:13:00+05:00,site,society,"reporter, editor",296,2052,12,22.92,21.5,0.333,7,1.71,22.8,17.4,81.08,0.0,30.41,94.59,0.0,30.41,1,0,3,1,1,0,10,66,утверждение,29,фактологический,3,10.14,разбор по пунктам,новость,0,0.0,0,3,True,False,0,False,False,,работа с первоисточником,False
LEAP News,leap,https://leap.uz/ru/2026/08/07/uzbekneftegaz-aug-sept-gas-production-ramp,2026-08-07T23:41:00+05:00,site,economy,"reporter, editor",417,3290,17,23.35,22.0,0.294,9,1.89,-7.0,21.7,74.34,4.8,45.56,35.97,4.8,19.18,0,2,5,1,1,0,9,74,утверждение,26,фактологический,6,14.39,разбор по пунктам,расширенная новость,2,4.8,0,1,True,False,0,False,False,,собственный сбор,False
LEAP News,leap,https://leap.uz/ru/2026/08/07/genprokuratura-women-children-protection-system-up33,2026-08-07T23:42:00+05:00,site,society,"reporter, editor",334,2542,15,20.87,20.0,0.4,6,2.5,2.6,19.6,74.85,8.98,53.89,56.89,0.0,41.92,2,4,4,1,1,0,9,75,утверждение,31,фактологический,3,8.98,разбор по пунктам,новость,1,2.99,0,2,True,False,0,False,False,,собственный сбор,False
