outlet,url,published_at,title_chars,title_le_60,title_60_90,title_gt_90,lead_chars,lead_words,lead_words_in_norm,lead_chars_in_norm,lead_sentences,lead_one_sentence,err_quote_lead,err_question_lead,err_clerky_lead,err_clutter_lead,attrib_total,attrib_neutral_share,attrib_emphatic,attrib_loaded,has_emphatic,has_loaded,genitive_chains,split_predicates,has_genitive_chain,has_split_predicate,genitive_chains_per_1000,split_predicates_per_1000,syllables_per_word,syll_in_norm,kicker_whatnext,kicker_context,kicker_checklist,has_any_kicker
Gazeta.uz,https://www.gazeta.uz/ru/2026/07/08/argentina-egypt,2026-07-08T01:01:57+05:00,78,False,True,False,256,39,False,False,2,False,False,False,False,False,1,1.0,0,0,False,False,0,0,False,False,0.0,0.0,2.4,False,False,False,False,False
Gazeta.uz,https://www.gazeta.uz/ru/2026/07/08/infant-mortality,2026-07-08T13:19:26+05:00,130,False,False,True,299,38,False,False,2,False,False,False,False,False,7,0.429,4,0,True,False,0,0,False,False,0.0,0.0,2.89,False,False,False,False,False
Gazeta.uz,https://www.gazeta.uz/ru/2026/07/08/uzum-tezkor,2026-07-08T18:00:53+05:00,59,True,False,False,363,45,False,False,2,False,False,False,False,True,0,,0,0,False,False,0,0,False,False,0.0,0.0,2.81,False,False,False,False,False
Gazeta.uz,https://www.gazeta.uz/ru/2026/07/08/uzcard,2026-07-08T19:00:56+05:00,86,False,True,False,396,44,False,False,1,True,False,False,False,True,4,0.25,3,0,True,False,1,2,True,True,2.38,4.76,3.38,False,False,False,False,False
Gazeta.uz,https://www.gazeta.uz/ru/2026/07/08/play,2026-07-08T19:45:25+05:00,58,True,False,False,142,20,True,True,2,False,False,False,False,False,5,0.6,2,0,True,False,0,0,False,False,0.0,0.0,2.7,False,False,False,False,False
Gazeta.uz,https://www.gazeta.uz/ru/2026/07/09/blackrock-uzbekistan,2026-07-09T10:44:47+05:00,88,False,True,False,178,21,True,True,1,True,False,False,False,False,6,0.5,3,0,True,False,0,1,False,True,0.0,3.05,2.96,False,False,False,False,False
Gazeta.uz,https://www.gazeta.uz/ru/2026/07/09/mobiuz,2026-07-09T11:00:41+05:00,59,True,False,False,333,42,False,False,3,False,False,False,False,True,0,,0,0,False,False,0,0,False,False,0.0,0.0,2.65,False,False,False,False,False
Gazeta.uz,https://www.gazeta.uz/ru/2026/07/09/mirziyoyev-lukashenko,2026-07-09T15:40:11+05:00,101,False,False,True,186,24,True,True,2,False,False,False,False,False,26,0.692,8,0,True,False,0,1,False,True,0.0,1.24,2.64,False,False,False,False,False
Gazeta.uz,https://www.gazeta.uz/ru/2026/07/09/law,2026-07-09T19:23:59+05:00,106,False,False,True,154,21,True,True,1,True,False,False,False,False,12,0.583,4,1,True,True,0,0,False,False,0.0,0.0,2.88,False,False,False,False,False
Gazeta.uz,https://www.gazeta.uz/ru/2026/07/09/sumitomo,2026-07-09T19:42:47+05:00,96,False,False,True,267,30,True,False,1,True,False,False,False,False,3,0.667,1,0,True,False,0,0,False,False,0.0,0.0,3.1,False,False,False,False,False
Gazeta.uz,https://www.gazeta.uz/ru/2026/07/10/gas-import,2026-07-10T12:16:18+05:00,91,False,False,True,248,37,False,True,2,False,False,False,False,False,1,1.0,0,0,False,False,0,0,False,False,0.0,0.0,2.49,False,False,False,False,False
Gazeta.uz,https://www.gazeta.uz/ru/2026/07/10/ali-khamenei,2026-07-10T13:59:51+05:00,48,True,False,False,210,30,True,True,1,True,False,False,False,False,2,1.0,0,0,False,False,0,1,False,True,0.0,4.13,2.68,False,False,False,False,False
Gazeta.uz,https://www.gazeta.uz/ru/2026/07/10/condolences,2026-07-10T16:24:10+05:00,51,True,False,False,292,35,True,False,1,True,False,False,False,False,1,1.0,0,0,False,False,0,0,False,False,0.0,0.0,2.79,False,False,False,False,False
Gazeta.uz,https://www.gazeta.uz/ru/2026/07/11/wc-spain-belgium,2026-07-11T08:35:41+05:00,63,False,True,False,639,101,False,False,4,False,False,False,False,True,1,0.0,1,0,True,False,0,0,False,False,0.0,0.0,2.41,False,False,False,False,False
Gazeta.uz,https://www.gazeta.uz/ru/2026/07/11/aventus-group,2026-07-11T09:00:52+05:00,65,False,True,False,528,79,False,False,4,False,False,False,False,True,0,,0,0,False,False,0,0,False,False,0.0,0.0,2.56,False,True,False,False,True
Gazeta.uz,https://www.gazeta.uz/ru/2026/07/13/accidents,2026-07-13T07:46:45+05:00,62,False,True,False,223,28,True,True,2,False,False,False,False,False,1,1.0,0,0,False,False,0,0,False,False,0.0,0.0,2.72,False,False,False,False,False
Gazeta.uz,https://www.gazeta.uz/ru/2026/07/13/construction-violations,2026-07-13T11:42:56+05:00,90,False,True,False,231,27,True,True,2,False,False,False,False,False,4,1.0,0,0,False,False,0,0,False,False,0.0,0.0,2.98,False,False,False,False,False
Gazeta.uz,https://www.gazeta.uz/ru/2026/07/13/construction,2026-07-13T13:13:06+05:00,80,False,True,False,197,25,True,True,2,False,False,False,False,False,6,0.833,1,0,True,False,0,0,False,False,0.0,0.0,2.96,False,False,False,False,False
Gazeta.uz,https://www.gazeta.uz/ru/2026/07/13/sunexpress,2026-07-13T15:01:57+05:00,71,False,True,False,151,20,True,True,1,True,False,False,False,False,2,0.5,1,0,True,False,0,0,False,False,0.0,0.0,2.73,False,False,False,False,False
Gazeta.uz,https://www.gazeta.uz/ru/2026/07/13/incident,2026-07-13T17:02:11+05:00,60,True,False,False,129,17,False,True,2,False,False,False,False,False,3,1.0,0,0,False,False,0,0,False,False,0.0,0.0,2.58,False,False,False,False,False
Gazeta.uz,https://www.gazeta.uz/ru/2026/07/13/energy-consumption,2026-07-13T17:12:26+05:00,64,False,True,False,275,34,True,False,2,False,False,False,False,False,2,1.0,0,0,False,False,1,0,True,False,3.44,0.0,3.1,False,False,False,False,False
Gazeta.uz,https://www.gazeta.uz/ru/2026/07/14/food-city,2026-07-14T10:50:25+05:00,80,False,True,False,246,32,True,True,2,False,False,False,False,False,3,0.667,1,0,True,False,0,0,False,False,0.0,0.0,2.86,False,False,False,False,False
Gazeta.uz,https://www.gazeta.uz/ru/2026/07/14/national-university-of-uzbekistan,2026-07-14T11:00:15+05:00,96,False,False,True,364,48,False,False,2,False,False,False,False,True,0,,0,0,False,False,0,0,False,False,0.0,0.0,3.01,False,False,False,False,False
Gazeta.uz,https://www.gazeta.uz/ru/2026/07/14/credit-freeze,2026-07-14T11:54:10+05:00,68,False,True,False,227,27,True,True,2,False,False,False,False,False,1,1.0,0,0,False,False,0,0,False,False,0.0,0.0,2.64,False,False,False,False,False
Gazeta.uz,https://www.gazeta.uz/ru/2026/07/14/uzauto-motors,2026-07-14T13:42:32+05:00,87,False,True,False,156,20,True,True,2,False,False,False,False,False,0,,0,0,False,False,1,0,True,False,1.14,0.0,2.75,False,False,False,False,False
Gazeta.uz,https://www.gazeta.uz/ru/2026/07/14/kyrgyzstan,2026-07-14T14:49:29+05:00,63,False,True,False,258,32,True,False,2,False,False,False,False,False,1,1.0,0,0,False,False,0,0,False,False,0.0,0.0,2.99,False,False,False,False,False
Gazeta.uz,https://www.gazeta.uz/ru/2026/07/15/france-spain,2026-07-15T09:36:19+05:00,83,False,True,False,484,69,False,False,3,False,False,False,False,True,1,1.0,0,0,False,False,0,0,False,False,0.0,0.0,2.48,False,False,False,False,False
Gazeta.uz,https://www.gazeta.uz/ru/2026/07/15/rayyan-kids,2026-07-15T11:51:05+05:00,90,False,True,False,312,40,False,False,2,False,False,False,False,False,2,1.0,0,0,False,False,0,0,False,False,0.0,0.0,2.92,False,False,False,False,False
Gazeta.uz,https://www.gazeta.uz/ru/2026/07/15/water,2026-07-15T14:43:20+05:00,68,False,True,False,162,22,True,True,2,False,False,False,False,False,3,0.667,1,0,True,False,0,0,False,False,0.0,0.0,2.74,False,False,False,False,False
Gazeta.uz,https://www.gazeta.uz/ru/2026/07/16/mobiuz,2026-07-16T11:00:39+05:00,91,False,False,True,350,42,False,False,2,False,False,False,False,True,0,,0,0,False,False,0,0,False,False,0.0,0.0,2.82,False,False,False,False,False
Gazeta.uz,https://www.gazeta.uz/ru/2026/07/16/mobile,2026-07-16T12:40:35+05:00,64,False,True,False,199,27,True,True,2,False,False,False,False,False,0,,0,0,False,False,1,0,True,False,4.93,0.0,2.88,False,False,False,False,False
Gazeta.uz,https://www.gazeta.uz/ru/2026/07/16/ptu,2026-07-16T13:00:45+05:00,78,False,True,False,254,34,True,False,2,False,False,False,False,False,0,,0,0,False,False,0,0,False,False,0.0,0.0,2.68,False,False,False,False,False
Gazeta.uz,https://www.gazeta.uz/ru/2026/07/16/natalia-kashinas-exhibitions,2026-07-16T13:10:27+05:00,88,False,True,False,341,43,False,False,3,False,False,False,False,True,2,1.0,0,0,False,False,0,0,False,False,0.0,0.0,2.79,False,False,False,False,False
Gazeta.uz,https://www.gazeta.uz/ru/2026/07/16/ambassador,2026-07-16T13:13:22+05:00,61,False,True,False,182,24,True,True,1,True,False,False,False,False,1,0.0,1,0,True,False,0,0,False,False,0.0,0.0,2.73,False,False,False,False,False
Gazeta.uz,https://www.gazeta.uz/ru/2026/07/16/registration,2026-07-16T13:35:51+05:00,70,False,True,False,283,36,False,False,2,False,False,False,False,False,0,,0,0,False,False,0,0,False,False,0.0,0.0,2.99,False,False,False,False,False
Gazeta.uz,https://www.gazeta.uz/ru/2026/07/16/railway,2026-07-16T15:58:22+05:00,65,False,True,False,245,27,True,True,1,True,False,False,False,False,2,0.5,1,0,True,False,0,0,False,False,0.0,0.0,2.63,False,False,False,False,False
Gazeta.uz,https://www.gazeta.uz/ru/2026/07/16/turon,2026-07-16T16:51:06+05:00,108,False,False,True,181,21,True,True,2,False,False,False,False,False,3,1.0,0,0,False,False,0,0,False,False,0.0,0.0,3.18,False,False,False,False,False
Gazeta.uz,https://www.gazeta.uz/ru/2026/07/17/asrr,2026-07-17T09:11:09+05:00,71,False,True,False,237,25,True,True,2,False,False,False,False,False,1,1.0,0,0,False,False,0,0,False,False,0.0,0.0,3.34,False,False,False,False,False
Gazeta.uz,https://www.gazeta.uz/ru/2026/07/17/landfill,2026-07-17T14:16:29+05:00,85,False,True,False,233,30,True,True,1,True,False,False,False,False,3,0.667,1,0,True,False,0,0,False,False,0.0,0.0,2.97,False,False,False,False,False
Gazeta.uz,https://www.gazeta.uz/ru/2026/07/18/uzbekistan-airports,2026-07-18T10:05:31+05:00,74,False,True,False,264,40,False,False,2,False,False,False,False,False,0,,0,0,False,False,0,0,False,False,0.0,0.0,2.61,False,False,False,False,False
Gazeta.uz,https://www.gazeta.uz/ru/2026/07/19/darya-nesterenko,2026-07-19T00:00:00+05:00,59,True,False,False,31,6,False,True,1,True,True,False,False,False,0,,0,0,False,False,0,0,False,False,0.0,0.0,2.59,False,False,False,False,False
Gazeta.uz,https://www.gazeta.uz/ru/2026/07/19/mamadaminov,2026-07-19T16:06:58+05:00,77,False,True,False,205,29,True,True,2,False,False,False,False,False,6,0.833,1,0,True,False,0,0,False,False,0.0,0.0,3.09,False,False,False,False,False
Gazeta.uz,https://www.gazeta.uz/ru/2026/07/20/higher-school,2026-07-20T11:00:18+05:00,85,False,True,False,388,50,False,False,2,False,False,False,False,True,0,,0,0,False,False,0,0,False,False,0.0,0.0,2.96,False,False,False,False,False
Gazeta.uz,https://www.gazeta.uz/ru/2026/07/20/foreign-tour-operators,2026-07-20T14:04:27+05:00,85,False,True,False,362,38,False,False,2,False,False,False,False,False,1,1.0,0,0,False,False,0,0,False,False,0.0,0.0,3.24,False,False,False,False,False
Gazeta.uz,https://www.gazeta.uz/ru/2026/07/20/brb,2026-07-20T15:00:55+05:00,85,False,True,False,302,37,False,False,1,True,False,False,False,False,1,0.0,1,0,True,False,1,0,True,False,2.82,0.0,3.4,False,False,False,False,False
Gazeta.uz,https://www.gazeta.uz/ru/2026/07/20/heatwave,2026-07-20T15:55:33+05:00,96,False,False,True,234,32,True,True,2,False,False,False,False,False,1,1.0,0,0,False,False,0,0,False,False,0.0,0.0,2.93,False,False,False,False,False
Gazeta.uz,https://www.gazeta.uz/ru/2026/07/20/uzbekistan-airports,2026-07-20T18:54:59+05:00,99,False,False,True,230,28,True,True,2,False,False,False,False,False,2,0.5,1,0,True,False,1,0,True,False,1.43,0.0,2.92,False,False,False,False,False
Gazeta.uz,https://www.gazeta.uz/ru/2026/07/20/korea-medical-tourism,2026-07-20T19:00:13+05:00,91,False,False,True,365,43,False,False,2,False,False,False,False,True,9,0.111,8,0,True,False,0,0,False,False,0.0,0.0,3.17,False,False,False,False,False
Gazeta.uz,https://www.gazeta.uz/ru/2026/07/21/poytaxt-parking-interview,2026-07-21T10:00:23+05:00,105,False,False,True,167,23,True,True,2,False,False,False,False,False,1,1.0,0,0,False,False,0,1,False,True,0.0,0.4,2.63,False,False,False,False,False
Gazeta.uz,https://www.gazeta.uz/ru/2026/07/21/energy-record,2026-07-21T14:01:12+05:00,74,False,True,False,154,20,True,True,2,False,False,False,False,False,5,0.6,2,0,True,False,0,0,False,False,0.0,0.0,2.9,False,False,False,False,False
Gazeta.uz,https://www.gazeta.uz/ru/2026/07/21/gigachat,2026-07-21T15:00:39+05:00,103,False,False,True,156,17,False,True,1,True,True,False,False,False,1,0.0,1,0,True,False,0,0,False,False,0.0,0.0,2.78,False,False,False,False,False
Gazeta.uz,https://www.gazeta.uz/ru/2026/07/21/bureaucracy,2026-07-21T15:55:50+05:00,74,False,True,False,245,32,True,True,2,False,False,False,False,False,3,0.667,1,0,True,False,1,0,True,False,2.91,0.0,2.86,False,False,False,False,False
Gazeta.uz,https://www.gazeta.uz/ru/2026/07/21/us-canada,2026-07-21T16:26:22+05:00,67,False,True,False,169,27,True,True,2,False,False,False,False,False,6,0.667,1,1,True,True,0,0,False,False,0.0,0.0,2.72,False,False,False,False,False
Gazeta.uz,https://www.gazeta.uz/ru/2026/07/21/railways,2026-07-21T17:45:34+05:00,80,False,True,False,195,26,True,True,2,False,False,False,False,False,2,0.5,1,0,True,False,0,0,False,False,0.0,0.0,2.9,False,False,False,False,False
Gazeta.uz,https://www.gazeta.uz/ru/2026/07/21/interpol,2026-07-21T19:50:22+05:00,70,False,True,False,217,28,True,True,2,False,False,False,False,False,2,0.5,1,0,True,False,0,0,False,False,0.0,0.0,3.31,False,False,False,False,False
Gazeta.uz,https://www.gazeta.uz/ru/2026/07/22/tashkent,2026-07-22T08:57:56+05:00,48,True,False,False,145,21,True,True,2,False,False,False,False,False,0,,0,0,False,False,0,0,False,False,0.0,0.0,2.66,False,False,False,False,False
Gazeta.uz,https://www.gazeta.uz/ru/2026/07/22/way-ll,2026-07-22T11:00:15+05:00,62,False,True,False,88,13,False,True,1,True,False,False,False,False,1,0.0,1,0,True,False,0,0,False,False,0.0,0.0,2.52,False,False,False,False,False
Gazeta.uz,https://www.gazeta.uz/ru/2026/07/22/humo,2026-07-22T13:00:42+05:00,78,False,True,False,132,16,False,True,1,True,False,False,False,False,2,0.5,1,0,True,False,0,0,False,False,0.0,0.0,3.13,False,False,False,False,False
Gazeta.uz,https://www.gazeta.uz/ru/2026/07/22/loans,2026-07-22T14:38:08+05:00,83,False,True,False,265,32,True,False,2,False,False,False,False,False,7,1.0,0,0,False,False,0,1,False,True,0.0,1.93,2.81,False,False,False,False,False
Gazeta.uz,https://www.gazeta.uz/ru/2026/07/22/future-center,2026-07-22T19:32:08+05:00,93,False,False,True,199,27,True,True,2,False,False,False,False,False,3,1.0,0,0,False,False,0,0,False,False,0.0,0.0,2.98,False,False,False,False,False
Gazeta.uz,https://www.gazeta.uz/ru/2026/07/23/covec-tashkent-samarkand,2026-07-23T11:52:09+05:00,59,True,False,False,262,33,True,False,2,False,False,False,False,False,4,1.0,0,0,False,False,0,0,False,False,0.0,0.0,2.69,False,False,False,False,False
Gazeta.uz,https://www.gazeta.uz/ru/2026/07/23/france,2026-07-23T15:39:24+05:00,49,True,False,False,211,30,True,True,2,False,False,False,False,False,3,1.0,0,0,False,False,0,0,False,False,0.0,0.0,2.68,False,False,False,False,False
Gazeta.uz,https://www.gazeta.uz/ru/2026/07/23/neo-insurance,2026-07-23T19:00:35+05:00,90,False,True,False,413,57,False,False,3,False,False,False,False,True,1,0.0,1,0,True,False,0,0,False,False,0.0,0.0,2.67,False,False,False,False,False
Gazeta.uz,https://www.gazeta.uz/ru/2026/07/23/brt,2026-07-23T23:50:04+05:00,64,False,True,False,165,23,True,True,2,False,False,False,False,False,1,1.0,0,0,False,False,0,0,False,False,0.0,0.0,2.52,False,False,False,False,False
Gazeta.uz,https://www.gazeta.uz/ru/2026/07/24/creative,2026-07-24T10:08:38+05:00,59,True,False,False,143,19,False,True,1,True,False,False,False,False,0,,0,0,False,False,0,0,False,False,0.0,0.0,2.78,False,False,False,False,False
Gazeta.uz,https://www.gazeta.uz/ru/2026/07/24/heat,2026-07-24T13:16:38+05:00,95,False,False,True,280,31,True,False,2,False,False,False,False,False,1,1.0,0,0,False,False,0,0,False,False,0.0,0.0,3.08,False,False,False,False,False
Gazeta.uz,https://www.gazeta.uz/ru/2026/07/24/chirchik-cats,2026-07-24T14:47:23+05:00,88,False,True,False,728,93,False,False,7,False,False,False,False,True,12,0.417,7,0,True,False,0,0,False,False,0.0,0.0,2.46,False,False,False,False,False
Gazeta.uz,https://www.gazeta.uz/ru/2026/07/24/privatization,2026-07-24T21:16:43+05:00,80,False,True,False,159,19,False,True,2,False,False,False,False,False,3,1.0,0,0,False,False,0,0,False,False,0.0,0.0,3.14,False,False,False,False,False
Gazeta.uz,https://www.gazeta.uz/ru/2026/07/25/nirvana-luxury-residence,2026-07-25T13:00:33+05:00,60,True,False,False,188,24,True,True,2,False,False,False,False,False,0,,0,0,False,False,0,0,False,False,0.0,0.0,2.88,False,False,False,False,False
Gazeta.uz,https://www.gazeta.uz/ru/2026/07/25/dog,2026-07-25T16:48:08+05:00,66,False,True,False,193,24,True,True,2,False,False,False,False,False,1,1.0,0,0,False,False,0,0,False,False,0.0,0.0,2.75,False,False,False,False,False
Gazeta.uz,https://www.gazeta.uz/ru/2026/07/26/floating,2026-07-26T14:07:32+05:00,69,False,True,False,289,46,False,False,2,False,False,False,False,True,3,0.667,1,0,True,False,0,0,False,False,0.0,0.0,2.93,False,False,False,False,False
Gazeta.uz,https://www.gazeta.uz/ru/2026/07/27/weather,2026-07-27T11:22:56+05:00,55,True,False,False,107,14,False,True,1,True,False,False,False,False,1,1.0,0,0,False,False,0,0,False,False,0.0,0.0,2.59,False,False,False,False,False
Gazeta.uz,https://www.gazeta.uz/ru/2026/07/27/hidden-documents-uzb,2026-07-27T13:04:56+05:00,77,False,True,False,191,28,True,True,2,False,False,False,False,False,2,1.0,0,0,False,False,0,0,False,False,0.0,0.0,2.64,False,False,False,False,False
Gazeta.uz,https://www.gazeta.uz/ru/2026/07/27/energy-inspection,2026-07-27T15:01:11+05:00,47,True,False,False,276,30,True,False,2,False,False,False,False,False,1,1.0,0,0,False,False,0,0,False,False,0.0,0.0,3.24,False,False,False,False,False
Gazeta.uz,https://www.gazeta.uz/ru/2026/07/27/detained,2026-07-27T21:29:00+05:00,79,False,True,False,234,31,True,True,2,False,False,False,False,False,5,0.8,1,0,True,False,0,0,False,False,0.0,0.0,2.51,False,False,False,False,False
Gazeta.uz,https://www.gazeta.uz/ru/2026/07/28/fido-biznes,2026-07-28T11:00:20+05:00,95,False,False,True,476,55,False,False,2,False,False,False,False,True,2,0.0,2,0,True,False,0,0,False,False,0.0,0.0,3.02,False,False,False,False,False
Gazeta.uz,https://www.gazeta.uz/ru/2026/07/28/visit,2026-07-28T16:35:33+05:00,53,True,False,False,100,10,False,True,1,True,False,False,False,False,6,0.667,2,0,True,False,0,1,False,True,0.0,3.69,2.78,False,False,False,False,False
Gazeta.uz,https://www.gazeta.uz/ru/2026/07/28/children,2026-07-28T17:27:04+05:00,72,False,True,False,200,26,True,True,2,False,False,False,False,False,3,0.333,1,1,True,True,0,0,False,False,0.0,0.0,3.01,False,False,False,False,False
Gazeta.uz,https://www.gazeta.uz/ru/2026/07/28/bekmurod-abdullaev,2026-07-28T20:29:08+05:00,83,False,True,False,264,33,True,False,1,True,False,False,False,False,1,1.0,0,0,False,False,0,0,False,False,0.0,0.0,2.89,False,False,False,False,False
Gazeta.uz,https://www.gazeta.uz/ru/2026/07/29/mobiuz,2026-07-29T09:00:54+05:00,77,False,True,False,209,25,True,True,2,False,False,False,False,False,0,,0,0,False,False,0,0,False,False,0.0,0.0,2.61,False,False,False,False,False
Gazeta.uz,https://www.gazeta.uz/ru/2026/07/29/open-budget,2026-07-29T11:05:50+05:00,73,False,True,False,209,24,True,True,1,True,False,False,False,False,1,0.0,1,0,True,False,0,0,False,False,0.0,0.0,2.85,False,False,False,False,False
Gazeta.uz,https://www.gazeta.uz/ru/2026/07/29/cb-rate,2026-07-29T11:33:45+05:00,69,False,True,False,173,22,True,True,1,True,False,False,False,False,3,1.0,0,0,False,False,1,0,True,False,2.15,0.0,3.09,False,False,False,False,False
Gazeta.uz,https://www.gazeta.uz/ru/2026/07/29/tashtech,2026-07-29T13:00:39+05:00,94,False,False,True,314,44,False,False,3,False,False,False,False,True,1,1.0,0,0,False,False,0,0,False,False,0.0,0.0,2.62,False,False,False,False,False
Gazeta.uz,https://www.gazeta.uz/ru/2026/07/29/tournament,2026-07-29T19:17:15+05:00,65,False,True,False,194,23,True,True,2,False,False,False,False,False,1,1.0,0,0,False,False,0,1,False,True,0.0,8.47,3.14,False,False,False,False,False
Gazeta.uz,https://www.gazeta.uz/ru/2026/07/30/cooperation,2026-07-30T15:39:33+05:00,106,False,False,True,203,27,True,True,2,False,False,False,False,False,5,0.4,3,0,True,False,0,0,False,False,0.0,0.0,2.98,False,False,False,False,False
Gazeta.uz,https://www.gazeta.uz/ru/2026/07/30/uzcard,2026-07-30T17:00:04+05:00,102,False,False,True,359,42,False,False,2,False,False,False,False,True,1,0.0,1,0,True,False,0,0,False,False,0.0,0.0,3.01,False,False,False,False,False
Gazeta.uz,https://www.gazeta.uz/ru/2026/07/30/uzb-kg,2026-07-30T17:34:08+05:00,121,False,False,True,304,42,False,False,2,False,False,False,False,True,8,0.75,1,1,True,True,0,2,False,True,0.0,4.02,2.77,False,False,False,False,False
Gazeta.uz,https://www.gazeta.uz/ru/2026/07/30/august,2026-07-30T17:56:53+05:00,40,True,False,False,192,26,True,True,2,False,False,False,False,False,0,,0,0,False,False,1,0,True,False,1.34,0.0,2.77,False,False,False,False,False
Gazeta.uz,https://www.gazeta.uz/ru/2026/07/30/tickets,2026-07-30T19:23:13+05:00,94,False,False,True,245,32,True,True,3,False,False,False,False,False,1,1.0,0,0,False,False,0,0,False,False,0.0,0.0,2.84,False,False,False,False,False
Gazeta.uz,https://www.gazeta.uz/ru/2026/07/30/agrobank,2026-07-30T21:00:22+05:00,76,False,True,False,189,28,True,True,2,False,False,False,False,False,0,,0,0,False,False,0,1,False,True,0.0,1.57,2.85,False,False,False,False,False
Gazeta.uz,https://www.gazeta.uz/ru/2026/07/31/mahallas,2026-07-31T11:57:19+05:00,98,False,False,True,441,56,False,False,3,False,False,False,False,True,6,0.833,1,0,True,False,0,2,False,True,0.0,3.91,2.84,False,False,False,False,False
Gazeta.uz,https://www.gazeta.uz/ru/2026/07/31/akkurgan-mahalla,2026-07-31T12:50:56+05:00,99,False,False,True,224,28,True,True,2,False,False,False,False,False,20,0.6,2,6,True,True,0,0,False,False,0.0,0.0,2.84,False,False,False,False,False
Gazeta.uz,https://www.gazeta.uz/ru/2026/07/31/uzum-market,2026-07-31T13:00:24+05:00,98,False,False,True,369,60,False,False,3,False,False,False,False,True,0,,0,0,False,False,0,0,False,False,0.0,0.0,2.49,False,False,False,False,False
Gazeta.uz,https://www.gazeta.uz/ru/2026/07/31/return-to-people,2026-07-31T14:05:28+05:00,94,False,False,True,331,40,False,False,2,False,True,False,False,False,6,1.0,0,0,False,False,0,1,False,True,0.0,2.4,2.71,False,False,False,False,False
Gazeta.uz,https://www.gazeta.uz/ru/2026/07/31/quake,2026-07-31T16:37:32+05:00,66,False,True,False,116,20,True,True,1,True,False,False,False,False,0,,0,0,False,False,0,0,False,False,0.0,0.0,2.69,False,False,False,False,False
Gazeta.uz,https://www.gazeta.uz/ru/2026/08/01/creative-park,2026-08-01T10:00:22+05:00,79,False,True,False,153,18,False,True,1,True,False,False,False,False,0,,0,0,False,False,0,0,False,False,0.0,0.0,2.95,False,False,False,False,False
Gazeta.uz,https://www.gazeta.uz/ru/2026/08/01/bus,2026-08-01T19:11:59+05:00,93,False,False,True,240,31,True,True,2,False,False,False,False,False,5,1.0,0,0,False,False,0,0,False,False,0.0,0.0,2.79,False,False,False,False,False
Gazeta.uz,https://www.gazeta.uz/ru/2026/08/01/city-heat,2026-08-01T19:35:27+05:00,99,False,False,True,187,22,True,True,1,True,False,False,False,False,13,0.846,2,0,True,False,1,0,True,False,0.59,0.0,2.66,False,False,False,False,False
Gazeta.uz,https://www.gazeta.uz/ru/2026/08/03/minister-of-energy,2026-08-03T09:10:26+05:00,80,False,True,False,252,33,True,False,2,False,False,False,False,False,6,0.833,1,0,True,False,1,1,True,True,2.87,2.87,2.99,False,False,False,False,False
Gazeta.uz,https://www.gazeta.uz/ru/2026/08/03/deportation,2026-08-03T09:53:42+05:00,48,True,False,False,138,20,True,True,1,True,False,False,False,False,1,1.0,0,0,False,False,0,0,False,False,0.0,0.0,2.97,False,False,False,False,False
Gazeta.uz,https://www.gazeta.uz/ru/2026/08/03/taxes-2027,2026-08-03T13:19:21+05:00,85,False,True,False,179,25,True,True,1,True,False,False,False,False,0,,0,0,False,False,0,0,False,False,0.0,0.0,2.92,False,False,False,False,False
Gazeta.uz,https://www.gazeta.uz/ru/2026/08/03/onesec,2026-08-03T15:00:15+05:00,96,False,False,True,262,33,True,False,1,True,False,False,False,False,0,,0,0,False,False,0,0,False,False,0.0,0.0,3.31,False,False,False,False,False
Gazeta.uz,https://www.gazeta.uz/ru/2026/08/03/bullying,2026-08-03T16:02:07+05:00,86,False,True,False,268,36,False,False,1,True,False,False,False,False,10,0.5,4,1,True,True,0,0,False,False,0.0,0.0,2.53,False,False,False,False,False
Gazeta.uz,https://www.gazeta.uz/ru/2026/08/03/harassment,2026-08-03T19:07:25+05:00,96,False,False,True,192,20,True,True,2,False,False,False,False,False,6,0.667,1,1,True,True,0,1,False,True,0.0,2.6,2.93,False,False,False,False,False
Gazeta.uz,https://www.gazeta.uz/ru/2026/08/04/byd,2026-08-04T15:00:41+05:00,100,False,False,True,204,31,True,True,1,True,False,False,False,False,0,,0,0,False,False,0,0,False,False,0.0,0.0,2.76,False,False,False,False,False
Gazeta.uz,https://www.gazeta.uz/ru/2026/08/04/criminal-code,2026-08-04T16:07:06+05:00,97,False,False,True,351,47,False,False,2,False,False,False,False,True,10,0.4,4,2,True,True,0,0,False,False,0.0,0.0,2.89,False,False,False,False,False
Gazeta.uz,https://www.gazeta.uz/ru/2026/08/04/kia,2026-08-04T17:00:56+05:00,91,False,False,True,285,36,False,False,2,False,False,False,False,False,0,,0,0,False,False,0,0,False,False,0.0,0.0,2.74,False,False,False,False,False
Gazeta.uz,https://www.gazeta.uz/ru/2026/08/04/administration-uzb,2026-08-04T19:13:49+05:00,67,False,True,False,221,26,True,True,2,False,False,False,False,False,15,0.733,4,0,True,False,0,0,False,False,0.0,0.0,3.17,False,False,False,False,False
Gazeta.uz,https://www.gazeta.uz/ru/2026/08/05/engelberg,2026-08-05T15:00:13+05:00,84,False,True,False,318,36,False,False,2,False,False,False,False,False,0,,0,0,False,False,0,0,False,False,0.0,0.0,3.04,False,False,False,False,False
Gazeta.uz,https://www.gazeta.uz/ru/2026/08/05/smuggling,2026-08-05T17:33:58+05:00,73,False,True,False,202,24,True,True,1,True,False,False,False,False,2,0.5,1,0,True,False,0,0,False,False,0.0,0.0,2.88,False,False,False,False,False
Gazeta.uz,https://www.gazeta.uz/ru/2026/08/05/embezzlement,2026-08-05T17:48:12+05:00,56,True,False,False,205,25,True,True,1,True,False,False,False,False,1,1.0,0,0,False,False,0,0,False,False,0.0,0.0,2.93,False,False,False,False,False
Gazeta.uz,https://www.gazeta.uz/ru/2026/08/05/livestock-farming,2026-08-05T20:28:11+05:00,79,False,True,False,308,38,False,False,2,False,False,False,False,False,0,,0,0,False,False,0,0,False,False,0.0,0.0,2.98,False,False,False,False,False
Gazeta.uz,https://www.gazeta.uz/ru/2026/08/06/deposits,2026-08-06T11:37:57+05:00,80,False,True,False,149,23,True,True,1,True,False,False,False,False,0,,0,0,False,False,1,0,True,False,1.56,0.0,2.48,False,False,False,False,False
Gazeta.uz,https://www.gazeta.uz/ru/2026/08/06/rahmat,2026-08-06T13:00:48+05:00,63,False,True,False,364,41,False,False,3,False,False,False,False,True,0,,0,0,False,False,0,0,False,False,0.0,0.0,2.9,False,False,False,False,False
Gazeta.uz,https://www.gazeta.uz/ru/2026/08/06/tbc-bank,2026-08-06T17:00:35+05:00,80,False,True,False,283,42,False,False,1,True,False,False,False,True,4,1.0,0,0,False,False,1,0,True,False,1.29,0.0,2.56,False,False,False,False,False
Gazeta.uz,https://www.gazeta.uz/ru/2026/08/06/rescue,2026-08-06T20:12:05+05:00,53,True,False,False,192,24,True,True,2,False,False,False,False,False,2,1.0,0,0,False,False,0,0,False,False,0.0,0.0,2.57,False,False,False,False,False
Gazeta.uz,https://www.gazeta.uz/ru/2026/08/06/uzcard,2026-08-06T21:00:14+05:00,71,False,True,False,569,65,False,False,2,False,False,False,False,True,0,,0,0,False,False,0,0,False,False,0.0,0.0,3.26,False,False,False,False,False
Gazeta.uz,https://www.gazeta.uz/ru/2026/08/07/weather,2026-08-07T11:42:45+05:00,48,True,False,False,121,14,False,True,1,True,False,False,False,False,1,1.0,0,0,False,False,0,0,False,False,0.0,0.0,2.66,False,False,False,False,False
Gazeta.uz,https://www.gazeta.uz/ru/2026/08/07/birthright-citizenship,2026-08-07T14:02:07+05:00,98,False,False,True,200,29,True,True,1,True,False,False,False,False,2,1.0,0,0,False,False,0,0,False,False,0.0,0.0,2.58,False,False,False,False,False
Gazeta.uz,https://www.gazeta.uz/ru/2026/08/07/us-call,2026-08-07T19:56:02+05:00,56,True,False,False,166,20,True,True,2,False,False,False,False,False,5,0.4,3,0,True,False,0,0,False,False,0.0,0.0,3.41,False,False,False,False,False
Kun.uz,https://kun.uz/ru/news/2026/07/08/mvf-priznal-plavayushchiy-rejim-valyutnogo-kursa-v-uzbekistane-92ce49,2026-07-08T14:35:10+05:00,57,True,False,False,81,15,False,True,1,True,False,False,False,False,0,,0,0,False,False,0,0,False,False,0.0,0.0,3.21,False,False,False,False,False
Kun.uz,https://kun.uz/ru/news/2026/07/08/v-buxare-indiyskiy-student-ubil-svoyu-sootechestvennitsu-0d7233,2026-07-08T14:40:00+05:00,53,True,False,False,136,19,False,True,1,True,False,False,False,False,0,,0,0,False,False,0,0,False,False,0.0,0.0,3.17,False,False,False,False,False
Kun.uz,https://kun.uz/ru/news/2026/07/08/my-mojyem-poteryat-brend-tashkenta-sozdannyy-po-krupitsam-teplichnik-ob-alternativnyx-resheniyax-5e6106,2026-07-08T15:35:13+05:00,96,False,False,True,284,35,True,False,2,False,False,False,False,False,1,0.0,0,1,False,True,0,0,False,False,0.0,0.0,2.91,False,False,False,False,False
Kun.uz,https://kun.uz/ru/news/2026/07/08/grajdaninu-uzbekistana-pomogli-vernutsya-na-rodinu-iz-serbii-ff7a5a,2026-07-08T17:54:06+05:00,60,True,False,False,673,82,False,False,4,False,False,False,False,True,0,,0,0,False,False,0,1,False,True,0.0,12.2,3.06,False,False,False,False,False
Kun.uz,https://kun.uz/ru/news/2026/07/08/abituriyentam-osvobojdyonnym-ot-testirovaniya-propusk-ne-vydayotsya-3cbd0a,2026-07-08T19:40:52+05:00,64,False,True,False,325,41,False,False,2,False,False,False,False,True,0,,0,0,False,False,0,0,False,False,0.0,0.0,3.07,False,False,False,False,False
Kun.uz,https://kun.uz/ru/news/2026/07/08/v-tashkente-v-dtp-s-uchastiyem-podrostka-pogibli-dva-cheloveka-42da13,2026-07-08T19:52:23+05:00,58,True,False,False,1632,214,False,False,15,False,False,False,False,True,6,0.833,1,0,True,False,0,0,False,False,0.0,0.0,2.75,False,False,False,False,False
Kun.uz,https://kun.uz/ru/news/2026/07/08/v-uzbekistane-import-tyagachey-i-polupritsepov-osvobodili-ot-poshlin-i-utilsbora-do-konsa-2027-goda-826a54,2026-07-08T21:46:27+05:00,96,False,False,True,1153,157,False,False,7,False,False,False,False,True,0,,0,0,False,False,0,0,False,False,0.0,0.0,2.85,False,False,False,False,False
Kun.uz,https://kun.uz/ru/news/2026/07/08/mejdunarodnyye-rezervy-uzbekistana-na-1-iyulya-sokratilis-do-6376-mlrd-dollarov-fb8830,2026-07-08T22:57:53+05:00,78,False,True,False,493,81,False,False,4,False,False,False,False,True,0,,0,0,False,False,0,0,False,False,0.0,0.0,2.22,False,False,False,False,False
Kun.uz,https://kun.uz/ru/news/2026/07/09/k-2030-godu-defitsit-vody-dostignet-15-mlrd-kubometrov-ministr-vodnogo-xozyaystva-shavkat-xamroyev-80237d,2026-07-09T00:11:32+05:00,98,False,False,True,428,56,False,False,4,False,False,False,False,True,4,0.75,0,1,False,True,0,0,False,False,0.0,0.0,2.62,False,False,False,False,False
Kun.uz,https://kun.uz/ru/news/2026/07/09/vmesto-ekologicheskogo-sbora-vaucher-na-novyy-avtomobil-proyekt-utilizatsii-peresmotren-84cb68,2026-07-09T16:33:56+05:00,87,False,True,False,419,54,False,False,3,False,False,False,False,True,0,,0,0,False,False,0,1,False,True,0.0,1.61,2.96,False,False,False,False,False
Kun.uz,https://kun.uz/ru/news/2026/07/09/utverjdeny-pravila-deyatelnosti-spetsmayning-zony-besqala-mining-valley-v-karakalpakstane-776a5b,2026-07-09T19:18:01+05:00,88,False,True,False,1327,145,False,False,8,False,False,False,False,True,1,1.0,0,0,False,False,1,0,True,False,6.9,0.0,3.55,False,False,False,False,False
Kun.uz,https://kun.uz/ru/news/2026/07/09/senatory-odobrili-konstitutsionnyy-zakon-o-tashkenskom-mejdunarodnom-finansovom-sentre-38245c,2026-07-09T20:26:28+05:00,87,False,True,False,1282,145,False,False,7,False,False,False,False,True,1,1.0,0,0,False,False,0,0,False,False,0.0,0.0,3.27,False,False,False,False,False
Kun.uz,https://kun.uz/ru/news/2026/07/09/uzbekistan-i-belarus-vyveli-otnosheniya-na-uroven-strategicheskogo-partnerstva-afab01,2026-07-09T22:50:36+05:00,77,False,True,False,93,13,False,True,2,False,False,False,False,False,0,,0,0,False,False,0,0,False,False,0.0,0.0,3.17,False,False,False,False,False
Kun.uz,https://kun.uz/ru/news/2026/07/10/na-podstansii-v-tashkente-proizoshla-avariya-oboshlos-bez-postradavshix-188df6,2026-07-10T14:38:00+05:00,68,False,True,False,221,28,True,True,1,True,False,False,False,False,0,,0,0,False,False,0,0,False,False,0.0,0.0,3.04,False,False,False,False,False
Kun.uz,https://kun.uz/ru/news/2026/07/10/lukashenko-my-xotim-videt-uzbekskiye-semi-v-belarusi-fd9258,2026-07-10T15:54:46+05:00,55,True,False,False,184,24,True,True,1,True,False,False,False,False,3,0.667,1,0,True,False,0,1,False,True,0.0,6.17,2.91,False,False,False,False,False
Kun.uz,https://kun.uz/ru/news/2026/07/10/shavkat-mirziyoyev-nagradil-generalnogo-direktora-icesco-ordenom-dustlik-a54934,2026-07-10T20:52:44+05:00,72,False,True,False,158,15,False,True,1,True,False,False,False,False,0,,0,0,False,False,0,0,False,False,0.0,0.0,3.32,False,False,False,False,False
Kun.uz,https://kun.uz/ru/news/2026/07/10/v-karmaninskom-rayone-utonuli-troye-podrostkov-kupavshixsya-v-reke-zarafshane-da5f99,2026-07-10T21:01:28+05:00,74,False,True,False,132,18,False,True,2,False,False,False,False,False,1,1.0,0,0,False,False,0,0,False,False,0.0,0.0,2.62,False,False,False,False,False
Kun.uz,https://kun.uz/ru/news/2026/07/10/prezident-vyrazil-soboleznovaniya-si-tszinpinu-0e31ae,2026-07-10T21:03:38+05:00,45,True,False,False,120,14,False,True,1,True,False,False,False,False,0,,0,0,False,False,0,0,False,False,0.0,0.0,2.62,False,False,False,False,False
Kun.uz,https://kun.uz/ru/news/2026/07/10/prezident-naznachil-novyx-zamestiteley-ministra-kultury-025efb,2026-07-10T23:22:28+05:00,55,True,False,False,80,9,False,True,1,True,False,False,False,False,0,,0,0,False,False,0,0,False,False,0.0,0.0,3.01,False,False,False,False,False
Kun.uz,https://kun.uz/ru/news/2026/07/11/stroitelstvo-jyeleznoy-dorogi-kitay-kyrgyzstan-uzbekistan-pereshlo-v-aktivnuyu-fazu-ab7f18,2026-07-11T15:08:17+05:00,87,False,True,False,502,58,False,False,4,False,False,False,False,True,3,0.333,2,0,True,False,0,1,False,True,0.0,4.85,3.03,False,False,False,False,False
Kun.uz,https://kun.uz/ru/news/2026/07/11/posol-shveytsarii-konstantin-obolenskiy-podvyol-itogi-pyatiletney-missii-v-uzbekistane-face35,2026-07-11T20:51:16+05:00,82,False,True,False,181,26,True,True,2,False,False,False,False,False,2,0.0,2,0,True,False,0,0,False,False,0.0,0.0,2.92,False,False,False,False,False
Kun.uz,https://kun.uz/ru/news/2026/07/11/na-uzbeksko-kazaxstanskoy-granitse-vnedryat-tsifrovoy-tamojyennyy-kontrol-3b4c1c,2026-07-11T21:04:01+05:00,70,False,True,False,150,20,True,True,1,True,False,False,False,False,2,0.5,1,0,True,False,0,0,False,False,0.0,0.0,3.33,False,False,False,False,False
Kun.uz,https://kun.uz/ru/news/2026/07/13/v-tashoblasti-k-otvetstvennosti-privlekli-tryox-voditeley-bez-prav-odin-iz-nix-nesovershennoletniy-0815ad,2026-07-13T15:35:18+05:00,98,False,False,True,766,93,False,False,4,False,False,False,False,True,2,0.5,1,0,True,False,0,0,False,False,0.0,0.0,2.97,False,False,False,False,False
Kun.uz,https://kun.uz/ru/news/2026/07/13/prichinu-poyavleniya-zapaxa-gari-v-tashkente-obyasnili-izmeneniyem-pogodnyx-usloviy-452351,2026-07-13T16:19:45+05:00,78,False,True,False,159,24,True,True,1,True,False,False,False,False,2,1.0,0,0,False,False,0,0,False,False,0.0,0.0,2.81,False,False,False,False,False
Kun.uz,https://kun.uz/ru/news/2026/07/13/v-xokimiyate-tashkenta-prizvali-pozabotitsya-o-jivotnyx-v-jaru-561ee6,2026-07-13T19:22:46+05:00,60,True,False,False,1422,192,False,False,12,False,False,False,False,True,4,0.25,3,0,True,False,0,0,False,False,0.0,0.0,2.64,False,False,False,False,False
Kun.uz,https://kun.uz/ru/news/2026/07/13/shavkat-mirziyoyev-oznakomilsya-s-protsessom-proizvodstva-listovogo-prokata-2852ed,2026-07-13T19:26:34+05:00,70,False,True,False,239,33,True,True,2,False,False,False,False,False,1,0.0,1,0,True,False,0,0,False,False,0.0,0.0,3.07,False,False,False,False,False
Kun.uz,https://kun.uz/ru/news/2026/07/13/uzbekistan-raspolagayet-15-mlrd-tonn-zapasov-jyeleznoy-rudy-prezident-b2710d,2026-07-13T20:41:36+05:00,70,False,True,False,259,29,True,False,1,True,False,False,False,False,3,0.333,2,0,True,False,0,0,False,False,0.0,0.0,2.87,False,False,False,False,False
Kun.uz,https://kun.uz/ru/news/2026/07/13/minzdrav-vypustil-rekomendatsii-iz-za-anomalnoy-jary-dba582,2026-07-13T21:00:21+05:00,52,True,False,False,2296,293,False,False,15,False,False,False,False,True,3,0.0,3,0,True,False,0,0,False,False,0.0,0.0,2.92,False,False,False,False,False
Kun.uz,https://kun.uz/ru/news/2026/07/14/boleye-10-000-sluchayev-izbytochnoy-smertnosti-zafiksirovano-v-yevrope-iz-za-iyunskoy-jary-97aeac,2026-07-14T17:58:00+05:00,85,False,True,False,1893,238,False,False,11,False,False,False,False,True,1,1.0,0,0,False,False,0,0,False,False,0.0,0.0,2.94,False,False,False,False,False
Kun.uz,https://kun.uz/ru/news/2026/07/14/namangan-stal-samym-bystrorastushchim-i-samym-plotnym-gorodom-1d381d,2026-07-14T19:00:00+05:00,58,True,False,False,158,26,True,True,2,False,False,False,False,False,0,,0,0,False,False,0,0,False,False,0.0,0.0,2.57,False,False,False,False,False
Kun.uz,https://kun.uz/ru/news/2026/07/14/v-xorezmskoy-i-nekotoryx-rayonax-navoiyskoy-oblastey-iz-za-jary-vremenno-zakryty-detskiye-sady-ac7b59,2026-07-14T20:49:14+05:00,93,False,False,True,425,49,False,False,2,False,False,False,False,True,1,1.0,0,0,False,False,0,0,False,False,0.0,0.0,3.15,False,False,False,False,False
Kun.uz,https://kun.uz/ru/news/2026/07/14/prezident-oznakomilsya-s-predlojyeniyami-po-reformirovaniyu-pensionnoy-sistemy-c7508a,2026-07-14T23:20:17+05:00,74,False,True,False,171,18,False,True,1,True,False,False,False,False,2,0.5,1,0,True,False,0,0,False,False,0.0,0.0,2.86,False,False,False,False,False
Kun.uz,https://kun.uz/ru/news/2026/07/15/prezident-uzbekistana-pribyl-v-katar-ceb350,2026-07-15T01:19:01+05:00,36,True,False,False,173,21,True,True,1,True,False,False,False,False,1,1.0,0,0,False,False,0,0,False,False,0.0,0.0,2.49,False,False,False,False,False
Kun.uz,https://kun.uz/ru/news/2026/07/15/v-dvux-rayonax-tashkenskoy-oblasti-naznacheny-novyye-xokimy-71b0a8,2026-07-15T14:41:22+05:00,57,True,False,False,265,35,True,False,2,False,False,False,False,False,0,,0,0,False,False,0,0,False,False,0.0,0.0,3.11,False,False,False,False,False
Kun.uz,https://kun.uz/ru/news/2026/07/15/v-kuveyte-obsudili-vozmojnost-uproshcheniya-vizovyx-protsedur-dlya-uzbekistansev-ac08d3,2026-07-15T17:10:20+05:00,75,False,True,False,868,96,False,False,5,False,False,False,False,True,1,0.0,1,0,True,False,0,0,False,False,0.0,0.0,3.38,False,False,False,False,False
Kun.uz,https://kun.uz/ru/news/2026/07/15/v-44-gradusnuyu-jaru-rabotodatelyam-predyavili-novyye-trebovaniya-e2abff,2026-07-15T19:15:30+05:00,61,False,True,False,156,20,True,True,1,True,False,False,False,False,2,0.5,1,0,True,False,0,0,False,False,0.0,0.0,2.95,False,False,False,False,False
Kun.uz,https://kun.uz/ru/news/2026/07/15/startoval-novyy-sezon-initsiativnogo-budjeta-68bf4a,2026-07-15T20:48:25+05:00,45,True,False,False,240,32,True,True,2,False,False,False,False,False,1,1.0,0,0,False,False,0,0,False,False,0.0,0.0,2.83,False,False,False,False,False
Kun.uz,https://kun.uz/ru/news/2026/07/16/uznat-svoi-telefonnyye-nomera-i-bankovskiye-karty-mojno-budet-cherez-portal-gosuslug-096e52,2026-07-16T14:39:23+05:00,82,False,True,False,96,14,False,True,1,True,False,False,False,False,0,,0,0,False,False,0,0,False,False,0.0,0.0,3.03,False,False,False,False,False
Kun.uz,https://kun.uz/ru/news/2026/07/16/prezident-poruchil-regionam-otobrat-po-30-predprinimateley-dlya-realizatsii-proyektov-v-belarusi-d70943,2026-07-16T14:40:11+05:00,93,False,False,True,485,62,False,False,2,False,False,False,False,True,1,0.0,1,0,True,False,0,1,False,True,0.0,1.87,3.07,False,False,False,False,False
Kun.uz,https://kun.uz/ru/news/2026/07/16/propan-v-uzbekistane-za-god-podorojal-na-411-tsentralnyy-bank-62be38,2026-07-16T15:32:25+05:00,65,False,True,False,617,96,False,False,4,False,False,False,False,True,0,,0,0,False,False,0,0,False,False,0.0,0.0,2.57,False,False,False,False,False
Kun.uz,https://kun.uz/ru/news/2026/07/16/v-rossii-planiruyut-obyazat-migrantov-priobretat-telefony-s-elektronnym-profilem-51d54e,2026-07-16T16:43:11+05:00,80,False,True,False,1546,211,False,False,13,False,False,False,False,True,1,1.0,0,0,False,False,0,0,False,False,0.0,0.0,2.77,False,False,False,False,False
Kun.uz,https://kun.uz/ru/news/2026/07/16/kokandskiy-patyr-poluchil-status-geograficheskogo-ukazaniya-25ff3a,2026-07-16T17:00:05+05:00,56,True,False,False,764,87,False,False,4,False,False,False,False,True,0,,0,0,False,False,0,0,False,False,0.0,0.0,3.26,False,False,False,False,False
Kun.uz,https://kun.uz/ru/news/2026/07/16/utverjdeniya-chto-elektromobili-vyzyvayut-rak-absolyutno-bezosnovatelny-ekspert-390fec,2026-07-16T17:30:54+05:00,82,False,True,False,334,37,False,False,5,False,False,False,False,False,0,,0,0,False,False,0,0,False,False,0.0,0.0,2.99,False,False,False,False,False
Kun.uz,https://kun.uz/ru/news/2026/07/16/posetitel-tashkenskogo-zooparka-neskolko-raz-plyunuvshiy-v-storonu-lva-prinyos-izvineniya-b7cf0f,2026-07-16T21:00:20+05:00,90,False,True,False,1167,157,False,False,8,False,False,False,False,True,3,0.333,1,1,True,True,0,0,False,False,0.0,0.0,2.89,False,False,False,False,False
Kun.uz,https://kun.uz/ru/news/2026/07/17/iz-za-anomalnoy-jary-ogranichat-skorost-dvijyeniya-poyezdov-02dd5c,2026-07-17T14:32:00+05:00,57,True,False,False,149,15,False,True,1,True,False,False,False,False,2,0.5,1,0,True,False,0,0,False,False,0.0,0.0,3.08,False,False,False,False,False
Kun.uz,https://kun.uz/ru/news/2026/07/17/afganistan-oproverg-soobshcheniya-o-zayavleniyax-v-adres-uzbekistana-2c2143,2026-07-17T14:54:50+05:00,62,False,True,False,334,45,False,False,2,False,False,False,False,True,3,1.0,0,0,False,False,0,0,False,False,0.0,0.0,2.92,False,False,False,False,False
Kun.uz,https://kun.uz/ru/news/2026/07/17/kasayetsya-tolko-tex-u-kogo-net-smartfona-mid-uzbekistana-o-novyx-trebovaniyax-rossii-k-migrantam-732d74,2026-07-17T18:20:00+05:00,100,False,False,True,166,19,False,True,1,True,False,False,False,False,2,1.0,0,0,False,False,0,0,False,False,0.0,0.0,2.95,False,False,False,False,False
Kun.uz,https://kun.uz/ru/news/2026/07/17/iz-za-rekordnoy-jary-v-uzbekistane-vvodyatsya-vremennyye-otklyucheniya-elektroenergii-82f7e7,2026-07-17T19:07:59+05:00,79,False,True,False,313,42,False,False,3,False,False,False,False,True,1,1.0,0,0,False,False,0,0,False,False,0.0,0.0,3.15,False,False,False,False,False
Kun.uz,https://kun.uz/ru/news/2026/07/17/xokimiyat-nameren-otozvat-reklamnyye-pasporta-vydannyye-do-2034-goda-predprinimatel-osparivayet-eto--435019,2026-07-17T21:24:15+05:00,107,False,False,True,296,37,False,False,3,False,False,False,False,False,8,0.625,0,3,False,True,0,0,False,False,0.0,0.0,2.99,False,False,False,False,False
Kun.uz,https://kun.uz/ru/news/2026/07/18/utverjdeny-kvoty-priyoma-v-vuzy-na-20262027-uchebnyy-god-1026e4,2026-07-18T14:40:42+05:00,55,True,False,False,194,37,False,True,2,False,False,False,False,False,0,,0,0,False,False,1,0,True,False,3.53,0.0,2.68,False,False,False,False,False
Kun.uz,https://kun.uz/ru/news/2026/07/18/zaderjana-prestupnaya-gruppa-poxitivshaya-boleye-1-mlrd-sumov-cherez-poddelnyy-sayt-mygov-33b066,2026-07-18T15:39:29+05:00,86,False,True,False,186,22,True,True,1,True,False,False,False,False,1,1.0,0,0,False,False,0,0,False,False,0.0,0.0,2.77,False,False,False,False,False
Kun.uz,https://kun.uz/ru/news/2026/07/18/na-kolsevoy-linii-metro-tashkenta-provedut-obsledovaniye-vsex-stansiy-b70219,2026-07-18T16:39:58+05:00,68,False,True,False,171,28,True,True,1,True,False,False,False,False,1,0.0,1,0,True,False,0,1,False,True,0.0,8.33,3.14,False,False,False,False,False
Kun.uz,https://kun.uz/ru/news/2026/07/19/gromkoye-naznacheniye-otklyucheniya-sveta-rekordnaya-jara-i-reforma-pensiy-novosti-nedeli,2026-07-19T16:36:53+05:00,86,False,True,False,610,76,False,False,7,False,False,False,False,True,10,0.4,3,3,True,True,0,0,False,False,0.0,0.0,2.81,False,False,False,False,False
Kun.uz,https://kun.uz/ru/news/2026/07/20/alen-berse-prizval-fifa-zaklyuchit-mejdunarodnoye-soglasheniye-po-integriti-v-sporte,2026-07-20T12:49:00+05:00,80,False,True,False,2026,287,False,False,10,False,True,False,False,True,5,0.4,3,0,True,False,0,0,False,False,0.0,0.0,2.56,False,False,False,False,False
Kun.uz,https://kun.uz/ru/news/2026/07/20/uzbekistan-za-polgoda-posetili-656-mln-turistov,2026-07-20T12:55:00+05:00,48,True,False,False,398,60,False,False,1,True,False,False,False,True,0,,0,0,False,False,0,0,False,False,0.0,0.0,2.35,True,False,False,False,False
Kun.uz,https://kun.uz/ru/news/2026/07/20/v-uzgidromete-predupredili-ob-opasnosti-seley-i-pavodkov,2026-07-20T14:18:00+05:00,56,True,False,False,1016,113,False,False,1,True,False,False,False,True,0,,0,0,False,False,0,0,False,False,0.0,0.0,3.03,False,False,False,False,False
Kun.uz,https://kun.uz/ru/news/2026/07/20/na-perevale-kamchik-obrushili-neustoychivyye-kamni-na-gornyx-sklonax,2026-07-20T16:04:00+05:00,64,False,True,False,141,17,False,True,1,True,False,False,False,False,1,1.0,0,0,False,False,0,0,False,False,0.0,0.0,2.79,False,False,False,False,False
Kun.uz,https://kun.uz/ru/news/2026/07/20/vyyavleno-krupnoye-moshennichestvo-s-falshivymi-chekami-na-19-mlrd-sumov,2026-07-20T21:00:00+05:00,68,False,True,False,210,27,True,True,1,True,False,False,False,False,0,,0,0,False,False,0,0,False,False,0.0,0.0,2.62,False,False,False,False,False
Kun.uz,https://kun.uz/ru/news/2026/07/20/odilxon-ismoilov-prigovoryon-k-pochti-8-godam-zaklyucheniya,2026-07-20T22:17:00+05:00,54,True,False,False,114,15,False,True,1,True,False,False,False,False,1,1.0,0,0,False,False,0,0,False,False,0.0,0.0,2.76,False,False,False,False,False
Kun.uz,https://kun.uz/ru/news/2026/07/21/sbornaya-uzbekistana-opustilas-na-10-strochek-v-reytinge-fifa,2026-07-21T09:25:00+05:00,60,True,False,False,109,13,False,True,1,True,False,False,False,False,1,1.0,0,0,False,False,0,0,False,False,0.0,0.0,2.43,False,False,False,False,False
Kun.uz,https://kun.uz/ru/news/2026/07/21/v-djizakskoy-oblasti-utonuli-tri-devushki-podrostka,2026-07-21T10:03:00+05:00,50,True,False,False,200,25,True,True,2,False,False,False,False,False,0,,0,0,False,False,0,0,False,False,0.0,0.0,3.21,False,False,False,False,False
Kun.uz,https://kun.uz/ru/news/2026/07/21/zayomshchiki-tratyat-na-pogasheniye-dolgov-boleye-poloviny-svoyego-doxoda,2026-07-21T15:39:00+05:00,64,False,True,False,158,22,True,True,1,True,False,False,False,False,3,1.0,0,0,False,False,0,0,False,False,0.0,0.0,2.76,False,False,False,False,False
Kun.uz,https://kun.uz/ru/news/2026/07/21/v-tashkente-cherez-poddelnyye-cheki-poxitili-14-mlrd-sumov-keshbeka,2026-07-21T15:57:00+05:00,64,False,True,False,213,25,True,True,1,True,False,False,False,False,0,,0,0,False,False,0,0,False,False,0.0,0.0,2.7,False,False,False,False,False
Kun.uz,https://kun.uz/ru/news/2026/07/21/prezident-nedovolen-rabotoy-bankov-v-maxallyax,2026-07-21T17:19:00+05:00,45,True,False,False,105,14,False,True,1,True,False,False,False,False,1,1.0,0,0,False,False,0,0,False,False,0.0,0.0,2.99,False,False,False,False,False
Kun.uz,https://kun.uz/ru/news/2026/07/21/prezident-poruchil-sokratit-shtrafy-i-sbory-dlya-predprinimateley,2026-07-21T17:49:00+05:00,63,False,True,False,1011,127,False,False,3,False,False,False,False,True,1,0.0,1,0,True,False,0,1,False,True,0.0,7.63,2.92,False,False,False,False,False
Kun.uz,https://kun.uz/ru/news/2026/07/22/uzbekistansev-otpravyat-na-rabotu-na-avtomobilnyy-zavod-v-minske,2026-07-22T09:56:00+05:00,64,False,True,False,123,16,False,True,1,True,False,False,False,False,0,,0,0,False,False,0,0,False,False,0.0,0.0,3.26,False,False,False,False,False
Kun.uz,https://kun.uz/ru/news/2026/07/22/v-tashkente-v-kanale-yukori-bozsu-utonul-chelovek,2026-07-22T10:10:00+05:00,46,True,False,False,693,89,False,False,2,False,False,False,False,True,1,1.0,0,0,False,False,0,0,False,False,0.0,0.0,2.82,False,False,False,False,False
Kun.uz,https://kun.uz/ru/news/2026/07/22/ugolovnoye-delo-byvshego-predsedatelya-uzbekneftegaza-baxodira-siddikova-napravleno-v-sud,2026-07-22T14:18:00+05:00,88,False,True,False,103,13,False,True,1,True,False,False,False,False,3,1.0,0,0,False,False,0,0,False,False,0.0,0.0,2.8,False,False,False,False,False
Kun.uz,https://kun.uz/ru/news/2026/07/22/na-trasse-tashkent-nurafshan-postroyen-sovremennyy-puteprovod,2026-07-22T17:49:00+05:00,60,True,False,False,178,24,True,True,1,True,False,False,False,False,2,1.0,0,0,False,False,0,0,False,False,0.0,0.0,2.95,False,False,False,False,False
Kun.uz,https://kun.uz/ru/news/2026/07/24/v-dvux-muzeyax-obnarujyena-propaja-boleye-500-eksponatov,2026-07-24T11:01:00+05:00,53,True,False,False,137,16,False,True,1,True,False,False,False,False,0,,0,0,False,False,0,1,False,True,0.0,10.42,3.17,False,False,False,False,False
Kun.uz,https://kun.uz/ru/news/2026/07/24/glavnyy-prioritet-vernut-stolitse-status-zelyonogo-goroda-saida-mirziyoyeva,2026-07-24T17:42:00+05:00,79,False,True,False,211,25,True,True,1,True,False,False,False,False,1,1.0,0,0,False,False,0,0,False,False,0.0,0.0,2.99,False,False,False,False,False
Kun.uz,https://kun.uz/ru/news/2026/07/24/predpriyatiya-i-organizatsii-belarusi-predlagayut-rabotu-dlya-uzbekistansev,2026-07-24T19:30:00+05:00,70,False,True,False,259,27,True,False,1,True,False,False,False,False,1,1.0,0,0,False,False,0,0,False,False,0.0,0.0,3.09,False,False,False,False,False
Kun.uz,https://kun.uz/ru/news/2026/07/25/utverjdyon-generalnyy-plan-buxary,2026-07-25T11:32:00+05:00,33,True,False,False,70,7,False,True,1,True,False,False,False,False,0,,0,0,False,False,1,0,True,False,7.46,0.0,2.79,False,False,False,False,False
Kun.uz,https://kun.uz/ru/news/2026/07/27/bolshe-vsego-dtp-v-uzbekistane-v-pervom-polugodii-proizoshlo-v-tashkente,2026-07-27T11:17:00+05:00,70,False,True,False,650,96,False,False,2,False,False,False,False,True,0,,0,0,False,False,0,0,False,False,0.0,0.0,2.76,False,False,False,False,False
Kun.uz,https://kun.uz/ru/news/2026/07/27/dualnoye-obucheniye-oxvatit-studentov-starshix-kursov-po-energetike,2026-07-27T17:30:00+05:00,64,False,True,False,1124,142,False,False,5,False,True,False,False,True,1,0.0,1,0,True,False,0,0,False,False,0.0,0.0,2.91,False,False,False,False,False
Kun.uz,https://kun.uz/ru/news/2026/07/27/energosistemu-uzbekistana-podvergnut-stress-auditu,2026-07-27T17:59:00+05:00,50,True,False,False,1348,162,False,False,4,False,False,False,False,True,0,,0,0,False,False,0,0,False,False,0.0,0.0,3.02,False,False,False,False,False
Kun.uz,https://kun.uz/ru/news/2026/07/28/kriminalnyy-avtoritet-jora-tashkenskiy-zaderjan-v-yegipte,2026-07-28T09:40:00+05:00,59,True,False,False,131,18,False,True,1,True,False,False,False,False,1,1.0,0,0,False,False,0,0,False,False,0.0,0.0,2.54,False,False,False,False,False
Kun.uz,https://kun.uz/ru/news/2026/07/28/afganistan-mojyet-nachat-eksport-kartofelya-v-uzbekistan,2026-07-28T10:53:00+05:00,54,True,False,False,111,14,False,True,1,True,False,False,False,False,0,,0,0,False,False,0,0,False,False,0.0,0.0,3.14,False,False,False,False,False
Kun.uz,https://kun.uz/ru/news/2026/07/28/v-samarkande-konflikt-mejdu-sosedyami-zavershilsya-gruppovym-izbiyeniyem,2026-07-28T11:38:00+05:00,67,False,True,False,91,12,False,True,1,True,False,False,False,False,1,1.0,0,0,False,False,0,0,False,False,0.0,0.0,2.44,False,False,False,False,False
Kun.uz,https://kun.uz/ru/news/2026/07/28/komitet-po-konkurensii-vystupil-s-preduprejdeniyem-po-povodu-initsiativnogo-byudjyeta,2026-07-28T14:59:00+05:00,83,False,True,False,132,17,False,True,1,True,False,False,False,False,0,,0,0,False,False,0,0,False,False,0.0,0.0,3.01,False,False,False,False,False
Kun.uz,https://kun.uz/ru/news/2026/07/28/sbornaya-uzbekistana-sygrayet-tovarishcheskiy-match-s-yujnoy-koreyey,2026-07-28T16:09:00+05:00,60,True,False,False,113,16,False,True,1,True,False,False,False,False,0,,0,0,False,False,0,0,False,False,0.0,0.0,2.82,False,False,False,False,False
Kun.uz,https://kun.uz/ru/news/2026/07/28/stansiya-metro-chinor-otkroyetsya-29-iyulya,2026-07-28T17:58:00+05:00,39,True,False,False,692,91,False,False,3,False,False,False,False,True,0,,0,0,False,False,0,0,False,False,0.0,0.0,2.79,False,False,False,False,False
Kun.uz,https://kun.uz/ru/news/2026/07/29/v-nukuse-moderniziruyut-tsentralnuyu-kotelnuyu,2026-07-29T09:28:00+05:00,44,True,False,False,133,16,False,True,1,True,False,False,False,False,1,0.0,1,0,True,False,0,0,False,False,0.0,0.0,3.27,False,False,False,False,False
Kun.uz,https://kun.uz/ru/news/2026/07/29/voditel-avtomobilya-onix-v-kotoryy-vrezalis-mototsiklisty-dps-skonchalsya-v-bolnitse,2026-07-29T12:34:00+05:00,84,False,True,False,276,40,False,False,2,False,False,False,False,False,1,1.0,0,0,False,False,0,0,False,False,0.0,0.0,2.79,False,False,False,False,False
Kun.uz,https://kun.uz/ru/news/2026/07/29/ty-vzdumal-shutit-so-mnoy-s-gosudarstvom-chinovnik-v-kashkadare-ugrojal-grajdaninu,2026-07-29T15:51:00+05:00,88,False,True,False,183,25,True,True,2,False,False,False,False,False,1,1.0,0,0,False,False,1,0,True,False,6.49,0.0,2.76,False,False,False,False,False
Kun.uz,https://kun.uz/ru/news/2026/07/29/v-sudax-tashkenta-nachalis-zakrytyye-protsessy-po-gromkim-ugolovnym-delam,2026-07-29T17:50:00+05:00,70,False,True,False,110,13,False,True,1,True,False,False,False,False,1,1.0,0,0,False,False,0,0,False,False,0.0,0.0,2.88,False,False,False,False,False
Kun.uz,https://kun.uz/ru/news/2026/07/30/v-uzbekistane-na-obshchestvennoye-obsujdeniye-vynesen-proyekt-o-novom-poryadke-otsenki-studentov,2026-07-30T12:22:00+05:00,88,False,True,False,6741,839,False,False,35,False,False,False,False,True,1,1.0,0,0,False,False,0,0,False,False,0.0,0.0,3.0,False,False,False,False,False
Kun.uz,https://kun.uz/ru/news/2026/07/30/uzbekistan-i-kyrgyzstan-vyveli-otnosheniya-na-uroven-soyuznichestva,2026-07-30T16:02:00+05:00,64,False,True,False,111,13,False,True,1,True,False,False,False,False,0,,0,0,False,False,0,0,False,False,0.0,0.0,3.09,False,False,False,False,False
Kun.uz,https://kun.uz/ru/news/2026/07/30/prezident-prinyal-uchastiye-v-otkrytii-pervogo-v-kyrgyzstane-golf-kluba-mejdunarodnogo-klassa,2026-07-30T22:16:00+05:00,91,False,False,True,195,21,True,True,2,False,False,False,False,False,0,,0,0,False,False,0,0,False,False,0.0,0.0,3.1,False,False,False,False,False
Kun.uz,https://kun.uz/ru/news/2026/07/31/uzbekistan-i-kyrgyzstan-podpisali-soglasheniye-o-pensionnom-obespechenii,2026-07-31T09:40:00+05:00,69,False,True,False,136,18,False,True,1,True,False,False,False,False,0,,0,0,False,False,0,0,False,False,0.0,0.0,3.08,False,False,False,False,False
Kun.uz,https://kun.uz/ru/news/2026/07/31/v-uzbekistane-predlagayut-perexod-k-progressivnoy-shkale-naloga-na-doxody-fizicheskix-lits,2026-07-31T09:51:00+05:00,86,False,True,False,189,24,True,True,1,True,False,False,False,False,2,0.5,1,0,True,False,1,0,True,False,1.98,0.0,2.8,False,False,False,False,False
Kun.uz,https://kun.uz/ru/news/2026/07/31/saida-mirziyoyeva-tashkentsy-spravedlivo-vozmushcheny-unichtojyeniyem-dvorov-radi-zastroyki,2026-07-31T11:46:00+05:00,83,False,True,False,216,26,True,True,1,True,False,False,False,False,2,0.5,1,0,True,False,0,1,False,True,0.0,9.17,3.04,False,False,False,False,False
Kun.uz,https://kun.uz/ru/news/2026/07/31/ekspert-nazval-zdorovyy-son-i-pravilnoye-pitaniye-glavnoy-investitsiyey-v-dolgoletiye,2026-07-31T17:18:00+05:00,81,False,True,False,5065,641,False,False,17,False,False,False,False,True,9,0.333,6,0,True,False,0,0,False,False,0.0,0.0,2.83,False,False,False,False,False
Kun.uz,https://kun.uz/ru/news/2026/07/31/prezident-shavkat-mirziyoyev-prinyal-uchastiye-v-tseremonii-otkrytiya-otelya-baku,2026-07-31T17:43:00+05:00,74,False,True,False,399,49,False,False,1,True,True,False,False,True,1,1.0,0,0,False,False,0,0,False,False,0.0,0.0,3.13,False,False,False,False,False
Kun.uz,https://kun.uz/ru/news/2026/08/01/kitayskiye-istrebiteli-v-uzbekistane-smena-postavshchika-ili-sluxi,2026-08-01T13:16:00+05:00,64,False,True,False,250,34,True,True,2,False,False,False,False,False,1,1.0,0,0,False,False,0,0,False,False,0.0,0.0,2.84,False,False,False,False,False
Kun.uz,https://kun.uz/ru/news/2026/08/01/sotrudnik-tsentra-inson-tragicheski-pogib-v-uchkuprikskom-rayone,2026-08-01T17:16:00+05:00,63,False,True,False,193,25,True,True,2,False,False,False,False,False,2,1.0,0,0,False,False,0,0,False,False,0.0,0.0,2.77,False,False,False,False,False
Kun.uz,https://kun.uz/ru/news/2026/08/03/vrach-ayurvedy-prizvala-razvivat-veganskoye-menyu-v-uzbekistane,2026-08-03T10:09:00+05:00,60,True,False,False,4202,589,False,False,15,False,False,False,False,True,6,0.167,5,0,True,False,0,0,False,False,0.0,0.0,2.57,False,False,False,False,False
Kun.uz,https://kun.uz/ru/news/2026/08/03/v-tashkent-pribyl-reys-s-18-grajdanami-uzbekistana-deportirovannymi-iz-ssha,2026-08-03T10:39:00+05:00,74,False,True,False,560,59,False,False,2,False,True,False,False,True,1,1.0,0,0,False,False,0,0,False,False,0.0,0.0,3.64,False,False,False,False,False
Kun.uz,https://kun.uz/ru/news/2026/08/03/v-lixtenshteyne-soobshchili-o-masshtabnoy-kiberatake-na-gosreyestr,2026-08-03T12:05:00+05:00,60,True,False,False,306,44,False,False,1,True,False,False,False,True,1,1.0,0,0,False,False,0,0,False,False,0.0,0.0,2.48,False,False,False,False,False
Kun.uz,https://kun.uz/ru/news/2026/08/03/v-fergane-sotrudnik-dps-pogib-posle-nayezda-avtomobilya,2026-08-03T13:51:00+05:00,53,True,False,False,269,35,True,False,2,False,False,False,False,False,3,1.0,0,0,False,False,0,0,False,False,0.0,0.0,2.74,False,False,False,False,False
Kun.uz,https://kun.uz/ru/news/2026/08/03/uzbekistan-podtverdil-plany-po-vstupleniyu-v-vto-v-2026-godu,2026-08-03T15:27:00+05:00,59,True,False,False,1891,234,False,False,6,False,False,False,False,True,1,1.0,0,0,False,False,0,0,False,False,0.0,0.0,3.05,False,False,False,False,False
Kun.uz,https://kun.uz/ru/news/2026/08/03/prezident-poruchil-obespechit-stabilnyye-postavki-nefteproduktov,2026-08-03T17:20:00+05:00,63,False,True,False,244,26,True,True,1,True,False,False,False,False,2,0.5,1,0,True,False,0,0,False,False,0.0,0.0,3.13,False,False,False,False,False
Kun.uz,https://kun.uz/ru/news/2026/08/04/sud-otmenil-shtraf-devushke-kotoraya-krikom-zashchishchalas-ot-domogatelstv,2026-08-04T10:10:00+05:00,69,False,True,False,184,18,False,True,1,True,False,False,False,False,5,0.6,0,2,False,True,0,0,False,False,0.0,0.0,2.75,False,False,False,False,False
Kun.uz,https://kun.uz/ru/news/2026/08/04/boleye-235-tysyach-initsiativ-postupilo-na-vtoroy-sezon-open-budget,2026-08-04T12:00:00+05:00,66,False,True,False,188,28,True,True,2,False,False,False,False,False,0,,0,0,False,False,0,0,False,False,0.0,0.0,2.89,False,False,False,False,False
Kun.uz,https://kun.uz/ru/news/2026/08/04/v-tashkente-rassleduyut-nezakonnyy-snos-doma-i-samovolnoye-stroitelstvo,2026-08-04T14:05:00+05:00,70,False,True,False,306,46,False,False,1,True,False,False,False,True,0,,0,0,False,False,0,0,False,False,0.0,0.0,2.68,False,False,False,False,False
Kun.uz,https://kun.uz/ru/news/2026/08/04/deputaty-odobrili-proyekt-konstitutsionnogo-zakona-opredelyayushchego-mexanizmy-raboty-administratsii-prezidenta,2026-08-04T16:38:00+05:00,105,False,False,True,197,23,True,True,1,True,False,False,False,False,1,1.0,0,0,False,False,0,0,False,False,0.0,0.0,3.64,False,False,False,False,False
Kun.uz,https://kun.uz/ru/news/2026/08/04/xokim-shaxrisabza-bez-priglasheniya-voshel-v-jiloy-dom-i-prikazal-oshtrafovat-yego-xozyaina,2026-08-04T17:45:00+05:00,85,False,True,False,290,47,False,False,5,False,False,False,False,True,8,0.875,1,0,True,False,0,0,False,False,0.0,0.0,2.49,False,False,False,False,False
Kun.uz,https://kun.uz/ru/news/2026/08/05/nachalas-ofitsialnaya-peredacha-kishlakov-chungara-i-tashtepa-kyrgyzstanu,2026-08-05T09:58:00+05:00,68,False,True,False,241,28,True,True,2,False,False,False,False,False,0,,0,0,False,False,0,0,False,False,0.0,0.0,3.28,False,False,False,False,False
Kun.uz,https://kun.uz/ru/news/2026/08/05/agenstvo-po-kadastru-perevedut-na-obnovlyonnuyu-model-raboty,2026-08-05T13:22:00+05:00,60,True,False,False,206,30,True,True,2,False,False,False,False,False,2,0.5,1,0,True,False,1,1,True,True,2.43,2.43,2.99,False,False,False,False,False
Kun.uz,https://kun.uz/ru/news/2026/08/06/uzbekistansy-lidiruyut-po-chislu-poyezdok-v-rossiyu-sredi-inostransev,2026-08-06T09:24:00+05:00,65,False,True,False,184,29,True,True,2,False,False,False,False,False,1,1.0,0,0,False,False,0,0,False,False,0.0,0.0,2.32,True,False,False,False,False
Kun.uz,https://kun.uz/ru/news/2026/08/06/na-almalykskom-gorno-metallurgicheskom-kombinate-proizoshyol-razryv-truby,2026-08-06T09:24:00+05:00,70,False,True,False,103,11,False,True,1,True,False,False,False,False,1,1.0,0,0,False,False,0,0,False,False,0.0,0.0,3.51,False,False,False,False,False
Kun.uz,https://kun.uz/ru/news/2026/08/06/osnovnoy-obyom-importa-govyadiny-v-uzbekistan-v-pervom-polugodii-prishyolsya-na-indiyu,2026-08-06T10:25:00+05:00,81,False,True,False,227,33,True,True,2,False,False,False,False,False,0,,0,0,False,False,0,0,False,False,0.0,0.0,2.6,False,False,False,False,False
Kun.uz,https://kun.uz/ru/news/2026/08/06/v-natsionalnom-parke-utonula-5-letnyaya-devochka,2026-08-06T12:32:00+05:00,45,True,False,False,124,18,False,True,1,True,False,False,False,False,2,1.0,0,0,False,False,0,0,False,False,0.0,0.0,2.87,False,False,False,False,False
Kun.uz,https://kun.uz/ru/news/2026/08/06/fransiya-obyavila-naivysshiy-uroven-pojarnoy-opasnosti-v-chetyryox-departamentax,2026-08-06T15:50:00+05:00,77,False,True,False,177,27,True,True,1,True,True,False,False,False,1,1.0,0,0,False,False,0,0,False,False,0.0,0.0,2.49,False,False,False,False,False
Kun.uz,https://kun.uz/ru/news/2026/08/06/xokimiyat-tashkenta-proveril-obrashcheniya-dolshchikov-jk-original-lyuks-servis,2026-08-06T16:57:00+05:00,73,False,True,False,460,61,False,False,4,False,True,False,False,True,4,0.5,2,0,True,False,1,1,True,True,2.54,2.54,3.17,False,False,False,False,False
Daryo.uz,https://daryo.uz/ru/2026/07/08/grob-hamenei-dostavili-v-irakskiy-gorod-nadzhaf,2026-07-08T09:54:00+05:00,68,False,True,False,200,28,True,True,2,False,False,False,False,False,1,1.0,0,0,False,False,0,0,False,False,0.0,0.0,2.84,False,False,False,False,False
Daryo.uz,https://daryo.uz/ru/2026/07/08/9-iyulya-uzbekistan-prognoz-pogoda,2026-07-08T11:37:00+05:00,50,True,False,False,73,10,False,True,1,True,False,False,False,False,0,,0,0,False,False,0,0,False,False,0.0,0.0,2.51,False,False,False,False,False
Daryo.uz,https://daryo.uz/ru/2026/07/08/kibermoshenniki-poxishchavshie-dengi-u-inostrantsev,2026-07-08T15:06:23+05:00,76,False,True,False,158,20,True,True,2,False,False,False,False,False,0,,0,0,False,False,0,0,False,False,0.0,0.0,2.86,False,False,False,False,False
Daryo.uz,https://daryo.uz/ru/2026/07/08/pakistan-samolet-ischez-radar-video,2026-07-08T16:38:00+05:00,61,False,True,False,147,20,True,True,2,False,False,False,False,False,3,1.0,0,0,False,False,0,0,False,False,0.0,0.0,2.74,False,False,False,False,False
Daryo.uz,https://daryo.uz/ru/2026/07/08/shavkat-mirziyoev-minsk,2026-07-08T20:10:04+05:00,47,True,False,False,53,8,False,True,1,True,False,False,False,False,0,,0,0,False,False,0,0,False,False,0.0,0.0,2.87,False,False,False,False,False
Daryo.uz,https://daryo.uz/ru/2026/07/09/uzbekistanskie-boksery-obnovlenniy-reyting-wba,2026-07-09T09:43:00+05:00,71,False,True,False,266,36,False,False,3,False,False,False,False,False,1,1.0,0,0,False,False,0,0,False,False,0.0,0.0,2.52,False,False,False,False,False
Daryo.uz,https://daryo.uz/ru/2026/07/09/prezident-fifa-rassledovanie-mok-politika,2026-07-09T12:08:00+05:00,96,False,False,True,338,39,False,False,2,False,False,False,False,False,3,1.0,0,0,False,False,0,0,False,False,0.0,0.0,2.79,False,False,False,False,False
Daryo.uz,https://daryo.uz/ru/2026/07/09/iphone-18-pro-novaya-kamera-akkumulyator,2026-07-09T14:13:00+05:00,89,False,True,False,173,26,True,True,2,False,False,False,False,False,2,0.5,0,1,False,True,0,0,False,False,0.0,0.0,2.4,True,False,False,False,False
Daryo.uz,https://daryo.uz/ru/2026/07/09/mirziyoev-lukashenko-peregovory-v-uzkom-sostave,2026-07-09T16:38:00+05:00,72,False,True,False,115,16,False,True,1,True,False,False,False,False,1,0.0,1,0,True,False,0,0,False,False,0.0,0.0,3.16,False,False,False,False,False
Daryo.uz,https://daryo.uz/ru/2026/07/09/portugaliya-braga-perexod-futbolistov-iz-uzbekistana,2026-07-09T22:18:21+05:00,84,False,True,False,48,5,False,True,1,True,False,False,False,False,1,1.0,0,0,False,False,0,0,False,False,0.0,0.0,2.65,False,False,False,False,False
Daryo.uz,https://daryo.uz/ru/2026/07/10/tashkent-ulitsa-aviasozlar-perekrytie,2026-07-10T09:57:00+05:00,48,True,False,False,38,5,False,True,1,True,False,False,False,False,1,0.0,1,0,True,False,1,0,True,False,13.51,0.0,2.96,False,False,False,False,False
Daryo.uz,https://daryo.uz/ru/2026/07/10/pogoda-vyxodnye-dni-prognoz-iyul,2026-07-10T11:03:00+05:00,53,True,False,False,73,10,False,True,1,True,False,False,False,False,0,,0,0,False,False,0,0,False,False,0.0,0.0,2.63,False,False,False,False,False
Daryo.uz,https://daryo.uz/ru/2026/07/10/apteki-uzbekistan-zavyshali-tseny-potrebitel-pereraschet,2026-07-10T14:02:00+05:00,83,False,True,False,236,30,True,True,2,False,False,False,False,False,1,0.0,1,0,True,False,0,0,False,False,0.0,0.0,3.02,False,False,False,False,False
Daryo.uz,https://daryo.uz/ru/2026/07/11/chislo-ekonomicheski-aktivnyx-zhenshchin-uzbekistan,2026-07-11T09:26:00+05:00,82,False,True,False,273,34,True,False,2,False,False,False,False,False,1,1.0,0,0,False,False,0,0,False,False,0.0,0.0,2.93,False,False,False,False,False
Daryo.uz,https://daryo.uz/ru/2026/07/11/kvartiry-arenda-zemlya-nedvizhimost-uzbekistan,2026-07-11T12:01:00+05:00,86,False,True,False,236,33,True,True,2,False,False,False,False,False,1,1.0,0,0,False,False,0,0,False,False,0.0,0.0,2.5,False,False,False,False,False
Daryo.uz,https://daryo.uz/ru/2026/07/11/fifa-zapret-angliyskie-arbitry-argentina-istoricheskiy-konflikt,2026-07-11T18:38:16+05:00,95,False,False,True,147,22,True,True,2,False,False,False,False,False,1,1.0,0,0,False,False,0,0,False,False,0.0,0.0,2.82,False,False,False,False,False
Daryo.uz,https://daryo.uz/ru/2026/07/12/uzbekistan-voditel-nabral-shtrafnye-balli,2026-07-12T09:03:00+05:00,58,True,False,False,126,18,False,True,2,False,False,False,False,False,1,1.0,0,0,False,False,0,0,False,False,0.0,0.0,2.82,False,False,False,False,False
Daryo.uz,https://daryo.uz/ru/2026/07/12/tashkent-gostinitsa-uzbekistan-pozhar,2026-07-12T17:30:04+05:00,51,True,False,False,78,12,False,True,1,True,False,False,False,False,1,0.0,1,0,True,False,0,0,False,False,0.0,0.0,2.97,False,False,False,False,False
Daryo.uz,https://daryo.uz/ru/2026/07/13/tashkentskiy-metropoliten-tri-novyx-elektropoezda,2026-07-13T09:23:00+05:00,60,True,False,False,77,8,False,True,1,True,False,False,False,False,1,1.0,0,0,False,False,0,0,False,False,0.0,0.0,3.2,False,False,False,False,False
Daryo.uz,https://daryo.uz/ru/2026/07/13/mirziyoev-tashkent-bekabad-noviy-elektropoezd,2026-07-13T11:23:00+05:00,74,False,True,False,270,41,False,False,2,False,False,False,False,True,0,,0,0,False,False,0,0,False,False,0.0,0.0,2.85,False,False,False,False,False
Daryo.uz,https://daryo.uz/ru/2026/07/13/uzbekistan-anomalnaya-zhara-do-46-gradusov,2026-07-13T13:36:54+05:00,67,False,True,False,274,41,False,False,3,False,False,False,False,True,0,,0,0,False,False,0,0,False,False,0.0,0.0,2.56,False,False,False,False,False
Daryo.uz,https://daryo.uz/ru/2026/07/13/wb-taxi-zapusk-buxara,2026-07-13T19:10:34+05:00,32,True,False,False,177,27,True,True,2,False,False,False,False,False,1,1.0,0,0,False,False,0,0,False,False,0.0,0.0,2.49,False,False,False,False,False
Daryo.uz,https://daryo.uz/ru/2026/07/14/abu-dabi-ostrov-zdorovya-stoimostyu-11-mlrd,2026-07-14T10:12:00+05:00,55,True,False,False,291,38,False,False,3,False,False,False,False,False,1,1.0,0,0,False,False,0,0,False,False,0.0,0.0,2.63,False,False,False,False,False
Daryo.uz,https://daryo.uz/ru/2026/07/14/shavkat-mirziyoev-podaril-elektromobil-95-letnemu-metallurgu,2026-07-14T12:20:26+05:00,75,False,True,False,71,11,False,True,1,True,False,False,False,False,3,0.667,1,0,True,False,0,0,False,False,0.0,0.0,2.84,False,False,False,False,False
Daryo.uz,https://daryo.uz/ru/2026/07/14/toskana-sotrudnichestvo-regioni-uzbekistan,2026-07-14T15:58:00+05:00,55,True,False,False,142,19,False,True,1,True,False,False,False,False,0,,0,0,False,False,0,0,False,False,0.0,0.0,3.23,False,False,False,False,False
Daryo.uz,https://daryo.uz/ru/2026/07/14/period-zarabotka-raschet-pensii-uzbekistan,2026-07-14T17:28:00+05:00,87,False,True,False,81,9,False,True,1,True,False,False,False,False,3,0.333,2,0,True,False,0,0,False,False,0.0,0.0,2.8,False,False,False,False,False
Daryo.uz,https://daryo.uz/ru/2026/07/15/uzbekistan-nezakonnyy-vybros-musora-shtraf,2026-07-15T10:28:29+05:00,94,False,False,True,156,22,True,True,2,False,False,False,False,False,2,0.5,1,0,True,False,0,0,False,False,0.0,0.0,3.04,False,False,False,False,False
Daryo.uz,https://daryo.uz/ru/2026/07/15/reyting-stran-chislo-zaklyuchennyx-uzbekistan,2026-07-15T13:58:00+05:00,77,False,True,False,100,16,False,True,2,False,False,False,False,False,0,,0,0,False,False,0,0,False,False,0.0,0.0,2.73,False,False,False,False,False
Daryo.uz,https://daryo.uz/ru/2026/07/15/uzbekistan-prestupnost-molodej-podrostki,2026-07-15T17:12:54+05:00,51,True,False,False,230,34,True,True,2,False,False,False,False,False,3,0.667,1,0,True,False,0,0,False,False,0.0,0.0,2.69,False,False,False,False,False
Daryo.uz,https://daryo.uz/ru/2026/07/16/uzbekistan-usilenie-zhary-anomalnaya-zhara,2026-07-16T10:35:03+05:00,66,False,True,False,113,16,False,True,1,True,False,False,False,False,1,1.0,0,0,False,False,0,0,False,False,0.0,0.0,2.5,False,False,False,False,False
Daryo.uz,https://daryo.uz/ru/2026/07/16/frantsiya-uzakonila-pravo-na-evtanaziyu,2026-07-16T13:06:00+05:00,52,True,False,False,196,23,True,True,2,False,False,False,False,False,0,,0,0,False,False,0,0,False,False,0.0,0.0,3.0,False,False,False,False,False
Daryo.uz,https://daryo.uz/ru/2026/07/16/xusanov-rukovodstvo-federatsii-futbola-belarus,2026-07-16T16:02:00+05:00,77,False,True,False,181,21,True,True,2,False,False,False,False,False,1,1.0,0,0,False,False,0,0,False,False,0.0,0.0,2.57,False,False,False,False,False
Daryo.uz,https://daryo.uz/ru/2026/07/16/tysyacha-maxalley-uzbekistan-proizvodstvo-selxozproduktsii,2026-07-16T19:21:00+05:00,82,False,True,False,109,14,False,True,1,True,False,False,False,False,0,,0,0,False,False,0,0,False,False,0.0,0.0,2.89,False,False,False,False,False
Daryo.uz,https://daryo.uz/ru/2026/07/17/vsemirnaya-organizatsiya-po-ii-uzbekistan-odin-iz-uchrediteley,2026-07-17T09:43:00+05:00,87,False,True,False,190,23,True,True,2,False,False,False,False,False,1,0.0,1,0,True,False,0,0,False,False,0.0,0.0,3.12,False,False,False,False,False
Daryo.uz,https://daryo.uz/ru/2026/07/17/kogda-v-uzbekistane-spadet-anomalnaya-zhara,2026-07-17T11:44:21+05:00,58,True,False,False,159,25,True,True,2,False,False,False,False,False,0,,0,0,False,False,0,0,False,False,0.0,0.0,2.54,False,False,False,False,False
Daryo.uz,https://daryo.uz/ru/2026/07/17/frantsiya-ispaniya-polufinal-chm-2026-petitsiya-povtorniy-match,2026-07-17T15:15:16+05:00,86,False,True,False,22,3,False,True,1,True,False,False,False,False,2,0.5,0,1,False,True,0,0,False,False,0.0,0.0,2.63,False,False,False,False,False
Daryo.uz,https://daryo.uz/ru/2026/07/17/luchshie-igroki-chm-2026-reyting-the-athletic,2026-07-17T19:13:59+05:00,63,False,True,False,20,3,False,True,1,True,False,False,False,False,0,,0,0,False,False,0,0,False,False,0.0,0.0,2.49,False,False,False,False,False
Daryo.uz,https://daryo.uz/ru/2026/07/18/vokrug-tashkenta-zelyonyy-poyas,2026-07-18T10:23:00+05:00,78,False,True,False,203,26,True,True,1,True,False,False,False,False,1,0.0,1,0,True,False,0,0,False,False,0.0,0.0,2.86,False,False,False,False,False
Daryo.uz,https://daryo.uz/ru/2026/07/18/uchenye-vyyasnili-mozhno-li-nauchit-lyudey-raspoznavat-dipfeyki,2026-07-18T13:20:00+05:00,99,False,False,True,400,47,False,False,2,False,False,False,False,True,1,1.0,0,0,False,False,1,0,True,False,3.1,0.0,3.19,False,False,False,False,False
Daryo.uz,https://daryo.uz/ru/2026/07/18/uzbekistan-kvoty-priema-v-vuzy-na-20262027-uchebnyy-god,2026-07-18T20:23:02+05:00,68,False,True,False,75,8,False,True,1,True,False,False,False,False,0,,0,0,False,False,1,0,True,False,2.48,0.0,2.82,False,False,False,False,False
Daryo.uz,https://daryo.uz/ru/2026/07/19/apstar-uzbekistan-sputnikovye-texnologii,2026-07-19T09:08:00+05:00,79,False,True,False,245,30,True,True,1,True,False,False,True,False,1,0.0,1,0,True,False,0,0,False,False,0.0,0.0,3.02,False,False,False,False,False
Daryo.uz,https://daryo.uz/ru/2026/07/19/zhara-lyudi-s-diabetom-i-endokrinnymi-zabolevaniyami-sovety-minzdrava,2026-07-19T16:19:35+05:00,63,False,True,False,239,29,True,True,2,False,False,False,False,False,2,0.5,1,0,True,False,0,0,False,False,0.0,0.0,3.0,False,False,False,False,False
Daryo.uz,https://daryo.uz/ru/2026/07/20/luchshie-futbolisty-chempionata-mira-2026,2026-07-20T08:55:49+05:00,54,True,False,False,375,58,False,False,4,False,False,False,False,True,0,,0,0,False,False,0,1,False,True,0.0,2.92,2.52,False,False,False,False,False
Daryo.uz,https://daryo.uz/ru/2026/07/20/dzhizak-xishchenie-mlrd-sumov-keshbek,2026-07-20T11:06:00+05:00,56,True,False,False,137,18,False,True,1,True,False,False,False,False,0,,0,0,False,False,0,0,False,False,0.0,0.0,2.58,False,False,False,False,False
Daryo.uz,https://daryo.uz/ru/2026/07/20/uzbekistan-kvoty-na-prezidentskie-i-imennye-stipendii,2026-07-20T12:55:45+05:00,66,False,True,False,13,2,False,True,1,True,False,False,False,False,0,,0,0,False,False,0,0,False,False,0.0,0.0,3.23,False,False,False,False,False
Daryo.uz,https://daryo.uz/ru/2026/07/20/uzbekistan-zashchita-grazhdan-turputevka-turizm,2026-07-20T17:28:00+05:00,84,False,True,False,215,23,True,True,1,True,False,False,False,False,0,,0,0,False,False,0,0,False,False,0.0,0.0,3.07,False,False,False,False,False
Daryo.uz,https://daryo.uz/ru/2026/07/21/pogoda-na-segodnya-spad-zhary,2026-07-21T08:01:04+05:00,52,True,False,False,2,1,False,True,0,True,False,False,False,False,0,,0,0,False,False,0,0,False,False,0.0,0.0,2.36,True,False,False,False,False
Daryo.uz,https://daryo.uz/ru/2026/07/21/eldor-shomurodov-golosovanie-za-luchshiy-gol-chm-2026,2026-07-21T10:50:24+05:00,64,False,True,False,159,22,True,True,2,False,False,False,False,False,1,1.0,0,0,False,False,0,0,False,False,0.0,0.0,2.77,False,False,False,False,False
Daryo.uz,https://daryo.uz/ru/2026/07/21/tashkentskaya-oblast-novye-tseny-na-proezd-avtobusy,2026-07-21T13:02:15+05:00,60,True,False,False,144,17,False,True,1,True,False,False,False,False,0,,0,0,False,False,0,0,False,False,0.0,0.0,2.69,False,False,False,False,False
Daryo.uz,https://daryo.uz/ru/2026/07/21/prezident-poruchil-sokratit-byurokratiyu-shtrafi-sbori,2026-07-21T16:02:00+05:00,99,False,False,True,301,38,False,False,1,True,False,False,False,False,2,0.5,1,0,True,False,0,0,False,False,0.0,0.0,2.94,False,False,False,False,False
Daryo.uz,https://daryo.uz/ru/2026/07/21/uzbekistan-oformlenie-na-rabotu-bez-soglasiya,2026-07-21T18:18:47+05:00,71,False,True,False,74,10,False,True,1,True,False,False,False,False,1,1.0,0,0,False,False,1,0,True,False,5.92,0.0,2.93,False,False,False,False,False
Daryo.uz,https://daryo.uz/ru/2026/07/22/programma-podderzhki-natsionalnyx-brendov,2026-07-22T09:07:32+05:00,54,True,False,False,122,15,False,True,2,False,False,False,False,False,1,0.0,1,0,True,False,0,0,False,False,0.0,0.0,2.79,False,False,False,False,False
Daryo.uz,https://daryo.uz/ru/2026/07/22/selxozperepis-sokrashchenie-pogolovya-skota-uzbekistan,2026-07-22T10:16:00+05:00,64,False,True,False,210,24,True,True,2,False,False,False,False,False,1,1.0,0,0,False,False,0,0,False,False,0.0,0.0,2.5,False,False,False,False,False
Daryo.uz,https://daryo.uz/ru/2026/07/22/ukrainskie-drony-atakovali-dva-sklada-wildberries,2026-07-22T12:23:00+05:00,49,True,False,False,178,25,True,True,2,False,False,False,False,False,2,1.0,0,0,False,False,0,0,False,False,0.0,0.0,2.6,False,False,False,False,False
Daryo.uz,https://daryo.uz/ru/2026/07/22/iran-pobeda-ispanii-na-chm-ssha-izrail,2026-07-22T14:21:00+05:00,63,False,True,False,163,25,True,True,1,True,False,False,False,False,2,0.5,1,0,True,False,0,0,False,False,0.0,0.0,2.89,False,False,False,False,False
Daryo.uz,https://daryo.uz/ru/2026/07/23/prognoz-pogoda-uzbekistan-tashkent-23-iyulya,2026-07-23T08:16:18+05:00,56,True,False,False,2,1,False,True,0,True,False,False,False,False,0,,0,0,False,False,0,0,False,False,0.0,0.0,2.47,False,False,False,False,False
Daryo.uz,https://daryo.uz/ru/2026/07/23/abdukodir-xusanov-samye-prosmatrivaemye-igroki-chm-2026,2026-07-23T10:08:02+05:00,93,False,False,True,20,2,False,True,1,True,False,False,False,False,1,1.0,0,0,False,False,0,0,False,False,0.0,0.0,2.66,False,False,False,False,False
Daryo.uz,https://daryo.uz/ru/2026/07/23/otmena-sistemy-keshbeka-za-pokupki-uzbekistan,2026-07-23T12:19:18+05:00,48,True,False,False,218,24,True,True,1,True,False,False,False,False,5,0.6,2,0,True,False,0,0,False,False,0.0,0.0,2.63,False,False,False,False,False
Daryo.uz,https://daryo.uz/ru/2026/07/23/zarplaty-sotrudnikov-detsadov-anomalnaya-zhara,2026-07-23T14:17:58+05:00,78,False,True,False,132,18,False,True,2,False,False,False,False,False,1,0.0,1,0,True,False,0,0,False,False,0.0,0.0,2.88,False,False,False,False,False
Daryo.uz,https://daryo.uz/ru/2026/07/23/zakonoproekt-arenda-zemli-do-49-let,2026-07-23T16:59:00+05:00,71,False,True,False,174,22,True,True,1,True,False,False,False,False,0,,0,0,False,False,0,0,False,False,0.0,0.0,3.06,False,False,False,False,False
Daryo.uz,https://daryo.uz/ru/2026/07/23/uzbekistan-ilgiz-tantashev-top-10-arbitrov-chm-2026,2026-07-23T20:05:30+05:00,68,False,True,False,63,7,False,True,1,True,False,False,False,False,1,1.0,0,0,False,False,0,0,False,False,0.0,0.0,2.6,False,False,False,False,False
Daryo.uz,https://daryo.uz/ru/2026/07/24/uzbekistan-proizvodstvo-zelenoy-energii-gaz-ekologiya,2026-07-24T11:20:53+05:00,102,False,False,True,32,2,False,True,1,True,False,False,False,False,0,,0,0,False,False,0,0,False,False,0.0,0.0,2.31,True,False,False,False,False
Daryo.uz,https://daryo.uz/ru/2026/07/24/nachalnik-upravleniya-blagoustroystva-shtraf,2026-07-24T15:50:25+05:00,60,True,False,False,222,26,True,True,2,False,False,False,False,False,1,1.0,0,0,False,False,0,0,False,False,0.0,0.0,2.95,False,False,False,False,False
Daryo.uz,https://daryo.uz/ru/2026/07/24/drony-snova-atakovali-sklady-wildberries,2026-07-24T21:25:54+05:00,68,False,True,False,353,45,False,False,3,False,False,False,False,True,6,1.0,0,0,False,False,0,1,False,True,0.0,2.34,2.62,False,False,False,False,False
Daryo.uz,https://daryo.uz/ru/2026/07/25/metro-vospolzovalis-bolee-155-mln-passazhirov,2026-07-25T09:31:00+05:00,60,True,False,False,190,28,True,True,2,False,False,False,False,False,0,,0,0,False,False,0,0,False,False,0.0,0.0,2.88,False,False,False,False,False
Daryo.uz,https://daryo.uz/ru/2026/07/25/uzbekistan-tsifrovaya-zashchita-biometricheskiy-pasport,2026-07-25T12:34:00+05:00,59,True,False,False,214,22,True,True,1,True,False,False,False,False,1,0.0,1,0,True,False,0,0,False,False,0.0,0.0,3.17,False,False,False,False,False
Daryo.uz,https://daryo.uz/ru/2026/07/25/uzbekistan-srednyaya-zarplata-tashkent,2026-07-25T18:27:56+05:00,64,False,True,False,242,35,True,True,2,False,False,False,False,False,1,1.0,0,0,False,False,0,0,False,False,0.0,0.0,2.74,False,False,False,False,False
Daryo.uz,https://daryo.uz/ru/2026/07/26/pervaya-skvazhina-kyzylzhar-ustyurt-burenie,2026-07-26T10:38:00+05:00,78,False,True,False,207,23,True,True,2,False,False,False,False,False,0,,0,0,False,False,0,0,False,False,0.0,0.0,3.25,False,False,False,False,False
Daryo.uz,https://daryo.uz/ru/2026/07/26/uzbekistan-prekrashenie-vyplaty-detskix-posobiy,2026-07-26T16:15:11+05:00,81,False,True,False,122,18,False,True,2,False,False,False,False,False,1,0.0,1,0,True,False,0,0,False,False,0.0,0.0,2.95,False,False,False,False,False
Daryo.uz,https://daryo.uz/ru/2026/07/27/uzbekistan-dolgi-naseleniya-pered-bankami-kredity,2026-07-27T10:11:00+05:00,79,False,True,False,97,13,False,True,1,True,False,False,False,False,0,,0,0,False,False,0,0,False,False,0.0,0.0,2.24,False,False,False,False,False
Daryo.uz,https://daryo.uz/ru/2026/07/27/uzbekistan-pogoda-vyshe-klimaticheskoy-normy,2026-07-27T12:15:32+05:00,80,False,True,False,71,10,False,True,1,True,False,False,False,False,0,,0,0,False,False,0,0,False,False,0.0,0.0,2.57,False,False,False,False,False
Daryo.uz,https://daryo.uz/ru/2026/07/27/rossiya-migranty-doxod-dlya-soderzhaniya-sebya-i-semi,2026-07-27T15:41:52+05:00,66,False,True,False,31,4,False,True,1,True,False,False,False,False,0,,0,0,False,False,0,0,False,False,0.0,0.0,2.66,False,False,False,False,False
Daryo.uz,https://daryo.uz/ru/2026/07/27/uzbekistan-saudovskaya-araviya-preduprezhdenie-pylevyx-bur,2026-07-27T18:13:00+05:00,93,False,False,True,215,27,True,True,1,True,False,False,False,False,0,,0,0,False,False,0,0,False,False,0.0,0.0,3.21,False,False,False,False,False
Daryo.uz,https://daryo.uz/ru/2026/07/28/eldor-shomurodov-vtoroy-samyy-krasivyy-gol-na-chm-2026,2026-07-28T08:50:44+05:00,84,False,True,False,46,5,False,True,1,True,False,False,False,False,0,,0,0,False,False,0,0,False,False,0.0,0.0,2.43,False,False,False,False,False
Daryo.uz,https://daryo.uz/ru/2026/07/28/uzgidromet-pogoda-prognoz-29-iyulya,2026-07-28T11:12:00+05:00,44,True,False,False,88,13,False,True,2,False,False,False,False,False,1,1.0,0,0,False,False,0,0,False,False,0.0,0.0,2.49,False,False,False,False,False
Daryo.uz,https://daryo.uz/ru/2026/07/28/sbornaya-uzbekistana-kubok-azii,2026-07-28T14:17:33+05:00,42,True,False,False,106,14,False,True,1,True,False,False,False,False,4,0.75,1,0,True,False,0,0,False,False,0.0,0.0,2.3,False,False,False,False,False
Daryo.uz,https://daryo.uz/ru/2026/07/28/tashkent-stantsiya-metro-chinor-rekonstruktsiya,2026-07-28T17:14:42+05:00,62,False,True,False,48,5,False,True,1,True,False,False,False,False,0,,0,0,False,False,0,0,False,False,0.0,0.0,2.92,False,False,False,False,False
Daryo.uz,https://daryo.uz/ru/2026/07/29/mnogokvartirnye-doma-nukus-tsentralnoe-otoplenie,2026-07-29T08:51:00+05:00,68,False,True,False,182,19,False,True,2,False,False,False,False,False,0,,0,0,False,False,0,0,False,False,0.0,0.0,3.26,False,False,False,False,False
Daryo.uz,https://daryo.uz/ru/2026/07/29/zemletryasenie-yaponiya-zhertvi-foto,2026-07-29T10:41:00+05:00,69,False,True,False,244,32,True,True,3,False,False,False,False,False,1,1.0,0,0,False,False,0,0,False,False,0.0,0.0,2.81,False,False,False,False,False
Daryo.uz,https://daryo.uz/ru/2026/07/29/tashkent-skonchalsya-voditel-onix-stolknovenie-s-mototsiklami-dps,2026-07-29T13:21:57+05:00,68,False,True,False,174,25,True,True,3,False,False,False,False,False,1,1.0,0,0,False,False,0,0,False,False,0.0,0.0,2.58,False,False,False,False,False
Daryo.uz,https://daryo.uz/ru/2026/07/30/pogoda-na-segodnya-uzbekistan-tashkent-30-iyulya,2026-07-30T08:01:07+05:00,67,False,True,False,2,1,False,True,0,True,False,False,False,False,0,,0,0,False,False,0,0,False,False,0.0,0.0,2.43,False,False,False,False,False
Daryo.uz,https://daryo.uz/ru/2026/07/30/zastroyshchik-kanalizatsionnye-vody-kanal-salar-kompensatsiya,2026-07-30T10:30:00+05:00,98,False,False,True,86,12,False,True,1,True,False,False,False,False,0,,0,0,False,False,0,0,False,False,0.0,0.0,2.93,False,False,False,False,False
Daryo.uz,https://daryo.uz/ru/2026/07/30/na-chetyrex-vezdax-v-tashkent-postroyat-simvolicheskie-vorota,2026-07-30T12:53:00+05:00,58,True,False,False,251,33,True,False,2,False,False,False,False,False,0,,0,0,False,False,0,0,False,False,0.0,0.0,2.77,False,False,False,False,False
Daryo.uz,https://daryo.uz/ru/2026/07/30/shavkat-mirziyoev-ziroat-mirziyoeva-kyrgyzstan-vizit-foto,2026-07-30T13:50:12+05:00,60,True,False,False,108,14,False,True,1,True,False,False,False,False,0,,0,0,False,False,0,0,False,False,0.0,0.0,2.7,False,False,False,False,False
Daryo.uz,https://daryo.uz/ru/2026/07/31/shavkat-mirziyoev-pervyy-mezhdunarodnyy-golf-klub-kyrgyzstan-video,2026-07-31T12:04:21+05:00,116,False,False,True,105,14,False,True,1,True,False,False,False,False,0,,0,0,False,False,0,1,False,True,0.0,12.82,2.99,False,False,False,False,False
Daryo.uz,https://daryo.uz/ru/2026/08/01/uzbekistan-chastnyy-sektor-snabzhenie-szhizhennij-gaz,2026-08-01T09:02:00+05:00,66,False,True,False,173,24,True,True,2,False,False,False,False,False,0,,0,0,False,False,0,0,False,False,0.0,0.0,2.98,False,False,False,False,False
Daryo.uz,https://daryo.uz/ru/2026/08/01/inostrannye-it-giganty-byudzhet-uzbekistan-132-mlrd-sumov,2026-08-01T12:07:00+05:00,80,False,True,False,197,27,True,True,1,True,False,False,False,False,1,1.0,0,0,False,False,0,0,False,False,0.0,0.0,2.43,False,False,False,False,False
Daryo.uz,https://daryo.uz/ru/2026/08/01/prospekt-mustakillik-tashkent-asfalt-ogranichenie-dvizheniya-avto,2026-08-01T18:46:07+05:00,57,True,False,False,120,14,False,True,1,True,False,False,False,False,0,,0,0,False,False,0,0,False,False,0.0,0.0,2.88,False,False,False,False,False
Daryo.uz,https://daryo.uz/ru/2026/08/02/sobstvennik-golubyx-kupolov-istoricheskiy-oblik-kompleksa,2026-08-02T09:37:00+05:00,83,False,True,False,128,15,False,True,1,True,False,False,False,False,2,0.5,1,0,True,False,0,1,False,True,0.0,6.17,3.07,False,False,False,False,False
Daryo.uz,https://daryo.uz/ru/2026/08/02/uzbekistan-zastrojshik-sud-zhiteli-mahallya-hokimiyat-proekt,2026-08-02T15:03:00+05:00,100,False,False,True,497,71,False,False,4,False,False,False,False,True,22,0.636,2,6,True,True,1,1,True,True,0.36,0.36,2.76,False,False,False,False,False
Daryo.uz,https://daryo.uz/ru/2026/08/03/tashkent-obrushenie-kotlovana-vozle-jilogo-doma,2026-08-03T09:00:04+05:00,108,False,False,True,85,12,False,True,1,True,False,False,False,False,1,1.0,0,0,False,False,0,0,False,False,0.0,0.0,3.16,False,False,False,False,False
Daryo.uz,https://daryo.uz/ru/2026/08/03/uzbekistan-polgoda-proizvodstvo-benzin,2026-08-03T11:57:00+05:00,64,False,True,False,135,18,False,True,1,True,False,False,False,False,0,,0,0,False,False,0,0,False,False,0.0,0.0,2.39,True,False,False,False,False
Daryo.uz,https://daryo.uz/ru/2026/08/03/uzbekistan-utonuli-111-chelovek-nexvatka-basseynov,2026-08-03T14:41:18+05:00,83,False,True,False,225,33,True,True,3,False,False,False,False,False,4,0.5,1,1,True,True,0,0,False,False,0.0,0.0,2.7,False,False,False,False,False
Daryo.uz,https://daryo.uz/ru/2026/08/03/uzbekistan-tsentr-obrabotki-seysmicheskix-dannyx,2026-08-03T17:51:00+05:00,59,True,False,False,264,29,True,False,2,False,False,False,False,False,1,1.0,0,0,False,False,0,0,False,False,0.0,0.0,3.31,False,False,False,False,False
Daryo.uz,https://daryo.uz/ru/2026/08/04/prognoz-pogoda-na-segodnya-uzbekistan-tashkent-4-avgust,2026-08-04T08:11:26+05:00,51,True,False,False,2,1,False,True,0,True,False,False,False,False,0,,0,0,False,False,0,0,False,False,0.0,0.0,2.55,False,False,False,False,False
Daryo.uz,https://daryo.uz/ru/2026/08/04/skonchalsya-boets-ufc-allan-nasimento,2026-08-04T11:52:00+05:00,34,True,False,False,213,31,True,True,2,False,False,False,False,False,1,1.0,0,0,False,False,0,0,False,False,0.0,0.0,2.27,False,False,False,False,False
Daryo.uz,https://daryo.uz/ru/2026/08/04/skidki-na-elektroenergiyu-dlya-rayonov-bez-gaza,2026-08-04T14:32:28+05:00,67,False,True,False,144,19,False,True,2,False,False,False,False,False,1,1.0,0,0,False,False,0,0,False,False,0.0,0.0,3.06,False,False,False,False,False
Daryo.uz,https://daryo.uz/ru/2026/08/04/uzbekistantsy-zhertvy-torgovli-lyudmi-telefony-doveriya,2026-08-04T17:45:29+05:00,78,False,True,False,182,21,True,True,2,False,False,False,False,False,0,,0,0,False,False,0,0,False,False,0.0,0.0,3.28,False,False,False,False,False
Daryo.uz,https://daryo.uz/ru/2026/08/05/tamozhnya-vyvoz-dragotsennosti-valyuta-deti,2026-08-05T08:50:05+05:00,100,False,False,True,149,21,True,True,2,False,False,False,False,False,2,0.5,1,0,True,False,0,0,False,False,0.0,0.0,2.77,False,False,False,False,False
Daryo.uz,https://daryo.uz/ru/2026/08/05/tashkent-sud-shest-vinovnyx-obrushenie-stena-puteprovod,2026-08-05T11:32:00+05:00,75,False,True,False,277,36,False,False,3,False,False,False,False,False,6,0.667,1,1,True,True,0,0,False,False,0.0,0.0,2.68,False,False,False,False,False
Daryo.uz,https://daryo.uz/ru/2026/08/05/abiturienty-invalidnost-vstupitelnye-ekzameny,2026-08-05T13:41:45+05:00,76,False,True,False,206,25,True,True,1,True,False,False,False,False,0,,0,0,False,False,0,0,False,False,0.0,0.0,3.18,False,False,False,False,False
Daryo.uz,https://daryo.uz/ru/2026/08/05/dmed-lozhnye-dannye-dubli-akkauntov-ocheredi-onlajn-zapis,2026-08-05T17:37:00+05:00,94,False,False,True,327,40,False,False,2,False,False,False,False,False,7,0.429,4,0,True,False,0,0,False,False,0.0,0.0,2.91,False,False,False,False,False
Daryo.uz,https://daryo.uz/ru/2026/08/05/plen-ukraina-grazhdane-51-strany-armiya-rossii,2026-08-05T20:03:53+05:00,73,False,True,False,127,19,False,True,2,False,False,False,False,False,3,1.0,0,0,False,False,0,0,False,False,0.0,0.0,2.8,False,False,False,False,False
Daryo.uz,https://daryo.uz/ru/2026/08/06/xokim-chinaz-pozornaya-maxallya-neblagoustroennaya-territoriya,2026-08-06T10:36:45+05:00,35,True,False,False,300,33,True,False,3,False,False,False,False,False,3,1.0,0,0,False,False,0,0,False,False,0.0,0.0,2.93,False,False,False,False,False
Daryo.uz,https://daryo.uz/ru/2026/08/06/ii-model-meta-vzlom-storonnyaya-kompaniya-kiberbezopasnost,2026-08-06T13:14:00+05:00,91,False,False,True,308,38,False,False,3,False,False,False,False,False,2,0.5,1,0,True,False,0,0,False,False,0.0,0.0,2.62,False,False,False,False,False
Daryo.uz,https://daryo.uz/ru/2026/08/06/uzbekistan-import-myasa-indiya,2026-08-06T20:52:39+05:00,69,False,True,False,5,1,False,True,0,True,False,False,False,False,0,,0,0,False,False,1,0,True,False,6.71,0.0,2.58,False,False,False,False,False
Daryo.uz,https://daryo.uz/ru/2026/08/07/rossiya-pomoshch-migrantam-iz-uzbekistana,2026-08-07T10:00:02+05:00,95,False,False,True,86,12,False,True,1,True,False,False,False,False,0,,0,0,False,False,0,0,False,False,0.0,0.0,2.88,False,False,False,False,False
Daryo.uz,https://daryo.uz/ru/2026/08/07/prognoz-pogoda-na-vyxodnyx-uzbekistan-tashkent,2026-08-07T14:00:16+05:00,63,False,True,False,137,16,False,True,1,True,False,False,False,False,0,,0,0,False,False,0,0,False,False,0.0,0.0,2.64,False,False,False,False,False
Spot.uz,https://www.spot.uz/ru/2026/07/08/budget,2026-07-08T01:04:46+05:00,71,False,True,False,156,19,False,True,2,False,False,False,False,False,1,1.0,0,0,False,False,0,0,False,False,0.0,0.0,2.45,False,False,False,False,False
Spot.uz,https://www.spot.uz/ru/2026/07/08/renovation,2026-07-08T13:10:36+05:00,70,False,True,False,255,32,True,False,1,True,False,False,False,False,4,0.5,2,0,True,False,1,0,True,False,3.98,0.0,2.62,False,False,False,False,False
Spot.uz,https://www.spot.uz/ru/2026/07/08/bukhara-university,2026-07-08T16:20:48+05:00,69,False,True,False,177,19,False,True,2,False,False,False,False,False,0,,0,0,False,False,0,0,False,False,0.0,0.0,2.74,False,False,False,False,False
Spot.uz,https://www.spot.uz/ru/2026/07/08/amir-temur-square,2026-07-08T18:04:59+05:00,87,False,True,False,180,22,True,True,2,False,False,False,False,False,3,1.0,0,0,False,False,0,0,False,False,0.0,0.0,2.94,False,False,False,False,False
Spot.uz,https://www.spot.uz/ru/2026/07/09/diesel,2026-07-09T00:15:16+05:00,53,True,False,False,224,25,True,True,2,False,False,False,False,False,2,0.5,1,0,True,False,0,0,False,False,0.0,0.0,2.88,False,False,False,False,False
Spot.uz,https://www.spot.uz/ru/2026/07/09/uzum-bank-uzcard,2026-07-09T09:00:11+05:00,58,True,False,False,217,30,True,True,2,False,False,False,False,False,1,1.0,0,0,False,False,0,0,False,False,0.0,0.0,2.59,False,False,False,False,False
Spot.uz,https://www.spot.uz/ru/2026/07/09/sm-tech,2026-07-09T15:00:16+05:00,76,False,True,False,285,35,True,False,1,True,False,False,False,False,1,1.0,0,0,False,False,0,0,False,False,0.0,0.0,2.94,False,False,False,False,False
Spot.uz,https://www.spot.uz/ru/2026/07/09/anor-bank,2026-07-09T15:10:49+05:00,23,True,False,False,114,15,False,True,1,True,False,False,False,False,0,,0,0,False,False,0,0,False,False,0.0,0.0,2.89,False,False,False,False,False
Spot.uz,https://www.spot.uz/ru/2026/07/09/belarus-livestock,2026-07-09T15:58:16+05:00,63,False,True,False,188,25,True,True,2,False,False,False,False,False,5,0.4,3,0,True,False,0,0,False,False,0.0,0.0,2.84,False,False,False,False,False
Spot.uz,https://www.spot.uz/ru/2026/07/09/belarus-agreements,2026-07-09T18:30:06+05:00,66,False,True,False,166,20,True,True,1,True,False,False,False,False,0,,0,0,False,False,0,0,False,False,0.0,0.0,3.11,False,False,False,False,False
Spot.uz,https://www.spot.uz/ru/2026/07/10/belarus-projects,2026-07-10T00:44:14+05:00,76,False,True,False,161,21,True,True,1,True,False,False,False,False,2,0.5,1,0,True,False,0,0,False,False,0.0,0.0,2.95,False,False,False,False,False
Spot.uz,https://www.spot.uz/ru/2026/07/10/sardor-umurzakov,2026-07-10T13:05:26+05:00,70,False,True,False,121,13,False,True,1,True,False,False,False,False,1,1.0,0,0,False,False,0,0,False,False,0.0,0.0,2.94,False,False,False,False,False
Spot.uz,https://www.spot.uz/ru/2026/07/10/kattaxonova,2026-07-10T14:19:58+05:00,76,False,True,False,118,16,False,True,1,True,False,False,False,False,1,1.0,0,0,False,False,0,0,False,False,0.0,0.0,2.92,False,False,False,False,False
Spot.uz,https://www.spot.uz/ru/2026/07/10/mice-tourism-cashback,2026-07-10T18:01:09+05:00,88,False,True,False,165,20,True,True,2,False,False,False,False,False,0,,0,0,False,False,0,0,False,False,0.0,0.0,2.95,False,False,False,False,False
Spot.uz,https://www.spot.uz/ru/2026/07/10/belarus,2026-07-10T21:23:10+05:00,86,False,True,False,320,42,False,False,2,False,False,False,False,True,2,0.5,1,0,True,False,0,0,False,False,0.0,0.0,2.87,False,False,False,False,False
Spot.uz,https://www.spot.uz/ru/2026/07/11/hub-poland,2026-07-11T15:10:34+05:00,77,False,True,False,130,16,False,True,1,True,False,False,False,False,3,1.0,0,0,False,False,0,0,False,False,0.0,0.0,3.04,False,False,False,False,False
Spot.uz,https://www.spot.uz/ru/2026/07/11/electricity-summer,2026-07-11T20:39:36+05:00,77,False,True,False,134,14,False,True,1,True,False,False,False,False,4,1.0,0,0,False,False,0,0,False,False,0.0,0.0,3.2,False,False,False,False,False
Spot.uz,https://www.spot.uz/ru/2026/07/13/wb-taxi-bukhara,2026-07-13T10:39:35+05:00,36,True,False,False,118,17,False,True,2,False,False,False,False,False,3,1.0,0,0,False,False,0,0,False,False,0.0,0.0,2.58,False,False,False,False,False
Spot.uz,https://www.spot.uz/ru/2026/07/13/sunexpress-tashkent,2026-07-13T13:35:27+05:00,64,False,True,False,119,15,False,True,1,True,False,False,False,False,3,0.667,1,0,True,False,0,0,False,False,0.0,0.0,2.53,False,False,False,False,False
Spot.uz,https://www.spot.uz/ru/2026/07/13/pension-reform,2026-07-13T16:19:33+05:00,83,False,True,False,247,30,True,True,2,False,False,False,False,False,6,0.833,1,0,True,False,1,1,True,True,1.71,1.71,2.98,False,False,False,False,False
Spot.uz,https://www.spot.uz/ru/2026/07/13/power-cuts,2026-07-13T21:23:15+05:00,72,False,True,False,238,28,True,True,2,False,False,False,False,False,2,0.5,1,0,True,False,0,0,False,False,0.0,0.0,2.97,False,False,False,False,False
Spot.uz,https://www.spot.uz/ru/2026/07/14/tifc-fines,2026-07-14T10:59:49+05:00,54,True,False,False,126,15,False,True,1,True,False,False,False,False,2,0.5,1,0,True,False,0,0,False,False,0.0,0.0,2.83,False,False,False,False,False
Spot.uz,https://www.spot.uz/ru/2026/07/14/parkings-comment,2026-07-14T14:03:39+05:00,94,False,False,True,158,21,True,True,1,True,False,False,False,False,2,0.0,2,0,True,False,0,0,False,False,0.0,0.0,2.89,False,False,False,False,False
Spot.uz,https://www.spot.uz/ru/2026/07/14/pensions-proposals,2026-07-14T17:08:43+05:00,87,False,True,False,123,14,False,True,2,False,False,False,False,False,2,0.5,1,0,True,False,0,0,False,False,0.0,0.0,2.79,False,False,False,False,False
Spot.uz,https://www.spot.uz/ru/2026/07/15/atmos-pulberry,2026-07-15T09:00:39+05:00,91,False,False,True,163,21,True,True,1,True,False,False,False,False,0,,0,0,False,False,0,0,False,False,0.0,0.0,2.87,False,False,False,False,False
Spot.uz,https://www.spot.uz/ru/2026/07/15/perception-june26,2026-07-15T09:57:29+05:00,63,False,True,False,178,25,True,True,2,False,False,False,False,False,1,1.0,0,0,False,False,0,0,False,False,0.0,0.0,2.49,False,False,False,False,False
Spot.uz,https://www.spot.uz/ru/2026/07/15/pensions,2026-07-15T13:00:17+05:00,85,False,True,False,111,15,False,True,1,True,False,False,False,False,4,0.75,1,0,True,False,0,0,False,False,0.0,0.0,2.88,False,False,False,False,False
Spot.uz,https://www.spot.uz/ru/2026/07/15/lv-permits,2026-07-15T14:53:44+05:00,88,False,True,False,162,19,False,True,2,False,False,False,False,False,1,1.0,0,0,False,False,0,0,False,False,0.0,0.0,3.04,False,False,False,False,False
Spot.uz,https://www.spot.uz/ru/2026/07/15/asman-start,2026-07-15T18:35:33+05:00,66,False,True,False,108,12,False,True,1,True,False,False,False,False,1,1.0,0,0,False,False,0,0,False,False,0.0,0.0,2.54,False,False,False,False,False
Spot.uz,https://www.spot.uz/ru/2026/07/15/talent-pool,2026-07-15T21:03:08+05:00,77,False,True,False,238,30,True,True,2,False,False,False,False,False,2,0.5,1,0,True,False,0,0,False,False,0.0,0.0,3.11,False,False,False,False,False
Spot.uz,https://www.spot.uz/ru/2026/07/16/electricity-pick,2026-07-16T12:52:18+05:00,78,False,True,False,310,40,False,False,2,False,False,False,False,False,1,0.0,1,0,True,False,0,0,False,False,0.0,0.0,3.06,False,False,False,False,False
Spot.uz,https://www.spot.uz/ru/2026/07/16/humo,2026-07-16T13:00:59+05:00,69,False,True,False,220,26,True,True,2,False,False,False,False,False,3,0.0,3,0,True,False,0,0,False,False,0.0,0.0,2.75,False,False,False,False,False
Spot.uz,https://www.spot.uz/ru/2026/07/16/parking-lots,2026-07-16T14:39:15+05:00,69,False,True,False,147,20,True,True,1,True,False,False,False,False,1,0.0,1,0,True,False,0,0,False,False,0.0,0.0,2.78,False,False,False,False,False
Spot.uz,https://www.spot.uz/ru/2026/07/16/mahalla-issues,2026-07-16T16:52:52+05:00,71,False,True,False,154,18,False,True,2,False,False,False,False,False,6,0.333,4,0,True,False,1,0,True,False,2.96,0.0,2.69,False,False,False,False,False
Spot.uz,https://www.spot.uz/ru/2026/07/16/kyrgyzstan-tourism,2026-07-16T20:29:53+05:00,75,False,True,False,377,54,False,False,3,False,False,False,False,True,1,1.0,0,0,False,False,0,0,False,False,0.0,0.0,2.85,False,False,False,False,False
Spot.uz,https://www.spot.uz/ru/2026/07/17/id-amendments,2026-07-17T10:02:43+05:00,69,False,True,False,202,26,True,True,2,False,False,False,False,False,0,,0,0,False,False,0,0,False,False,0.0,0.0,3.13,False,False,False,False,False
Spot.uz,https://www.spot.uz/ru/2026/07/17/currency-purposes,2026-07-17T13:08:19+05:00,64,False,True,False,192,24,True,True,2,False,False,False,False,False,2,0.5,1,0,True,False,0,0,False,False,0.0,0.0,2.79,False,False,False,False,False
Spot.uz,https://www.spot.uz/ru/2026/07/17/miit-azerbaijan,2026-07-17T21:57:29+05:00,92,False,False,True,314,35,True,False,2,False,False,False,False,False,1,1.0,0,0,False,False,1,0,True,False,2.48,0.0,3.03,False,False,False,False,False
Spot.uz,https://www.spot.uz/ru/2026/07/18/energy-complaints,2026-07-18T13:31:35+05:00,70,False,True,False,216,29,True,True,1,True,False,False,False,False,5,0.6,2,0,True,False,0,0,False,False,0.0,0.0,3.05,False,False,False,False,False
Spot.uz,https://www.spot.uz/ru/2026/07/18/samauto-electrobus,2026-07-18T18:00:08+05:00,72,False,True,False,209,24,True,True,2,False,False,False,False,False,0,,0,0,False,False,1,0,True,False,3.77,0.0,2.56,False,False,False,False,False
Spot.uz,https://www.spot.uz/ru/2026/07/20/sobiroff-committee,2026-07-20T11:05:08+05:00,87,False,True,False,128,16,False,True,1,True,False,False,False,False,2,0.5,1,0,True,False,0,0,False,False,0.0,0.0,2.91,False,False,False,False,False
Spot.uz,https://www.spot.uz/ru/2026/07/20/medical-college,2026-07-20T14:59:01+05:00,90,False,True,False,132,17,False,True,2,False,False,False,False,False,0,,0,0,False,False,0,0,False,False,0.0,0.0,2.55,False,False,False,False,False
Spot.uz,https://www.spot.uz/ru/2026/07/20/oson-uzcard,2026-07-20T17:00:29+05:00,60,True,False,False,308,41,False,False,2,False,False,False,False,True,1,0.0,1,0,True,False,0,0,False,False,0.0,0.0,2.85,False,False,False,False,False
Spot.uz,https://www.spot.uz/ru/2026/07/20/tourist-insurance,2026-07-20T17:08:51+05:00,65,False,True,False,241,27,True,True,2,False,False,False,False,False,0,,0,0,False,False,0,0,False,False,0.0,0.0,2.92,False,False,False,False,False
Spot.uz,https://www.spot.uz/ru/2026/07/20/budget-income,2026-07-20T19:14:50+05:00,77,False,True,False,278,37,False,False,2,False,False,False,False,False,0,,0,0,False,False,0,0,False,False,0.0,0.0,2.54,False,False,False,False,False
Spot.uz,https://www.spot.uz/ru/2026/07/21/business-it,2026-07-21T00:01:03+05:00,83,False,True,False,144,16,False,True,1,True,False,False,False,False,0,,0,0,False,False,0,0,False,False,0.0,0.0,3.01,False,False,False,False,False
Spot.uz,https://www.spot.uz/ru/2026/07/21/pharma-generics,2026-07-21T16:25:28+05:00,80,False,True,False,202,26,True,True,1,True,False,False,False,False,0,,0,0,False,False,0,0,False,False,0.0,0.0,2.91,False,False,False,False,False
Spot.uz,https://www.spot.uz/ru/2026/07/21/trade-mobilization,2026-07-21T20:07:28+05:00,85,False,True,False,201,31,True,True,2,False,False,False,False,False,3,0.333,2,0,True,False,0,0,False,False,0.0,0.0,2.97,False,False,False,False,False
Spot.uz,https://www.spot.uz/ru/2026/07/21/oil-depots,2026-07-21T20:31:28+05:00,105,False,False,True,386,44,False,False,2,False,False,False,False,True,4,0.75,1,0,True,False,0,0,False,False,0.0,0.0,3.14,False,False,False,False,False
Spot.uz,https://www.spot.uz/ru/2026/07/21/asialuxe-travel,2026-07-21T21:00:50+05:00,63,False,True,False,329,42,False,False,2,False,False,False,False,True,0,,0,0,False,False,0,0,False,False,0.0,0.0,2.75,False,False,False,False,False
Spot.uz,https://www.spot.uz/ru/2026/07/22/tashkent-region-buses,2026-07-22T09:31:10+05:00,65,False,True,False,184,22,True,True,2,False,False,False,False,False,0,,0,0,False,False,0,0,False,False,0.0,0.0,2.6,False,False,False,False,False
Spot.uz,https://www.spot.uz/ru/2026/07/22/cryptocurrency-arrest,2026-07-22T13:21:09+05:00,78,False,True,False,152,20,True,True,1,True,False,False,False,False,2,1.0,0,0,False,False,0,0,False,False,0.0,0.0,2.77,False,False,False,False,False
Spot.uz,https://www.spot.uz/ru/2026/07/22/visitor-registration,2026-07-22T15:58:30+05:00,84,False,True,False,161,23,True,True,2,False,False,False,False,False,1,1.0,0,0,False,False,0,0,False,False,0.0,0.0,2.89,False,False,False,False,False
Spot.uz,https://www.spot.uz/ru/2026/07/22/tourist-bookings,2026-07-22T16:47:29+05:00,65,False,True,False,161,20,True,True,1,True,False,False,False,False,1,1.0,0,0,False,False,0,0,False,False,0.0,0.0,2.69,False,False,False,False,False
Spot.uz,https://www.spot.uz/ru/2026/07/22/nurafshon-overpass,2026-07-22T17:44:06+05:00,75,False,True,False,144,17,False,True,1,True,False,False,False,False,1,1.0,0,0,False,False,0,0,False,False,0.0,0.0,2.67,False,False,False,False,False
Spot.uz,https://www.spot.uz/ru/2026/07/22/eu-aliexpress,2026-07-22T23:28:05+05:00,87,False,True,False,102,14,False,True,1,True,False,False,False,False,7,0.857,1,0,True,False,0,0,False,False,0.0,0.0,2.7,False,False,False,False,False
Spot.uz,https://www.spot.uz/ru/2026/07/23/uk-e-visa,2026-07-23T12:17:06+05:00,57,True,False,False,175,22,True,True,2,False,False,False,False,False,2,0.5,1,0,True,False,0,0,False,False,0.0,0.0,2.81,False,False,False,False,False
Spot.uz,https://www.spot.uz/ru/2026/07/23/krantas-plans,2026-07-23T15:32:47+05:00,80,False,True,False,284,36,False,False,2,False,False,False,False,False,4,0.75,1,0,True,False,0,0,False,False,0.0,0.0,2.88,False,False,False,False,False
Spot.uz,https://www.spot.uz/ru/2026/07/23/covec,2026-07-23T17:40:18+05:00,73,False,True,False,119,17,False,True,1,True,False,False,False,False,14,0.643,4,1,True,True,0,0,False,False,0.0,0.0,2.71,False,False,False,False,False
Spot.uz,https://www.spot.uz/ru/2026/07/24/stablecoins-bonds,2026-07-24T09:35:26+05:00,66,False,True,False,201,20,True,True,2,False,False,False,False,False,0,,0,0,False,False,0,0,False,False,0.0,0.0,2.96,False,False,False,False,False
Spot.uz,https://www.spot.uz/ru/2026/07/24/green-energy-mark,2026-07-24T10:59:19+05:00,85,False,True,False,132,16,False,True,1,True,False,False,False,False,1,1.0,0,0,False,False,0,0,False,False,0.0,0.0,2.58,False,False,False,False,False
Spot.uz,https://www.spot.uz/ru/2026/07/24/businnes-mission,2026-07-24T14:21:23+05:00,27,True,False,False,187,22,True,True,1,True,False,False,False,False,0,,0,0,False,False,0,0,False,False,0.0,0.0,3.23,False,False,False,False,False
Spot.uz,https://www.spot.uz/ru/2026/07/24/e-rozilik,2026-07-24T17:30:59+05:00,83,False,True,False,238,25,True,True,2,False,False,False,False,False,0,,0,0,False,False,0,0,False,False,0.0,0.0,2.78,False,False,False,False,False
Spot.uz,https://www.spot.uz/ru/2026/07/25/remittances,2026-07-25T17:19:47+05:00,77,False,True,False,268,36,False,False,2,False,False,False,False,False,2,0.5,1,0,True,False,0,0,False,False,0.0,0.0,2.6,False,False,False,False,False
Spot.uz,https://www.spot.uz/ru/2026/07/26/wages,2026-07-26T13:43:39+05:00,79,False,True,False,285,35,True,False,2,False,False,False,False,False,0,,0,0,False,False,0,0,False,False,0.0,0.0,2.61,False,False,False,False,False
Spot.uz,https://www.spot.uz/ru/2026/07/27/uzum-record-bonds,2026-07-27T09:54:07+05:00,75,False,True,False,119,13,False,True,1,True,False,False,False,False,1,1.0,0,0,False,False,0,0,False,False,0.0,0.0,2.57,False,False,False,False,False
Spot.uz,https://www.spot.uz/ru/2026/07/27/verba-legal,2026-07-27T11:00:02+05:00,104,False,False,True,508,58,False,False,2,False,False,False,False,True,3,0.333,1,1,True,True,0,0,False,False,0.0,0.0,3.06,False,False,False,False,False
Spot.uz,https://www.spot.uz/ru/2026/07/27/minenergy,2026-07-27T14:09:31+05:00,65,False,True,False,279,34,True,False,3,False,False,False,False,False,1,1.0,0,0,False,False,0,0,False,False,0.0,0.0,2.94,False,False,False,False,False
Spot.uz,https://www.spot.uz/ru/2026/07/27/regional-electric-networks,2026-07-27T16:59:43+05:00,72,False,True,False,138,17,False,True,1,True,False,False,False,False,3,0.667,1,0,True,False,0,0,False,False,0.0,0.0,3.03,False,False,False,False,False
Spot.uz,https://www.spot.uz/ru/2026/07/27/toll-road,2026-07-27T20:06:43+05:00,87,False,True,False,119,17,False,True,1,True,False,False,False,False,5,0.6,2,0,True,False,0,0,False,False,0.0,0.0,2.69,False,False,False,False,False
Spot.uz,https://www.spot.uz/ru/2026/07/27/new-tashkent,2026-07-27T23:39:46+05:00,72,False,True,False,125,16,False,True,1,True,False,False,False,False,3,0.667,1,0,True,False,0,0,False,False,0.0,0.0,3.06,False,False,False,False,False
Spot.uz,https://www.spot.uz/ru/2026/07/28/capital-market-bill,2026-07-28T12:59:41+05:00,65,False,True,False,146,21,True,True,2,False,False,False,False,False,1,1.0,0,0,False,False,0,0,False,False,0.0,0.0,3.16,False,False,False,False,False
Spot.uz,https://www.spot.uz/ru/2026/07/28/servercore,2026-07-28T15:00:46+05:00,103,False,False,True,540,57,False,False,2,False,False,False,False,True,1,0.0,1,0,True,False,1,0,True,False,2.61,0.0,3.05,False,False,False,False,False
Spot.uz,https://www.spot.uz/ru/2026/07/28/water-reorganization,2026-07-28T18:35:01+05:00,80,False,True,False,171,23,True,True,2,False,False,False,False,False,1,1.0,0,0,False,False,0,0,False,False,0.0,0.0,3.11,False,False,False,False,False
Spot.uz,https://www.spot.uz/ru/2026/07/28/tourism-qr,2026-07-28T19:00:42+05:00,80,False,True,False,115,17,False,True,1,True,False,False,False,False,1,1.0,0,0,False,False,0,0,False,False,0.0,0.0,2.78,False,False,False,False,False
Spot.uz,https://www.spot.uz/ru/2026/07/28/tashkent-transport,2026-07-28T21:18:27+05:00,80,False,True,False,454,52,False,False,3,False,False,False,False,True,0,,0,0,False,False,0,0,False,False,0.0,0.0,2.74,False,False,False,False,False
Spot.uz,https://www.spot.uz/ru/2026/07/29/kapitalbank,2026-07-29T09:00:35+05:00,82,False,True,False,266,30,True,False,2,False,False,False,False,False,0,,0,0,False,False,1,0,True,False,3.69,0.0,3.06,False,False,False,False,False
Spot.uz,https://www.spot.uz/ru/2026/07/29/cb-rate,2026-07-29T11:22:02+05:00,90,False,True,False,157,23,True,True,2,False,False,False,False,False,4,0.25,3,0,True,False,2,0,True,False,5.42,0.0,3.08,False,False,False,False,False
Spot.uz,https://www.spot.uz/ru/2026/07/29/dxb-vacancies,2026-07-29T12:58:22+05:00,77,False,True,False,147,19,False,True,2,False,False,False,False,False,0,,0,0,False,False,0,0,False,False,0.0,0.0,2.76,False,False,False,False,False
Spot.uz,https://www.spot.uz/ru/2026/07/29/kapitalbank-safety,2026-07-29T17:00:01+05:00,81,False,True,False,438,65,False,False,3,False,False,False,False,True,0,,0,0,False,False,0,0,False,False,0.0,0.0,2.78,False,False,False,True,True
Spot.uz,https://www.spot.uz/ru/2026/07/29/business-survey,2026-07-29T19:36:04+05:00,86,False,True,False,153,21,True,True,1,True,False,False,False,False,1,1.0,0,0,False,False,0,0,False,False,0.0,0.0,2.98,False,False,False,False,False
Spot.uz,https://www.spot.uz/ru/2026/07/30/uzcard,2026-07-30T00:35:51+05:00,74,False,True,False,351,46,False,False,2,False,False,False,False,True,0,,0,0,False,False,0,0,False,False,0.0,0.0,2.48,False,False,False,False,False
Spot.uz,https://www.spot.uz/ru/2026/07/30/asterium,2026-07-30T11:00:58+05:00,70,False,True,False,139,14,False,True,1,True,False,False,False,False,0,,0,0,False,False,1,1,True,True,7.19,7.19,2.93,False,False,False,False,False
Spot.uz,https://www.spot.uz/ru/2026/07/30/apartments-bank,2026-07-30T14:22:16+05:00,70,False,True,False,194,26,True,True,2,False,False,False,False,False,2,0.5,1,0,True,False,0,0,False,False,0.0,0.0,2.84,False,False,False,False,False
Spot.uz,https://www.spot.uz/ru/2026/07/30/cars-h1-2026,2026-07-30T16:55:57+05:00,92,False,False,True,178,24,True,True,1,True,False,False,False,False,0,,0,0,False,False,0,0,False,False,0.0,0.0,2.38,True,False,False,False,False
Spot.uz,https://www.spot.uz/ru/2026/07/30/heating-tariffs,2026-07-30T20:21:15+05:00,76,False,True,False,408,47,False,False,2,False,False,False,False,True,1,1.0,0,0,False,False,1,0,True,False,3.18,0.0,2.82,False,False,False,False,False
Spot.uz,https://www.spot.uz/ru/2026/07/31/diesel-payment,2026-07-31T09:59:58+05:00,63,False,True,False,192,23,True,True,2,False,False,False,False,False,0,,0,0,False,False,0,0,False,False,0.0,0.0,2.85,False,False,False,False,False
Spot.uz,https://www.spot.uz/ru/2026/07/31/malaysia-madein,2026-07-31T11:51:52+05:00,45,True,False,False,145,19,False,True,1,True,False,False,False,False,0,,0,0,False,False,0,1,False,True,0.0,14.08,2.94,False,False,False,False,False
Spot.uz,https://www.spot.uz/ru/2026/07/31/humo,2026-07-31T16:00:14+05:00,83,False,True,False,205,30,True,True,2,False,False,False,False,False,1,0.0,1,0,True,False,1,0,True,False,2.26,0.0,2.55,False,False,False,False,False
Spot.uz,https://www.spot.uz/ru/2026/07/31/real-estate,2026-07-31T17:45:29+05:00,79,False,True,False,235,33,True,True,1,True,False,False,False,False,0,,0,0,False,False,0,0,False,False,0.0,0.0,2.56,False,False,False,False,False
Spot.uz,https://www.spot.uz/ru/2026/07/31/chirchiq-gastro,2026-07-31T17:55:31+05:00,64,False,True,False,117,17,False,True,2,False,False,False,False,False,1,1.0,0,0,False,False,0,0,False,False,0.0,0.0,2.83,False,False,False,False,False
Spot.uz,https://www.spot.uz/ru/2026/07/31/benkam,2026-07-31T19:00:00+05:00,88,False,True,False,281,34,True,False,2,False,False,False,False,False,0,,0,0,False,False,0,0,False,False,0.0,0.0,2.86,False,False,False,False,False
Spot.uz,https://www.spot.uz/ru/2026/07/31/nmmc,2026-07-31T23:43:03+05:00,91,False,False,True,157,18,False,True,2,False,False,False,False,False,2,1.0,0,0,False,False,0,0,False,False,0.0,0.0,3.0,False,False,False,False,False
Spot.uz,https://www.spot.uz/ru/2026/08/01/aero-nomad,2026-08-01T12:25:21+05:00,66,False,True,False,152,19,False,True,1,True,False,False,False,False,1,1.0,0,0,False,False,0,0,False,False,0.0,0.0,2.5,False,False,False,False,False
Spot.uz,https://www.spot.uz/ru/2026/08/01/yandex-auto,2026-08-01T15:00:57+05:00,64,False,True,False,209,26,True,True,2,False,False,False,True,False,2,0.0,2,0,True,False,0,0,False,False,0.0,0.0,2.63,False,False,False,False,False
Spot.uz,https://www.spot.uz/ru/2026/08/01/lolazor,2026-08-01T17:25:12+05:00,80,False,True,False,207,26,True,True,2,False,False,False,False,False,5,0.6,1,1,True,True,0,0,False,False,0.0,0.0,2.96,False,False,False,False,False
Spot.uz,https://www.spot.uz/ru/2026/08/02/week-summary,2026-08-02T17:50:21+05:00,100,False,False,True,404,47,False,False,4,False,False,False,False,True,4,0.75,1,0,True,False,1,1,True,True,0.75,0.75,2.75,False,False,False,False,False
Spot.uz,https://www.spot.uz/ru/2026/08/03/edelweiss-samarkand,2026-08-03T09:58:20+05:00,62,False,True,False,121,16,False,True,1,True,False,False,False,False,3,0.333,2,0,True,False,0,0,False,False,0.0,0.0,2.73,False,False,False,False,False
Spot.uz,https://www.spot.uz/ru/2026/08/03/crypto-fines,2026-08-03T14:55:11+05:00,84,False,True,False,226,25,True,True,2,False,False,False,False,False,0,,0,0,False,False,0,0,False,False,0.0,0.0,2.81,False,False,False,False,False
Spot.uz,https://www.spot.uz/ru/2026/08/03/heating-fraud,2026-08-03T16:18:27+05:00,71,False,True,False,150,17,False,True,1,True,False,False,False,False,4,0.5,1,1,True,True,0,0,False,False,0.0,0.0,2.76,False,False,False,False,False
Spot.uz,https://www.spot.uz/ru/2026/08/03/electricity-discount,2026-08-03T20:02:33+05:00,105,False,False,True,216,28,True,True,2,False,False,False,False,False,12,0.5,6,0,True,False,0,0,False,False,0.0,0.0,2.92,False,False,False,False,False
Spot.uz,https://www.spot.uz/ru/2026/08/04/nurbuloq,2026-08-04T10:01:43+05:00,65,False,True,False,171,19,False,True,2,False,False,False,False,False,2,0.5,1,0,True,False,1,0,True,False,2.8,0.0,2.88,False,False,False,False,False
Spot.uz,https://www.spot.uz/ru/2026/08/04/ip-registration,2026-08-04T12:30:16+05:00,90,False,True,False,178,22,True,True,2,False,False,False,False,False,2,0.5,1,0,True,False,0,0,False,False,0.0,0.0,2.95,False,False,False,False,False
Spot.uz,https://www.spot.uz/ru/2026/08/04/impounding,2026-08-04T14:40:22+05:00,71,False,True,False,134,15,False,True,1,True,False,False,False,False,5,0.6,2,0,True,False,0,0,False,False,0.0,0.0,2.7,False,False,False,False,False
Spot.uz,https://www.spot.uz/ru/2026/08/04/real-estate,2026-08-04T18:00:34+05:00,73,False,True,False,229,32,True,True,2,False,False,False,False,False,0,,0,0,False,False,0,0,False,False,0.0,0.0,2.51,False,False,False,False,False
Spot.uz,https://www.spot.uz/ru/2026/08/04/cadastre-reforms,2026-08-04T18:55:42+05:00,68,False,True,False,157,20,True,True,1,True,False,False,False,False,0,,0,0,False,False,0,0,False,False,0.0,0.0,2.92,False,False,False,False,False
Spot.uz,https://www.spot.uz/ru/2026/08/04/economic-growth,2026-08-04T20:56:30+05:00,78,False,True,False,219,29,True,True,2,False,False,False,False,False,1,1.0,0,0,False,False,0,0,False,False,0.0,0.0,2.74,False,False,False,False,False
Spot.uz,https://www.spot.uz/ru/2026/08/05/engelberg,2026-08-05T13:00:44+05:00,84,False,True,False,318,36,False,False,2,False,False,False,False,False,0,,0,0,False,False,0,0,False,False,0.0,0.0,3.04,False,False,False,False,False
Spot.uz,https://www.spot.uz/ru/2026/08/05/uklon-ferghana,2026-08-05T16:27:28+05:00,57,True,False,False,124,18,False,True,2,False,False,False,False,False,2,1.0,0,0,False,False,0,0,False,False,0.0,0.0,2.46,False,False,False,False,False
Spot.uz,https://www.spot.uz/ru/2026/08/05/wildberries-export,2026-08-05T20:28:36+05:00,83,False,True,False,212,26,True,True,2,False,False,False,False,False,2,1.0,0,0,False,False,0,0,False,False,0.0,0.0,2.77,False,False,False,False,False
Spot.uz,https://www.spot.uz/ru/2026/08/05/octobank,2026-08-05T21:00:53+05:00,50,True,False,False,68,8,False,True,1,True,False,False,False,False,0,,0,0,False,False,0,0,False,False,0.0,0.0,2.52,False,False,False,False,False
Spot.uz,https://www.spot.uz/ru/2026/08/06/russia-migration,2026-08-06T13:48:17+05:00,74,False,True,False,334,44,False,False,2,False,False,False,False,True,1,1.0,0,0,False,False,0,0,False,False,0.0,0.0,2.79,False,False,False,False,False
Spot.uz,https://www.spot.uz/ru/2026/08/06/uzcard,2026-08-06T17:00:35+05:00,71,False,True,False,569,65,False,False,2,False,False,False,False,True,0,,0,0,False,False,0,0,False,False,0.0,0.0,3.26,False,False,False,False,False
Spot.uz,https://www.spot.uz/ru/2026/08/06/akfa,2026-08-06T19:00:23+05:00,53,True,False,False,191,24,True,True,2,False,False,False,False,False,0,,0,0,False,False,0,0,False,False,0.0,0.0,2.85,False,False,False,False,False
Spot.uz,https://www.spot.uz/ru/2026/08/06/small-aviation,2026-08-06T20:30:16+05:00,89,False,True,False,112,15,False,True,1,True,False,False,False,False,0,,0,0,False,False,0,0,False,False,0.0,0.0,3.19,False,False,False,False,False
Spot.uz,https://www.spot.uz/ru/2026/08/06/loong-air-ferghana,2026-08-06T21:37:19+05:00,65,False,True,False,127,14,False,True,1,True,False,False,False,False,2,1.0,0,0,False,False,0,0,False,False,0.0,0.0,2.76,False,False,False,False,False
Spot.uz,https://www.spot.uz/ru/2026/08/07/new-tax,2026-08-07T12:00:48+05:00,113,False,False,True,74,9,False,True,1,True,False,False,False,False,0,,0,0,False,False,0,2,False,True,0.0,1.05,2.54,False,False,False,False,False
Spot.uz,https://www.spot.uz/ru/2026/08/07/liquefied-gas,2026-08-07T13:49:50+05:00,80,False,True,False,203,24,True,True,1,True,False,False,False,False,5,0.6,2,0,True,False,0,0,False,False,0.0,0.0,3.08,False,False,False,False,False
Spot.uz,https://www.spot.uz/ru/2026/08/07/coal-subsidies,2026-08-07T17:04:04+05:00,80,False,True,False,167,22,True,True,2,False,False,False,False,False,0,,0,0,False,False,0,0,False,False,0.0,0.0,2.74,False,False,False,False,False
Spot.uz,https://www.spot.uz/ru/2026/08/07/bribe-punishment,2026-08-07T18:27:11+05:00,75,False,True,False,221,29,True,True,2,False,False,False,False,False,1,1.0,0,0,False,False,0,0,False,False,0.0,0.0,2.61,False,False,False,False,False
Podrobno.uz,https://podrobno.uz/cat/economic/obshchepitu-turizmu-i-yuveliram-vernuli-pochti-100-milliardov-sumov-nds,2026-07-09T00:00:00+05:00,67,False,True,False,271,34,True,False,2,False,False,False,False,False,0,,0,0,False,False,0,0,False,False,0.0,0.0,3.07,False,False,False,False,False
Podrobno.uz,https://podrobno.uz/cat/economic/uzbekistan-mozhet-privlech-do-6-4-milliarda-dollarov-chastnykh-investitsiy,2026-07-10T00:00:00+05:00,70,False,True,False,221,31,True,True,2,False,False,False,False,False,0,,0,0,False,False,1,0,True,False,4.78,0.0,2.8,False,False,False,False,False
Podrobno.uz,https://podrobno.uz/cat/economic/inostrannym-kinostudiyam-vernut-chast-zatrat-na-semki-v-uzbekistane,2026-07-10T00:00:00+05:00,67,False,True,False,203,23,True,True,2,False,False,False,False,False,0,,0,0,False,False,0,0,False,False,0.0,0.0,2.88,False,False,False,False,False
Podrobno.uz,https://podrobno.uz/cat/politic/postupleniya-v-byudzhety-makhalley-pochti-vtroe-prevysyat-pervonachalnyy-plan,2026-07-16T00:00:00+05:00,71,False,True,False,128,20,True,True,1,True,False,False,False,False,0,,0,0,False,False,0,0,False,False,0.0,0.0,2.77,False,False,False,False,False
Podrobno.uz,https://podrobno.uz/cat/politic/posol-germanii-manfred-khuterer-zavershil-diplomaticheskuyu-missiyu-v-uzbekistane,2026-07-16T00:00:00+05:00,76,False,True,False,174,21,True,True,1,True,False,False,False,False,1,0.0,1,0,True,False,0,0,False,False,0.0,0.0,2.87,False,False,False,False,False
Podrobno.uz,https://podrobno.uz/cat/economic/v-uzbekistane-soglasovali-sdelku-po-pokupke-50-operatora-perfectum,2026-07-16T00:00:00+05:00,67,False,True,False,317,38,False,False,2,False,False,False,False,False,0,,0,0,False,False,0,0,False,False,0.0,0.0,2.84,False,False,False,False,False
Podrobno.uz,https://podrobno.uz/cat/economic/octobank-zavershil-pervoe-polugodie-2026-goda-finansovym-rostom-novymi-vozmozhnostyami-i-mezhdunarod,2026-07-16T00:00:00+05:00,111,False,False,True,398,46,False,False,2,False,False,False,False,True,1,0.0,1,0,True,False,0,4,False,True,0.0,2.87,2.77,False,False,False,False,False
Podrobno.uz,https://podrobno.uz/cat/politic/uzbekistan-predstavit-svoe-kulturnoe-nasledie-na-krupneyshikh-mirovykh-ploshchadkakh,2026-07-17T00:00:00+05:00,78,False,True,False,285,34,True,False,2,False,False,False,False,False,0,,0,0,False,False,0,0,False,False,0.0,0.0,2.87,False,False,False,False,False
Podrobno.uz,https://podrobno.uz/cat/politic/prezident-uzbekistana-prinyal-glavu-minekonomiki-azerbaydzhana-mikaila-dzhabbarova,2026-07-17T00:00:00+05:00,79,False,True,False,281,35,True,False,2,False,False,False,False,False,1,0.0,1,0,True,False,0,0,False,False,0.0,0.0,3.32,False,False,False,False,False
Podrobno.uz,https://podrobno.uz/cat/politic/rustam-dzhuraev-vozglavil-gosudarstvennuyu-sluzhbu-bezopasnosti-prezidenta,2026-07-18T00:00:00+05:00,71,False,True,False,276,28,True,False,4,False,False,False,False,False,1,1.0,0,0,False,False,0,0,False,False,0.0,0.0,3.26,False,False,False,False,False
Podrobno.uz,https://podrobno.uz/cat/politic/uzbekistan-i-katar-rasshiryat-sotrudnichestvo-v-ekonomike-energetike-i-logistike,2026-07-20T00:00:00+05:00,78,False,True,False,248,32,True,True,2,False,False,False,False,False,0,,0,0,False,False,0,0,False,False,0.0,0.0,2.92,False,False,False,False,False
Podrobno.uz,https://podrobno.uz/cat/politic/shavkat-mirziyeev-prinyal-delegatsiyu-belarusi-vo-glave-s-vitse-premerom-viktorom-karankevichem,2026-07-20T00:00:00+05:00,89,False,True,False,135,16,False,True,1,True,False,False,False,False,1,0.0,1,0,True,False,1,0,True,False,7.58,0.0,3.36,False,False,False,False,False
Podrobno.uz,https://podrobno.uz/cat/economic/shavkat-mirziyeev-poruchil-razdelit-funktsii-proizvodstva-i-postavki-pitevoy-vody,2026-07-20T00:00:00+05:00,79,False,True,False,392,41,False,False,2,False,False,False,False,True,0,,0,0,False,False,1,0,True,False,3.6,0.0,3.12,False,False,False,False,False
Podrobno.uz,https://podrobno.uz/cat/politic/zamkhokima-bukharskoy-oblasti-lishilsya-dolzhnosti-za-proval-po-nalogam,2026-07-21T00:00:00+05:00,66,False,True,False,246,32,True,True,2,False,False,False,False,False,1,1.0,0,0,False,False,1,0,True,False,4.76,0.0,2.84,False,False,False,False,False
Podrobno.uz,https://podrobno.uz/cat/politic/prezident-raskritikoval-rabotu-bankov-na-mestakh-i-prigrozil-kadrovymi-resheniyami,2026-07-21T00:00:00+05:00,79,False,True,False,193,25,True,True,1,True,False,False,False,False,2,1.0,0,0,False,False,0,0,False,False,0.0,0.0,2.76,False,False,False,False,False
Podrobno.uz,https://podrobno.uz/cat/economic/v-uzbekistane-gotovyat-sokrashchenie-shtrafov-dlya-biznesa-i-novuyu-volnu-privatizatsii,2026-07-21T00:00:00+05:00,79,False,True,False,269,32,True,False,2,False,False,False,False,False,1,0.0,1,0,True,False,0,0,False,False,0.0,0.0,3.1,False,False,False,False,False
Podrobno.uz,https://podrobno.uz/cat/economic/ekonomika-uzbekistana-vyrosla-na-8-5-shavkat-mirziyeev-potreboval-uskorit-razvitie-regionov,2026-07-21T00:00:00+05:00,93,False,False,True,190,21,True,True,1,True,False,False,False,False,2,0.0,2,0,True,False,1,0,True,False,3.16,0.0,3.09,False,False,False,False,False
Podrobno.uz,https://podrobno.uz/cat/politic/v-yangikhaetskom-rayone-tashkenta-postroyat-novyy-zavod-po-proizvodstvu-spetstekhniki,2026-07-22T00:00:00+05:00,79,False,True,False,111,13,False,True,1,True,False,False,False,False,0,,0,0,False,False,0,0,False,False,0.0,0.0,3.03,False,False,False,False,False
Podrobno.uz,https://podrobno.uz/cat/politic/v-uzbekistane-nachal-rabotu-novyy-posol-pakistana,2026-07-22T00:00:00+05:00,48,True,False,False,258,32,True,False,2,False,False,False,False,False,1,1.0,0,0,False,False,0,0,False,False,0.0,0.0,3.09,False,False,False,False,False
Podrobno.uz,https://podrobno.uz/cat/economic/v-tashkente-sostoyalos-torzhestvennoe-otkrytie-proizvodstvennogo-kompleksa-damira-beverages-enterpri,2026-07-22T00:00:00+05:00,107,False,False,True,149,15,False,True,1,True,False,False,False,False,2,0.0,2,0,True,False,0,1,False,True,0.0,1.68,3.22,False,False,False,False,False
Podrobno.uz,https://podrobno.uz/cat/economic/tashkent-narastil-investitsii-v-poltora-raza-i-stal-liderom-po-rostu-ekonomiki,2026-07-22T00:00:00+05:00,76,False,True,False,272,37,False,False,2,False,False,False,False,False,0,,0,0,False,False,0,0,False,False,0.0,0.0,2.84,False,False,False,False,False
Podrobno.uz,https://podrobno.uz/cat/economic/belorusskiy-maz-rasshirit-privlechenie-spetsialistov-iz-uzbekistana,2026-07-22T00:00:00+05:00,64,False,True,False,219,29,True,True,2,False,False,False,False,False,0,,0,0,False,False,0,0,False,False,0.0,0.0,3.27,False,False,False,False,False
Podrobno.uz,https://podrobno.uz/cat/politic/prezident-nazval-tashkentskuyu-oblast-odnoy-iz-glavnykh-opor-ekonomiki-respubliki,2026-07-23T00:00:00+05:00,79,False,True,False,238,30,True,True,2,False,False,False,False,False,1,0.0,1,0,True,False,0,1,False,True,0.0,4.22,2.84,False,False,False,False,False
Podrobno.uz,https://podrobno.uz/cat/economic/v-bukharskoy-oblasti-otkroyut-pervoe-v-uzbekistane-proizvodstvo-khimicheskikh-dobavok-dlya-dorog,2026-07-23T00:00:00+05:00,90,False,True,False,220,28,True,True,2,False,False,False,False,False,0,,0,0,False,False,0,0,False,False,0.0,0.0,2.89,False,False,False,False,False
Podrobno.uz,https://podrobno.uz/cat/economic/uzbekistan-stal-mirovym-liderom-po-tempam-rosta-venchurnykh-investitsiy,2026-07-23T00:00:00+05:00,68,False,True,False,204,27,True,True,2,False,False,False,False,False,1,1.0,0,0,False,False,0,0,False,False,0.0,0.0,2.81,False,False,False,False,False
Podrobno.uz,https://podrobno.uz/cat/economic/pochemu-ot-privychnogo-odnoprotsentnogo-keshbeka-khotyat-otkazatsya-imenno-seychas-i-chto-predlagayu,2026-07-23T00:00:00+05:00,99,False,False,True,636,78,False,False,5,False,False,False,False,True,0,,0,0,False,False,1,0,True,False,0.99,0.0,2.87,False,False,False,False,False
Podrobno.uz,https://podrobno.uz/cat/politic/kto-pozdravil-shavkata-mirziyeeva-s-dnem-rozhdeniya-i-kakie-pozhelaniya-emu-peredali-zarubezhnye-lid,2026-07-24T00:00:00+05:00,96,False,False,True,285,40,False,False,2,False,False,False,False,False,10,0.0,10,0,True,False,0,0,False,False,0.0,0.0,3.25,False,False,False,False,False
Podrobno.uz,https://podrobno.uz/cat/politic/glava-mid-uzbekistana-obsudil-s-kollegoy-iz-irana-situatsiyu-na-blizhnem-vostoke,2026-07-24T00:00:00+05:00,77,False,True,False,235,29,True,True,1,True,False,False,False,False,0,,0,0,False,False,0,0,False,False,0.0,0.0,3.17,False,False,False,False,False
Podrobno.uz,https://podrobno.uz/cat/economic/v-minyuste-predupredili-o-vozmozhnom-roste-tsen-na-zhile-iz-za-eskrou-schetov,2026-07-27T00:00:00+05:00,73,False,True,False,266,32,True,False,2,False,False,False,False,False,3,0.667,1,0,True,False,0,1,False,True,0.0,6.33,3.08,False,False,False,False,False
Podrobno.uz,https://podrobno.uz/cat/economic/uzbekistan-i-afganistan-namereny-uvelichit-tovarooborot-do-5-milliardov-dollarov,2026-07-27T00:00:00+05:00,80,False,True,False,229,29,True,True,2,False,False,False,False,False,1,1.0,0,0,False,False,0,1,False,True,0.0,6.37,3.07,False,False,False,False,False
Podrobno.uz,https://podrobno.uz/cat/obchestvo/ostavsheysya-bez-sredstv-seme-s-tremya-detmi-pomogli-vernutsya-iz-rossii-v-uzbekistan,2026-07-28T00:00:00+05:00,84,False,True,False,206,29,True,True,2,False,False,False,False,False,1,0.0,1,0,True,False,0,0,False,False,0.0,0.0,2.78,False,False,False,False,False
Podrobno.uz,https://podrobno.uz/cat/proisshestviya/skonchalsya-voditel-chevrolet-onix-postradavshiy-v-rezonansnom-dtp-s-patrulnymi-mototsiklami,2026-07-29T00:00:00+05:00,91,False,False,True,187,26,True,True,2,False,False,False,False,False,0,,0,0,False,False,0,0,False,False,0.0,0.0,2.78,False,False,False,False,False
Podrobno.uz,https://podrobno.uz/cat/economic/zolotaya-korona-v-uzbekistane-mozhet-vozobnovit-rabotu-cherez-novogo-operatora-uzhe-so-sleduyushchey,2026-07-29T00:00:00+05:00,102,False,False,True,374,49,False,False,3,False,False,False,False,True,2,0.0,2,0,True,False,0,0,False,False,0.0,0.0,2.72,False,False,False,False,False
Podrobno.uz,https://podrobno.uz/cat/proisshestviya/v-uzbekistane-bortsa-oshtrafovali-za-publikatsiyu-s-prizyvom-k-nasiliyu-nad-zhenoy-video,2026-07-30T00:00:00+05:00,83,False,True,False,234,32,True,True,2,False,False,False,False,False,4,0.5,1,1,True,True,0,0,False,False,0.0,0.0,2.69,False,False,False,False,False
Podrobno.uz,https://podrobno.uz/cat/proisshestviya/v-samarkandskoy-oblasti-chinovnik-ses-prodaval-sanitarnye-zaklyucheniya-,2026-07-30T00:00:00+05:00,68,False,True,False,263,28,True,False,2,False,False,False,False,False,1,1.0,0,0,False,False,0,0,False,False,0.0,0.0,3.16,False,False,False,False,False
Podrobno.uz,https://podrobno.uz/cat/proisshestviya/na-granitse-kyrgyzstana-i-uzbekistana-nashli-podzemnyy-tunnel-kotoryy-mogli-ispolzovat-kontrabandist,2026-07-30T00:00:00+05:00,103,False,False,True,208,25,True,True,2,False,False,False,False,False,1,1.0,0,0,False,False,0,0,False,False,0.0,0.0,2.91,False,False,False,False,False
Podrobno.uz,https://podrobno.uz/cat/politic/uzbekistan-i-kyrgyzstan-zaklyuchili-dogovor-o-soyuznichestve-i-uregulirovali-ryad-dvustoronnikh-vopr,2026-07-30T00:00:00+05:00,98,False,False,True,270,35,True,False,1,True,False,False,False,False,0,,0,0,False,False,0,0,False,False,0.0,0.0,3.21,False,False,False,False,False
Podrobno.uz,https://podrobno.uz/cat/economic/v-uzbekistane-predlozhili-vvesti-nalog-na-dokhody-po-bankovskim-depozitam,2026-07-30T00:00:00+05:00,71,False,True,False,450,62,False,False,4,False,False,False,False,True,3,0.0,3,0,True,False,1,2,True,True,2.13,4.26,2.75,False,False,False,False,False
Podrobno.uz,https://podrobno.uz/cat/economic/chto-izmenilos-posle-zapuska-uzqr-i-pochemu-vokrug-nego-mnogo-voprosov,2026-07-30T00:00:00+05:00,70,False,True,False,472,65,False,False,4,False,False,False,False,True,11,0.364,6,1,True,True,0,0,False,False,0.0,0.0,2.71,False,False,False,False,False
Podrobno.uz,https://podrobno.uz/cat/economic/antikorruptsionnye-proverki-v-gosorganakh-vyyavili-finansovye-narusheniya-pochti-na-2-trilliona-sumo,2026-07-30T00:00:00+05:00,95,False,False,True,324,41,False,False,2,False,False,False,False,True,1,1.0,0,0,False,False,0,0,False,False,0.0,0.0,3.16,False,False,False,False,False
Podrobno.uz,https://podrobno.uz/cat/proisshestviya/v-ufe-grazhdanin-uzbekistana-utonul-v-reke-s-silnym-techeniem,2026-07-31T00:00:00+05:00,60,True,False,False,137,21,True,True,2,False,False,False,False,False,0,,0,0,False,False,0,0,False,False,0.0,0.0,2.42,False,False,False,False,False
Podrobno.uz,https://podrobno.uz/cat/proisshestviya/v-fergane-muzhchinu-prigovorili-k-11-godam-za-popytku-prodat-kilogramm-gashisha-video-,2026-07-31T00:00:00+05:00,83,False,True,False,175,26,True,True,2,False,False,False,False,False,2,0.0,1,1,True,True,0,0,False,False,0.0,0.0,2.63,False,False,False,False,False
Podrobno.uz,https://podrobno.uz/cat/proisshestviya/v-andizhane-presekli-nezakonnuyu-prodazhu-zemli-iz-gosrezerva-za-desyatki-tysyach-dollarov,2026-07-31T00:00:00+05:00,84,False,True,False,233,28,True,True,2,False,False,False,False,False,2,0.0,0,2,False,True,0,0,False,False,0.0,0.0,2.83,False,False,False,False,False
Podrobno.uz,https://podrobno.uz/cat/politic/mirziyeev-prizval-prevratit-tsentralnuyu-aziyu-v-edinoe-prostranstvo-razvitiya,2026-07-31T00:00:00+05:00,75,False,True,False,356,41,False,False,2,False,False,False,False,True,6,0.333,4,0,True,False,1,0,True,False,3.83,0.0,3.17,False,False,False,False,False
Podrobno.uz,https://podrobno.uz/cat/world/v-ssha-muzhchine-grozit-pyat-let-tyurmy-za-udalenie-dannykh-s-telefona-na-tamozhne,2026-08-01T00:00:00+05:00,77,False,True,False,254,37,False,False,2,False,False,False,False,False,1,0.0,0,1,False,True,0,0,False,False,0.0,0.0,2.88,False,False,False,False,False
Podrobno.uz,https://podrobno.uz/cat/world/ispaniya-usilila-okhranu-granitsy-posle-massovogo-proryva-migrantov-iz-marokko-video,2026-08-01T00:00:00+05:00,82,False,True,False,279,39,False,False,2,False,False,False,False,False,3,0.667,1,0,True,False,0,0,False,False,0.0,0.0,2.88,False,False,False,False,False
Podrobno.uz,https://podrobno.uz/cat/sport/futbolnomu-klubu-bunyedkor-vydelili-5-milliardov-sumov-,2026-08-01T00:00:00+05:00,56,True,False,False,181,24,True,True,1,True,False,False,False,False,2,1.0,0,0,False,False,0,0,False,False,0.0,0.0,2.8,False,False,False,False,False
Podrobno.uz,https://podrobno.uz/cat/politic/shavkat-mirziyeev-posetil-pervyy-v-tsentralnoy-azii-etap-chempionata-mira-po-formule-1-na-vode,2026-08-01T00:00:00+05:00,93,False,False,True,221,28,True,True,2,False,False,False,False,False,0,,0,0,False,False,0,0,False,False,0.0,0.0,2.89,False,False,False,False,False
Podrobno.uz,https://podrobno.uz/cat/obchestvo/vlasti-tashkenta-vzyalis-za-sozdanie-priyuta-dlya-bezdomnykh-sobak-posle-gromkikh-sluchaev-zhestok,2026-08-01T00:00:00+05:00,95,False,False,True,276,34,True,False,2,False,False,False,False,False,2,1.0,0,0,False,False,0,0,False,False,0.0,0.0,3.03,False,False,False,False,False
Podrobno.uz,https://podrobno.uz/cat/obchestvo/vladeltsev-sobak-i-koshek-v-uzbekistane-obyazhut-chipirovat-pitomtsev,2026-08-01T00:00:00+05:00,65,False,True,False,248,35,True,True,3,False,False,False,False,False,0,,0,0,False,False,0,0,False,False,0.0,0.0,2.89,False,False,False,False,False
Podrobno.uz,https://podrobno.uz/cat/obchestvo/v-uzbekistane-startoval-priem-zayavok-na-mesta-v-studencheskikh-obshchezhitiyakh,2026-08-01T00:00:00+05:00,71,False,True,False,130,19,False,True,1,True,False,False,False,False,0,,0,0,False,False,0,0,False,False,0.0,0.0,2.91,False,False,False,False,False
Podrobno.uz,https://podrobno.uz/cat/obchestvo/v-tashkente-proydut-masshtabnye-reydy-po-vyyavleniyu-khishcheniy-elektroenergii-i-gaza,2026-08-01T00:00:00+05:00,78,False,True,False,255,33,True,False,2,False,False,False,False,False,1,0.0,1,0,True,False,0,0,False,False,0.0,0.0,3.09,False,False,False,False,False
Podrobno.uz,https://podrobno.uz/cat/proisshestviya/v-tashkente-vozbudili-ugolovnoe-delo-posle-obrusheniya-kotlovana-vozle-zhilogo-doma,2026-08-03T00:00:00+05:00,79,False,True,False,176,23,True,True,2,False,False,False,False,False,2,1.0,0,0,False,False,0,0,False,False,0.0,0.0,3.01,False,False,False,False,False
Podrobno.uz,https://podrobno.uz/cat/proisshestviya/v-tashkente-na-stroyke-ryadom-s-zhilymi-domami-obrushilsya-kotlovan-est-postradavshiy-video,2026-08-03T00:00:00+05:00,88,False,True,False,207,25,True,True,3,False,False,False,False,False,3,0.333,0,2,False,True,0,0,False,False,0.0,0.0,2.84,False,False,False,False,False
Podrobno.uz,https://podrobno.uz/cat/proisshestviya/uzbekistantsa-razyskivaemogo-za-moshennichestvo-vernuli-iz-za-rubezha,2026-08-03T00:00:00+05:00,67,False,True,False,193,20,True,True,2,False,False,False,False,False,2,0.5,1,0,True,False,0,0,False,False,0.0,0.0,3.07,False,False,False,False,False
Podrobno.uz,https://podrobno.uz/cat/politic/inklyuzivnoe-obrazovanie-pomoshch-bezdomnym-i-tsifrovye-lgoty-chto-izmenitsya-v-sisteme-sotszashchit,2026-08-03T00:00:00+05:00,106,False,False,True,269,37,False,False,2,False,False,False,False,False,0,,0,0,False,False,0,0,False,False,0.0,0.0,2.82,False,False,False,False,False
Podrobno.uz,https://podrobno.uz/cat/sport/v-fifa-nazvali-vydumkoy-informatsiyu-o-popytkakh-infantino-svyazatsya-s-vlastyami-ssha,2026-08-04T00:00:00+05:00,80,False,True,False,235,30,True,True,2,False,False,False,False,False,4,1.0,0,0,False,False,0,0,False,False,0.0,0.0,2.69,False,False,False,False,False
Podrobno.uz,https://podrobno.uz/cat/proisshestviya/za-obrushenie-puteprovoda-na-ulitse-temura-malika-v-tashkente-osuzhdeny-shest-chelovek,2026-08-04T00:00:00+05:00,81,False,True,False,216,31,True,True,2,False,False,False,False,False,2,0.0,0,2,False,True,0,0,False,False,0.0,0.0,2.73,False,False,False,False,False
Podrobno.uz,https://podrobno.uz/cat/proisshestviya/v-surkhandare-mat-prigovorili-k-3-5-godam-lisheniya-svobody-za-popytku-prodat-syna,2026-08-04T00:00:00+05:00,82,False,True,False,217,32,True,True,2,False,False,False,False,False,5,0.6,0,2,False,True,0,0,False,False,0.0,0.0,2.75,False,False,False,False,False
Podrobno.uz,https://podrobno.uz/cat/politic/v-uzbekistane-opredelyat-status-administratsii-prezidenta-otdelnym-zakonom,2026-08-04T00:00:00+05:00,73,False,True,False,271,31,True,False,3,False,False,False,False,False,1,0.0,1,0,True,False,1,0,True,False,4.24,0.0,3.45,False,False,False,False,False
Podrobno.uz,https://podrobno.uz/cat/politic/byvshiy-zamglavy-gorodskoy-izbiratelnoy-komissii-stal-sovetnikom-khokima-tashkenta,2026-08-04T00:00:00+05:00,80,False,True,False,202,22,True,True,2,False,False,False,False,False,0,,0,0,False,False,0,0,False,False,0.0,0.0,3.35,False,False,False,False,False
Podrobno.uz,https://podrobno.uz/cat/proisshestviya/medsestru-iz-tashkenta-zapodozrili-v-serii-krazh-u-patsientov-bolnits-v-ferganskoy-oblasti-video,2026-08-05T00:00:00+05:00,94,False,False,True,212,29,True,True,2,False,False,False,False,False,0,,0,0,False,False,0,0,False,False,0.0,0.0,2.87,False,False,False,False,False
Podrobno.uz,https://podrobno.uz/cat/proisshestviya/genkonsulstvo-uzbekistana-dobilos-resheniya-ob-otkaze-v-ugolovnom-dele-protiv-sootechestvennitsy,2026-08-05T00:00:00+05:00,94,False,False,True,204,24,True,True,1,True,False,False,False,False,1,0.0,1,0,True,False,0,0,False,False,0.0,0.0,3.06,False,False,False,False,False
Podrobno.uz,https://podrobno.uz/cat/podrobno/v-bukhare-sozdadut-novyy-turisticheskiy-kompleks-malenkiy-turkmenistan,2026-08-05T00:00:00+05:00,71,False,True,False,279,34,True,False,2,False,False,False,False,False,0,,0,0,False,False,0,0,False,False,0.0,0.0,3.09,False,False,False,False,False
Podrobno.uz,https://podrobno.uz/cat/obchestvo/v-uzbekistane-predlozhili-sertifitsirovat-chastnye-uchebnye-tsentry,2026-08-05T00:00:00+05:00,63,False,True,False,204,27,True,True,1,True,False,False,False,False,0,,0,0,False,False,0,0,False,False,0.0,0.0,2.87,False,False,False,False,False
Podrobno.uz,https://podrobno.uz/cat/obchestvo/v-stambule-uchastilis-krazhi-u-turistov-uzbekistantsev-prizvali-k-ostorozhnosti,2026-08-05T00:00:00+05:00,77,False,True,False,230,30,True,True,2,False,False,False,False,False,3,0.333,2,0,True,False,0,0,False,False,0.0,0.0,2.76,False,False,False,False,False
Podrobno.uz,https://podrobno.uz/cat/obchestvo/tashkent-poluchil-eshche-desyat-kitayskikh-elektrobusov,2026-08-05T00:00:00+05:00,49,True,False,False,85,9,False,True,1,True,False,False,False,False,0,,0,0,False,False,0,1,False,True,0.0,8.77,3.15,False,False,False,False,False
Podrobno.uz,https://podrobno.uz/cat/obchestvo/smi-u-novoy-glavy-verkhovnogo-suda-srazu-pyat-rodstvennikov-rabotayut-v-sudebnoy-sisteme,2026-08-05T00:00:00+05:00,87,False,True,False,511,65,False,False,2,False,False,False,False,True,0,,0,0,False,False,0,0,False,False,0.0,0.0,2.97,False,False,False,False,False
Podrobno.uz,https://podrobno.uz/cat/economic/na-razvitie-zhivotnovodstva-v-uzbekistane-napravyat-bolee-460-millionov-dollarov,2026-08-05T00:00:00+05:00,78,False,True,False,254,30,True,False,2,False,False,False,False,False,1,1.0,0,0,False,False,0,0,False,False,0.0,0.0,2.99,False,False,False,False,False
Podrobno.uz,https://podrobno.uz/cat/world/rastenie-khishchnik-spustya-150-let-podtverdilo-pravotu-darvina-,2026-08-06T00:00:00+05:00,58,True,False,False,295,38,False,False,2,False,False,False,False,False,0,,0,0,False,False,0,0,False,False,0.0,0.0,2.92,False,False,False,False,False
Podrobno.uz,https://podrobno.uz/cat/world/agent-fbr-ukral-pochti-million-dollarov-i-sprosil-u-chatgpt-kak-imi-rasporyaditsya,2026-08-06T00:00:00+05:00,80,False,True,False,386,55,False,False,2,False,False,False,False,True,4,0.5,0,2,False,True,0,0,False,False,0.0,0.0,2.8,False,False,False,False,False
Podrobno.uz,https://podrobno.uz/cat/proisshestviya/v-navoiyskoy-oblasti-presekli-popytku-sbyta-pochti-trekh-kilogrammov-opiya,2026-08-06T00:00:00+05:00,71,False,True,False,230,29,True,True,3,False,False,False,False,False,1,1.0,0,0,False,False,0,0,False,False,0.0,0.0,2.94,False,False,False,False,False
Podrobno.uz,https://podrobno.uz/cat/politic/v-senate-dali-start-mesyachniku-tseley-ustoychivogo-razvitiya,2026-08-06T00:00:00+05:00,56,True,False,False,165,20,True,True,1,True,False,False,False,False,0,,0,0,False,False,1,1,True,True,4.88,4.88,2.95,False,False,False,False,False
Podrobno.uz,https://podrobno.uz/cat/politic/mirziyeev-poruchil-podgotovit-energosistemu-uzbekistana-k-bespereboynoy-rabote-zimoy,2026-08-06T00:00:00+05:00,83,False,True,False,305,33,True,False,2,False,False,False,False,False,1,1.0,0,0,False,False,0,0,False,False,0.0,0.0,3.26,False,False,False,False,False
Podrobno.uz,https://podrobno.uz/cat/obchestvo/zhiteli-uzbekistana-predlozhili-693-proekta-v-ramkakh-vtorogo-sezona-initsiativnogo-byudzheta,2026-08-06T00:00:00+05:00,89,False,True,False,160,22,True,True,1,True,False,False,True,False,0,,0,0,False,False,0,0,False,False,0.0,0.0,3.2,False,False,False,False,False
Podrobno.uz,https://podrobno.uz/cat/obchestvo/zemlya-bez-auktsionov-kak-staraya-sistema-vydeleniya-uchastkov-privela-k-pochti-9-tysyacham-nezakonn,2026-08-06T00:00:00+05:00,104,False,False,True,492,62,False,False,4,False,False,False,False,True,1,1.0,0,0,False,False,0,0,False,False,0.0,0.0,3.03,False,False,False,False,False
Podrobno.uz,https://podrobno.uz/cat/obchestvo/za-polgoda-zhiteli-uzbekistana-potratili-na-meduslugi-bolee-11-trillionov-sumov,2026-08-06T00:00:00+05:00,78,False,True,False,161,23,True,True,2,False,False,False,False,False,0,,0,0,False,False,0,0,False,False,0.0,0.0,2.71,False,False,False,False,False
Podrobno.uz,https://podrobno.uz/cat/obchestvo/v-tashoblasti-khokim-reshil-pomechat-neukhozhennye-doma-i-makhalli-tablichkami-pozora-video,2026-08-06T00:00:00+05:00,85,False,True,False,282,34,True,False,2,False,False,False,False,False,2,1.0,0,0,False,False,1,0,True,False,4.98,0.0,2.75,False,False,False,False,False
Podrobno.uz,https://podrobno.uz/cat/obchestvo/ucell-samyy-bystryy-mobilnyy-internet-v-uzbekistane-tretiy-god-podryad,2026-08-06T00:00:00+05:00,72,False,True,False,324,42,False,False,2,False,False,False,False,True,0,,0,0,False,False,1,0,True,False,2.24,0.0,2.73,False,False,False,False,False
Podrobno.uz,https://podrobno.uz/cat/obchestvo/po-zovu-serdtsa-desyatki-bezdomnykh-sobak-nashli-priyut-v-dome-zhitelnitsy-ferganskoy-oblasti,2026-08-06T00:00:00+05:00,88,False,True,False,172,23,True,True,2,False,False,False,False,False,1,1.0,0,0,False,False,0,0,False,False,0.0,0.0,2.8,False,False,False,False,False
Podrobno.uz,https://podrobno.uz/cat/obchestvo/malayziya-dogovorilas-s-uzbekistanom-o-provedenii-halal-fest-v-tashkente-,2026-08-06T00:00:00+05:00,71,False,True,False,248,28,True,True,2,False,False,False,False,False,0,,0,0,False,False,0,0,False,False,0.0,0.0,3.13,False,False,False,False,False
Podrobno.uz,https://podrobno.uz/cat/obchestvo/khokimiyat-tashkenta-proveril-khod-sozdaniya-zony-24-7-i-blagoustroystva-parkov,2026-08-06T00:00:00+05:00,74,False,True,False,366,40,False,False,1,True,False,False,False,False,0,,0,0,False,False,0,0,False,False,0.0,0.0,3.3,False,False,False,False,False
Podrobno.uz,https://podrobno.uz/cat/obchestvo/do-okonchaniya-priema-zayavok-na-president-ai-award-ostalos-9-dney,2026-08-06T00:00:00+05:00,64,False,True,False,221,28,True,True,2,False,False,False,False,False,0,,0,0,False,False,0,0,False,False,0.0,0.0,2.82,False,False,False,False,False
Podrobno.uz,https://podrobno.uz/cat/obchestvo/bolee-5-tysyach-obektov-tashkenta-pereveli-na-novuyu-sistemu-podachi-gaza,2026-08-06T00:00:00+05:00,69,False,True,False,362,51,False,False,2,False,False,False,False,True,0,,0,0,False,False,0,0,False,False,0.0,0.0,2.99,False,False,False,False,False
Podrobno.uz,https://podrobno.uz/cat/economic/kyrgyzstan-khochet-zakupat-u-uzbekistana-do-20-tysyach-tonn-topliva-v-mesyats-,2026-08-06T00:00:00+05:00,72,False,True,False,247,29,True,True,2,False,False,False,False,False,1,1.0,0,0,False,False,0,0,False,False,0.0,0.0,3.1,False,False,False,False,False
Podrobno.uz,https://podrobno.uz/cat/world/tramp-khochet-videt-vensa-sleduyushchim-prezidentom-ssha,2026-08-07T00:00:00+05:00,50,True,False,False,298,39,False,False,2,False,False,False,False,False,5,0.6,0,2,False,True,0,0,False,False,0.0,0.0,2.59,False,False,False,False,False
Podrobno.uz,https://podrobno.uz/cat/proisshestviya/samovolnaya-pereplanirovka-v-mnogokvartirnom-dome-obernulas-shtrafom-dlya-zhitelya-namangana,2026-08-07T00:00:00+05:00,89,False,True,False,248,31,True,True,2,False,False,False,False,False,1,0.0,1,0,True,False,0,0,False,False,0.0,0.0,3.05,False,False,False,False,False
Podrobno.uz,https://podrobno.uz/cat/obchestvo/uzbekistantsev-nachnut-gotovit-k-sezonnoy-rabote-v-ssha-video,2026-08-07T00:00:00+05:00,60,True,False,False,234,28,True,True,2,False,False,False,False,False,0,,0,0,False,False,0,0,False,False,0.0,0.0,3.02,False,False,False,False,False
Podrobno.uz,https://podrobno.uz/cat/obchestvo/vlasti-obyasnili-zachem-v-uzbekistane-vvodyat-identifikatsiyu-domashnikh-zhivotnykh,2026-08-07T00:00:00+05:00,76,False,True,False,352,44,False,False,2,False,False,False,False,True,2,0.5,1,0,True,False,1,0,True,False,5.43,0.0,3.08,False,False,False,False,False
Podrobno.uz,https://podrobno.uz/cat/obchestvo/renovatsiya-v-uzbekistane-mozhno-li-vmesto-kompensatsii-potrebovat-zhile-za-granitsey,2026-08-07T00:00:00+05:00,83,False,True,False,259,35,True,False,3,False,False,False,False,False,0,,0,0,False,False,1,0,True,False,3.51,0.0,2.93,False,False,False,False,False
Podrobno.uz,https://podrobno.uz/cat/obchestvo/v-ndpu-vystupili-protiv-publichnogo-poritsaniya-zhiteley-cherez-tablichki-pozora,2026-08-07T00:00:00+05:00,76,False,True,False,387,43,False,False,3,False,False,False,False,True,1,0.0,1,0,True,False,0,0,False,False,0.0,0.0,3.04,False,False,False,False,False
Podrobno.uz,https://podrobno.uz/cat/calche/akter-matyakub-matchanov-oproverg-slukhi-o-svoey-smerti-video,2026-08-07T00:00:00+05:00,59,True,False,False,234,29,True,True,3,False,False,False,False,False,4,0.5,1,1,True,True,0,0,False,False,0.0,0.0,2.58,False,False,False,False,False
Podrobno.uz,https://podrobno.uz/cat/obchestvo/v-uzbekistane-razrabotali-dron-perekhvatchik-sposobnyy-razvivat-skorost-do-450-kilometrov-v-chas-vid,2026-08-07T00:00:00+05:00,103,False,False,True,213,23,True,True,2,False,False,False,False,False,0,,0,0,False,False,0,0,False,False,0.0,0.0,2.89,False,False,False,False,False
Podrobno.uz,https://podrobno.uz/cat/sport/uzbekistanskaya-komanda-vyshla-v-chetvertfinal-igr-budushchego-po-fidzhital-futbolu-foto,2026-08-07T00:00:00+05:00,85,False,True,False,205,27,True,True,2,False,False,False,False,False,0,,0,0,False,False,0,0,False,False,0.0,0.0,2.58,False,False,False,False,False
Podrobno.uz,https://podrobno.uz/cat/world/uchenik-devyatogo-klassa-ustroil-strelbu-v-shkole-tailanda-pogibli-devyat-chelovek,2026-08-07T00:00:00+05:00,80,False,True,False,225,30,True,True,2,False,False,False,False,False,2,1.0,0,0,False,False,0,0,False,False,0.0,0.0,2.7,False,False,False,False,False
Podrobno.uz,https://podrobno.uz/cat/sport/opasnaya-komanda-opredelen-sostav-sbornoy-uzbekistan-na-olimpiadu-fide-v-samarkande,2026-08-07T00:00:00+05:00,85,False,True,False,186,26,True,True,2,False,False,False,False,False,0,,0,0,False,False,0,0,False,False,0.0,0.0,2.78,False,False,False,False,False
Podrobno.uz,https://podrobno.uz/cat/proisshestviya/v-bukhare-abiturientu-obeshchali-stat-srazu-chetverokursnikom-medvuza-za-26-millionov-sumov,2026-08-07T00:00:00+05:00,87,False,True,False,347,41,False,False,2,False,False,False,False,True,2,0.5,0,1,False,True,0,0,False,False,0.0,0.0,2.84,False,False,False,False,False
Podrobno.uz,https://podrobno.uz/cat/economic/octobank-nachal-vydavat-ipotechnye-kredity-fizicheskim-litsam,2026-08-07T00:00:00+05:00,58,True,False,False,157,23,True,True,2,False,False,False,False,False,1,0.0,1,0,True,False,0,0,False,False,0.0,0.0,2.65,False,False,False,False,False
Podrobno.uz,https://podrobno.uz/cat/proisshestviya/pozhar-v-kabine-gruzovika-zakonchilsya-smertelnym-dtp-v-samarkandskoy-oblasti,2026-08-07T00:00:00+05:00,75,False,True,False,276,34,True,False,3,False,False,False,False,False,0,,0,0,False,False,0,0,False,False,0.0,0.0,3.13,False,False,False,False,False
Podrobno.uz,https://podrobno.uz/cat/economic/uzbekistan-predlozhil-eaes-sovmestnuyu-programmu-promyshlennykh-proektov,2026-08-07T00:00:00+05:00,68,False,True,False,216,25,True,True,1,True,False,False,False,False,2,0.5,1,0,True,False,1,1,True,True,3.03,3.03,3.24,False,False,False,False,False
Podrobno.uz,https://podrobno.uz/cat/obchestvo/tashkent-i-manchester-khotyat-svyazat-pryamym-aviasoobshcheniem,2026-08-07T00:00:00+05:00,55,True,False,False,188,22,True,True,2,False,False,False,False,False,1,0.0,1,0,True,False,1,0,True,False,4.37,0.0,3.08,False,False,False,False,False
Podrobno.uz,https://podrobno.uz/cat/economic/uzbekistan-vlozhit-eshche-70-millionov-dollarov-v-rasshirenie-vychislitelnykh-moshchnostey-dlya-ii,2026-08-07T00:00:00+05:00,88,False,True,False,326,36,False,False,3,False,False,False,False,False,0,,0,0,False,False,0,0,False,False,0.0,0.0,2.97,False,False,False,False,False
Podrobno.uz,https://podrobno.uz/cat/obchestvo/khakery-massovo-atakuyut-organizatsii-uzbekistana-uzcert-vypustil-srochnoe-preduprezhdenie,2026-08-07T00:00:00+05:00,86,False,True,False,352,42,False,False,3,False,False,False,False,True,1,1.0,0,0,False,False,0,0,False,False,0.0,0.0,3.07,False,False,False,False,False
Podrobno.uz,https://podrobno.uz/cat/proisshestviya/eks-khokima-namangana-prigovorili-k-11-godam-kolonii-po-delu-o-korruptsii,2026-08-07T00:00:00+05:00,71,False,True,False,293,38,False,False,3,False,False,False,False,False,0,,0,0,False,False,0,0,False,False,0.0,0.0,2.67,False,False,False,False,False
Podrobno.uz,https://podrobno.uz/cat/economic/strany-eaes-zapustyat-sistemu-otslezhivaniya-torgovli-bytovoy-tekhnikoy,2026-08-07T00:00:00+05:00,67,False,True,False,208,26,True,True,1,True,False,False,False,False,1,1.0,0,0,False,False,0,1,False,True,0.0,5.75,2.96,False,False,False,False,False
Podrobno.uz,https://podrobno.uz/cat/tehnp/bolee-1-5-milliona-chelovek-v-uzbekistane-proshli-obuchenie-po-rabote-s-iskusstvennym-intellektom,2026-08-07T00:00:00+05:00,94,False,False,True,274,31,True,False,3,False,False,False,False,False,0,,0,0,False,False,0,0,False,False,0.0,0.0,3.09,False,False,False,False,False
Podrobno.uz,https://podrobno.uz/cat/world/wildberries-oproverg-soobshcheniya-o-perenose-skladov-v-uzbekistan-i-drugie-strany,2026-08-07T00:00:00+05:00,82,False,True,False,288,38,False,False,3,False,False,False,False,False,3,0.667,1,0,True,False,1,0,True,False,5.75,0.0,2.86,False,False,False,False,False
Podrobno.uz,https://podrobno.uz/cat/tehnp/v-uzbekistane-chislo-proektov-s-iskusstvennym-intellektom-khotyat-dovesti-do-100,2026-08-07T00:00:00+05:00,77,False,True,False,320,43,False,False,3,False,False,False,False,True,0,,0,0,False,False,1,0,True,False,4.9,0.0,3.19,False,False,False,False,False
Podrobno.uz,https://podrobno.uz/cat/proisshestviya/v-uzbekistane-raskryli-ocherednuyu-skhemu-s-fiktivnym-trudoustroystvom-za-rubezhom,2026-08-07T00:00:00+05:00,78,False,True,False,285,38,False,False,3,False,False,False,False,False,0,,0,0,False,False,0,0,False,False,0.0,0.0,2.76,False,False,False,False,False
Podrobno.uz,https://podrobno.uz/cat/obchestvo/kazhdaya-makhallya-v-uzbekistane-poluchit-energeticheskiy-pasport,2026-08-07T00:00:00+05:00,59,True,False,False,278,36,False,False,3,False,False,False,False,False,2,0.5,1,0,True,False,0,0,False,False,0.0,0.0,3.13,False,False,False,False,False
Podrobno.uz,https://podrobno.uz/cat/obchestvo/potok-inostrannykh-studentov-v-uzbekistan-uvelichilsya-bolee-chem-v-dva-raza,2026-08-07T00:00:00+05:00,72,False,True,False,206,30,True,True,2,False,False,False,False,False,0,,0,0,False,False,0,0,False,False,0.0,0.0,2.59,False,False,False,False,False
Podrobno.uz,https://podrobno.uz/cat/politic/shavkat-mirziyeev-provel-telefonnyy-razgovor-s-donaldom-trampom,2026-08-07T00:00:00+05:00,62,False,True,False,127,15,False,True,1,True,False,False,False,False,3,0.0,3,0,True,False,0,0,False,False,0.0,0.0,3.38,False,False,False,False,False
Podrobno.uz,https://podrobno.uz/cat/obchestvo/v-agentstve-kulturnogo-naslediya-otvetili-na-soobshcheniya-o-sostoyanii-kompleksa-chodra-khovli,2026-08-07T00:00:00+05:00,90,False,True,False,200,21,True,True,1,True,False,False,False,False,1,1.0,0,0,False,False,0,0,False,False,0.0,0.0,3.09,False,False,False,False,False
Podrobno.uz,https://podrobno.uz/cat/economic/uzbekistan-i-jica-podpisali-protokol-po-razvitiyu-svobodnykh-ekonomicheskikh-zon,2026-08-07T00:00:00+05:00,76,False,True,False,226,26,True,True,1,True,False,False,False,False,0,,0,0,False,False,0,0,False,False,0.0,0.0,3.26,False,False,False,False,False
Podrobno.uz,https://podrobno.uz/cat/obchestvo/v-uzbekistane-uregulirovali-rynok-rieltorskikh-uslug,2026-08-07T00:00:00+05:00,51,True,False,False,261,30,True,False,2,False,False,False,False,False,0,,0,0,False,False,0,0,False,False,0.0,0.0,3.22,False,False,False,False,False
Podrobno.uz,https://podrobno.uz/cat/obchestvo/v-tashkente-na-chetyre-dnya-perekryli-uchastok-maloy-koltsevoy-dorogi-i-izmenili-marshruty-avtobusov,2026-08-07T00:00:00+05:00,95,False,False,True,155,21,True,True,2,False,False,False,False,False,0,,0,0,False,False,0,0,False,False,0.0,0.0,2.8,False,False,False,False,False
Repost.uz,https://repost.uz/shtati-obvinili-v-narushenii-memoranduma,2026-07-08T08:38:00+05:00,91,False,False,True,173,25,True,True,1,True,False,False,False,False,3,0.667,1,0,True,False,0,0,False,False,0.0,0.0,2.84,False,False,False,False,False
Repost.uz,https://repost.uz/pod-zavalami-desyatki-lyudey,2026-07-08T09:10:00+05:00,59,True,False,False,88,13,False,True,1,True,False,False,False,False,3,0.667,1,0,True,False,0,0,False,False,0.0,0.0,2.72,False,False,False,False,False
Repost.uz,https://repost.uz/vzyal-mashinu-otca-bez-sprosa,2026-07-08T12:03:00+05:00,88,False,True,False,88,10,False,True,1,True,False,False,False,False,3,1.0,0,0,False,False,0,0,False,False,0.0,0.0,2.71,False,False,False,False,False
Repost.uz,https://repost.uz/celiy-arsenal,2026-07-08T13:59:00+05:00,66,False,True,False,103,13,False,True,1,True,False,False,False,False,2,0.5,1,0,True,False,0,0,False,False,0.0,0.0,2.85,False,False,False,False,False
Repost.uz,https://repost.uz/v-celom-govoryat-vse-norm,2026-07-08T14:30:00+05:00,85,False,True,False,229,30,True,True,2,False,False,False,False,False,4,0.25,3,0,True,False,0,0,False,False,0.0,0.0,2.85,False,False,False,False,False
Repost.uz,https://repost.uz/govoryat-dorogo-obxoditsya-byudjetu,2026-07-08T20:17:00+05:00,67,False,True,False,251,34,True,False,2,False,False,False,False,False,9,0.667,3,0,True,False,1,0,True,False,0.79,0.0,3.4,False,False,False,False,False
Repost.uz,https://repost.uz/nochyu-mogut-rubanut,2026-07-08T22:19:00+05:00,56,True,False,False,84,9,False,True,1,True,False,False,False,False,0,,0,0,False,False,0,0,False,False,0.0,0.0,2.82,False,False,False,False,False
Repost.uz,https://repost.uz/eshe-budut-dorabativat,2026-07-09T08:52:00+05:00,122,False,False,True,222,30,True,True,2,False,False,False,False,False,6,0.5,3,0,True,False,0,0,False,False,0.0,0.0,2.89,False,False,False,False,False
Repost.uz,https://repost.uz/skandal-posle-avarii,2026-07-09T09:42:00+05:00,72,False,True,False,116,15,False,True,1,True,False,False,False,False,5,1.0,0,0,False,False,0,0,False,False,0.0,0.0,2.78,False,False,False,False,False
Repost.uz,https://repost.uz/na-sammite-nato-dogovorilis,2026-07-09T10:33:00+05:00,65,False,True,False,148,17,False,True,1,True,False,False,False,False,3,0.667,0,1,False,True,0,0,False,False,0.0,0.0,2.65,False,False,False,False,False
Repost.uz,https://repost.uz/pogoda-10iyulya2026,2026-07-09T18:59:00+05:00,39,True,False,False,143,19,False,True,3,False,False,False,False,False,0,,0,0,False,False,0,0,False,False,0.0,0.0,2.97,False,False,False,False,False
Repost.uz,https://repost.uz/tash-v-moshnom-otrive,2026-07-10T09:06:00+05:00,67,False,True,False,129,19,False,True,1,True,False,False,False,False,1,1.0,0,0,False,False,0,0,False,False,0.0,0.0,2.59,False,False,False,False,False
Repost.uz,https://repost.uz/nakruti-i-tut-presekli,2026-07-10T10:49:00+05:00,72,False,True,False,190,27,True,True,1,True,False,False,False,False,3,1.0,0,0,False,False,0,0,False,False,0.0,0.0,2.8,False,False,False,False,False
Repost.uz,https://repost.uz/vmesto-mahkamovoy,2026-07-10T14:05:00+05:00,102,False,False,True,178,20,True,True,1,True,False,False,False,False,1,1.0,0,0,False,False,0,0,False,False,0.0,0.0,3.17,False,False,False,False,False
Repost.uz,https://repost.uz/postanovleniya-podpisani,2026-07-10T17:24:00+05:00,63,False,True,False,152,16,False,True,1,True,False,False,False,False,1,1.0,0,0,False,False,0,0,False,False,0.0,0.0,3.18,False,False,False,False,False
Repost.uz,https://repost.uz/kto-rodilsya-11iyulya2026,2026-07-10T17:57:00+05:00,36,True,False,False,246,41,False,True,2,False,False,False,False,True,0,,0,0,False,False,0,0,False,False,0.0,0.0,2.44,False,False,False,False,False
Repost.uz,https://repost.uz/a-potom-budet-jarisha,2026-07-11T13:04:00+05:00,79,False,True,False,152,21,True,True,2,False,False,False,False,False,1,1.0,0,0,False,False,0,0,False,False,0.0,0.0,2.65,False,False,False,False,False
Repost.uz,https://repost.uz/ostalnie-toje-na-podyeme,2026-07-11T13:37:00+05:00,61,False,True,False,165,22,True,True,2,False,False,False,False,False,1,1.0,0,0,False,False,0,0,False,False,0.0,0.0,2.4,True,False,False,False,False
Repost.uz,https://repost.uz/sotni-poluchili-travmi,2026-07-13T09:04:00+05:00,88,False,True,False,184,23,True,True,2,False,False,False,False,False,1,1.0,0,0,False,False,0,0,False,False,0.0,0.0,2.68,False,False,False,False,False
Repost.uz,https://repost.uz/povtorno-vse-budut-sdavat,2026-07-13T09:14:00+05:00,80,False,True,False,136,20,True,True,2,False,False,False,False,False,2,1.0,0,0,False,False,0,0,False,False,0.0,0.0,2.65,False,False,False,False,False
Repost.uz,https://repost.uz/osobenno-sredi-pojilix,2026-07-13T10:22:00+05:00,74,False,True,False,205,30,True,True,2,False,False,False,False,False,2,1.0,0,0,False,False,0,0,False,False,0.0,0.0,2.63,False,False,False,False,False
Repost.uz,https://repost.uz/bilo-bi-nice-v-novie-strani,2026-07-13T19:12:00+05:00,97,False,False,True,121,13,False,True,1,True,False,False,False,False,2,1.0,0,0,False,False,0,0,False,False,0.0,0.0,3.26,False,False,False,False,False
Repost.uz,https://repost.uz/chto-j-xush-kelibsiz,2026-07-14T09:13:00+05:00,51,True,False,False,146,21,True,True,1,True,False,False,False,False,1,1.0,0,0,False,False,0,0,False,False,0.0,0.0,2.82,False,False,False,False,False
Repost.uz,https://repost.uz/mojet-eshe-obnovitsya-skoro,2026-07-14T11:50:00+05:00,64,False,True,False,109,11,False,True,1,True,False,False,False,False,3,0.333,2,0,True,False,0,0,False,False,0.0,0.0,3.4,False,False,False,False,False
Repost.uz,https://repost.uz/poluchila-ushiby-i-sotryasenie,2026-07-14T15:56:00+05:00,80,False,True,False,39,4,False,True,1,True,False,False,False,False,3,0.667,0,1,False,True,0,0,False,False,0.0,0.0,2.87,False,False,False,False,False
Repost.uz,https://repost.uz/teper-posle-dorabotki,2026-07-14T19:27:00+05:00,53,True,False,False,150,19,False,True,1,True,False,False,False,False,1,1.0,0,0,False,False,0,0,False,False,0.0,0.0,3.09,False,False,False,False,False
Repost.uz,https://repost.uz/kachaem-trudovie-otnosheniya,2026-07-14T20:36:00+05:00,74,False,True,False,174,20,True,True,1,True,False,False,False,False,2,1.0,0,0,False,False,0,0,False,False,0.0,0.0,3.31,False,False,False,False,False
Repost.uz,https://repost.uz/kurs-valyut-16iyulya2026,2026-07-15T17:15:00+05:00,35,True,False,False,58,10,False,True,1,True,False,False,False,False,0,,0,0,False,False,0,0,False,False,0.0,0.0,2.12,False,False,False,False,False
Repost.uz,https://repost.uz/vkusneyshiy-xleb-v-reestre,2026-07-15T19:14:00+05:00,69,False,True,False,13,3,False,True,1,True,False,False,False,False,3,0.667,1,0,True,False,0,0,False,False,0.0,0.0,3.32,False,False,False,False,False
Repost.uz,https://repost.uz/cheknesh-vse-na-epigu,2026-07-15T20:59:00+05:00,89,False,True,False,177,21,True,True,2,False,False,False,False,False,1,1.0,0,0,False,False,0,0,False,False,0.0,0.0,3.05,False,False,False,False,False
Repost.uz,https://repost.uz/snachala-sportivnaya-teper-takaya,2026-07-15T21:24:00+05:00,49,True,False,False,120,14,False,True,1,True,False,False,False,False,1,1.0,0,0,False,False,1,0,True,False,3.95,0.0,3.1,False,False,False,False,False
Repost.uz,https://repost.uz/otvet-na-smertelnie-incidenti,2026-07-15T21:52:00+05:00,67,False,True,False,161,20,True,True,1,True,False,False,False,False,2,1.0,0,0,False,False,0,0,False,False,0.0,0.0,2.83,False,False,False,False,False
Repost.uz,https://repost.uz/mol-chtobi-mogli-obespechit-sebya,2026-07-16T09:46:00+05:00,65,False,True,False,129,19,False,True,1,True,False,False,False,False,1,1.0,0,0,False,False,0,0,False,False,0.0,0.0,2.45,False,False,False,False,False
Repost.uz,https://repost.uz/posle-otstavki-sviridenko,2026-07-16T15:10:00+05:00,56,True,False,False,110,11,False,True,1,True,False,False,False,False,1,1.0,0,0,False,False,0,0,False,False,0.0,0.0,2.94,False,False,False,False,False
Repost.uz,https://repost.uz/tak-chto-vpered-k-chistote,2026-07-16T20:30:00+05:00,81,False,True,False,193,24,True,True,1,True,False,False,False,False,4,0.5,2,0,True,False,0,0,False,False,0.0,0.0,2.75,False,False,False,False,False
Repost.uz,https://repost.uz/i-do-tuda-mera-doshla,2026-07-16T22:19:00+05:00,68,False,True,False,226,31,True,True,2,False,False,False,False,False,2,1.0,0,0,False,False,0,0,False,False,0.0,0.0,2.56,False,False,False,False,False
Repost.uz,https://repost.uz/ostorojnee-naduet-plotno,2026-07-17T08:55:00+05:00,44,True,False,False,100,13,False,True,1,True,False,False,False,False,2,0.5,1,0,True,False,0,0,False,False,0.0,0.0,2.98,False,False,False,False,False
Repost.uz,https://repost.uz/sotni-povrejdennix-zdaniy,2026-07-17T10:35:00+05:00,62,False,True,False,162,22,True,True,2,False,False,False,False,False,1,1.0,0,0,False,False,0,0,False,False,0.0,0.0,3.06,False,False,False,False,False
Repost.uz,https://repost.uz/kachnem-po-urbanizacii,2026-07-17T11:21:00+05:00,59,True,False,False,154,19,False,True,2,False,False,False,False,False,1,1.0,0,0,False,False,1,0,True,False,3.6,0.0,3.22,False,False,False,False,False
Repost.uz,https://repost.uz/pogoda-18iyulya2026,2026-07-17T17:07:00+05:00,39,True,False,False,164,21,True,True,3,False,False,False,False,False,0,,0,0,False,False,0,0,False,False,0.0,0.0,2.79,False,False,False,False,False
Repost.uz,https://repost.uz/xlopnuli-fanata-al-pachino,2026-07-17T19:06:00+05:00,74,False,True,False,110,14,False,True,1,True,False,False,False,False,1,1.0,0,0,False,False,0,0,False,False,0.0,0.0,2.89,False,False,False,False,False
Repost.uz,https://repost.uz/tut-teper-otvetit-pered-zakonom,2026-07-18T11:00:00+05:00,84,False,True,False,118,16,False,True,2,False,False,False,False,False,2,1.0,0,0,False,False,0,0,False,False,0.0,0.0,3.33,False,False,False,False,False
Repost.uz,https://repost.uz/do-etogo-govorili-chto-lechitsya,2026-07-18T14:45:00+05:00,70,False,True,False,138,21,True,True,2,False,False,False,False,False,2,1.0,0,0,False,False,0,0,False,False,0.0,0.0,2.65,False,False,False,False,False
Repost.uz,https://repost.uz/kurs-valyut-21iyulya,2026-07-20T16:49:00+05:00,35,True,False,False,57,10,False,True,1,True,False,False,False,False,0,,0,0,False,False,0,0,False,False,0.0,0.0,2.14,False,False,False,False,False
Repost.uz,https://repost.uz/sobitiya-21iyulya,2026-07-20T17:22:00+05:00,46,True,False,False,432,59,False,False,3,False,False,False,False,True,0,,0,0,False,False,0,0,False,False,0.0,0.0,2.61,False,False,False,False,False
Repost.uz,https://repost.uz/chto-tam-da-kak,2026-07-20T20:31:00+05:00,61,False,True,False,177,20,True,True,1,True,False,False,False,False,1,1.0,0,0,False,False,1,0,True,False,4.31,0.0,3.09,False,False,False,False,False
Repost.uz,https://repost.uz/otriv-tam-prilichniy,2026-07-20T21:23:00+05:00,82,False,True,False,138,20,True,True,1,True,False,False,False,False,2,1.0,0,0,False,False,0,0,False,False,0.0,0.0,3.02,False,False,False,False,False
Repost.uz,https://repost.uz/no-dalshe-uje-ponije,2026-07-21T10:13:00+05:00,46,True,False,False,214,30,True,True,2,False,False,False,False,False,0,,0,0,False,False,0,0,False,False,0.0,0.0,2.67,False,False,False,False,False
Repost.uz,https://repost.uz/rassmotreli-plan-meropriyatiy,2026-07-21T11:15:00+05:00,60,True,False,False,192,22,True,True,1,True,False,False,False,False,2,1.0,0,0,False,False,1,0,True,False,7.69,0.0,3.38,False,False,False,False,False
Repost.uz,https://repost.uz/govoryat-do-vechera-minus,2026-07-21T12:28:00+05:00,62,False,True,False,106,11,False,True,1,True,False,False,False,False,1,1.0,0,0,False,False,0,0,False,False,0.0,0.0,3.02,False,False,False,False,False
Repost.uz,https://repost.uz/pogoda-22iyulya2026,2026-07-21T19:11:00+05:00,39,True,False,False,249,33,True,True,4,False,False,False,False,False,0,,0,0,False,False,0,0,False,False,0.0,0.0,2.86,False,False,False,False,False
Repost.uz,https://repost.uz/ne-blizitsya-k-zaversheniyu,2026-07-22T08:52:00+05:00,80,False,True,False,151,22,True,True,2,False,False,False,False,False,5,0.4,2,1,True,True,0,0,False,False,0.0,0.0,2.29,False,False,False,False,False
Repost.uz,https://repost.uz/govoryat-oni-sblizilis,2026-07-22T10:50:00+05:00,49,True,False,False,150,22,True,True,2,False,False,False,False,False,2,0.5,1,0,True,False,0,0,False,False,0.0,0.0,2.51,False,False,False,False,False
Repost.uz,https://repost.uz/vmeste-s-nim-eshe-pyat-figurantov,2026-07-22T13:38:00+05:00,77,False,True,False,168,21,True,True,1,True,False,False,False,False,1,1.0,0,0,False,False,0,0,False,False,0.0,0.0,2.88,False,False,False,False,False
Repost.uz,https://repost.uz/sokratit-vremya-poezdki,2026-07-22T16:41:00+05:00,88,False,True,False,223,29,True,True,2,False,False,False,False,False,3,1.0,0,0,False,False,0,0,False,False,0.0,0.0,2.9,False,False,False,False,False
Repost.uz,https://repost.uz/poetomu-poprosil-federalnoe-pravitelstvo,2026-07-22T21:50:00+05:00,92,False,False,True,183,23,True,True,1,True,False,False,False,False,4,0.75,1,0,True,False,0,0,False,False,0.0,0.0,2.53,False,False,False,False,False
Repost.uz,https://repost.uz/nu-ne-jarim-na-obed,2026-07-23T08:59:00+05:00,55,True,False,False,114,13,False,True,1,True,False,False,False,False,1,1.0,0,0,False,False,0,0,False,False,0.0,0.0,2.7,False,False,False,False,False
Repost.uz,https://repost.uz/vnutrennix-turistov-eshe-bolshe,2026-07-23T10:11:00+05:00,60,True,False,False,140,19,False,True,1,True,False,False,False,False,1,1.0,0,0,False,False,0,1,False,True,0.0,11.76,2.65,False,False,False,False,False
Repost.uz,https://repost.uz/slovili-na-chilanzare,2026-07-23T14:31:00+05:00,96,False,False,True,156,18,False,True,2,False,False,False,False,False,2,0.5,0,1,False,True,0,0,False,False,0.0,0.0,2.68,False,False,False,False,False
Repost.uz,https://repost.uz/kurs-valyut-24iyulya2026,2026-07-23T16:19:00+05:00,35,True,False,False,56,10,False,True,1,True,False,False,False,False,0,,0,0,False,False,0,0,False,False,0.0,0.0,2.12,False,False,False,False,False
Repost.uz,https://repost.uz/deputati-odobrili-proekt,2026-07-23T19:30:00+05:00,65,False,True,False,233,30,True,True,2,False,False,False,False,False,3,0.667,1,0,True,False,0,0,False,False,0.0,0.0,3.11,False,False,False,False,False
Repost.uz,https://repost.uz/itogi-budut-pozje,2026-07-24T09:08:00+05:00,101,False,False,True,195,21,True,True,1,True,False,False,False,False,1,1.0,0,0,False,False,0,3,False,True,0.0,25.0,3.28,False,False,False,False,False
Repost.uz,https://repost.uz/potolok-cen-na-neft-i-drugoe,2026-07-24T10:35:00+05:00,48,True,False,False,151,21,True,True,2,False,False,False,False,False,1,1.0,0,0,False,False,0,0,False,False,0.0,0.0,2.7,False,False,False,False,False
Repost.uz,https://repost.uz/v-celom-obsudili-povestku,2026-07-24T16:12:00+05:00,66,False,True,False,172,20,True,True,1,True,False,False,False,False,2,1.0,0,0,False,False,0,0,False,False,0.0,0.0,3.18,False,False,False,False,False
Repost.uz,https://repost.uz/xlopnuli-inostranca-i-mestnogo,2026-07-25T10:00:00+05:00,55,True,False,False,93,12,False,True,1,True,False,False,False,False,1,1.0,0,0,False,False,0,0,False,False,0.0,0.0,2.87,False,False,False,False,False
Repost.uz,https://repost.uz/a-on-tochno-shutit,2026-07-25T10:53:00+05:00,70,False,True,False,135,21,True,True,2,False,False,False,False,False,2,1.0,0,0,False,False,0,0,False,False,0.0,0.0,2.41,False,False,False,False,False
Repost.uz,https://repost.uz/otslejivaemost-kontaktov-podnyalas,2026-07-25T16:10:00+05:00,54,True,False,False,167,25,True,True,1,True,False,False,False,False,1,1.0,0,0,False,False,0,0,False,False,0.0,0.0,2.63,False,False,False,False,False
Repost.uz,https://repost.uz/pervaya-nominaciya-za-chetvert-veka,2026-07-27T10:11:00+05:00,75,False,True,False,159,20,True,True,1,True,False,False,False,False,1,0.0,1,0,True,False,0,0,False,False,0.0,0.0,3.02,False,False,False,False,False
Repost.uz,https://repost.uz/ot-prodaj-avto-k-elektronnoy-kommercii,2026-07-27T13:00:00+05:00,66,False,True,False,370,52,False,False,3,False,False,False,False,True,0,,0,0,False,False,0,0,False,False,0.0,0.0,2.84,False,False,False,False,False
Repost.uz,https://repost.uz/mnogo-avariy-proisxodit,2026-07-27T15:40:00+05:00,79,False,True,False,120,12,False,True,1,True,False,False,False,False,6,0.333,4,0,True,False,0,0,False,False,0.0,0.0,2.89,False,False,False,False,False
Repost.uz,https://repost.uz/uje-pribil-v-minsk,2026-07-27T17:46:00+05:00,59,True,False,False,128,17,False,True,1,True,False,False,False,False,1,1.0,0,0,False,False,0,0,False,False,0.0,0.0,2.93,False,False,False,False,False
Repost.uz,https://repost.uz/dipmissii-za-nimi,2026-07-27T18:32:00+05:00,54,True,False,False,170,21,True,True,1,True,False,False,False,False,1,1.0,0,0,False,False,0,0,False,False,0.0,0.0,3.3,False,False,False,False,False
Repost.uz,https://repost.uz/segodnya-den-poslov-pryam,2026-07-27T20:42:00+05:00,54,True,False,False,141,18,False,True,1,True,False,False,False,False,1,1.0,0,0,False,False,0,0,False,False,0.0,0.0,3.29,False,False,False,False,False
Repost.uz,https://repost.uz/ustroili-tayniy-priton,2026-07-28T10:29:00+05:00,78,False,True,False,134,16,False,True,2,False,False,False,False,False,2,1.0,0,0,False,False,0,0,False,False,0.0,0.0,2.65,False,False,False,False,False
Repost.uz,https://repost.uz/da-mesta-ne-konchayutsya,2026-07-28T10:51:00+05:00,69,False,True,False,118,17,False,True,1,True,False,False,False,False,1,1.0,0,0,False,False,0,0,False,False,0.0,0.0,2.88,False,False,False,False,False
Repost.uz,https://repost.uz/xotyat-objalovat-reshenie,2026-07-28T11:47:00+05:00,80,False,True,False,185,29,True,True,2,False,False,False,False,False,4,0.5,0,2,False,True,0,0,False,False,0.0,0.0,2.68,False,False,False,False,False
Repost.uz,https://repost.uz/mojet-takoy-varik-ustroit,2026-07-28T18:42:00+05:00,77,False,True,False,190,21,True,True,1,True,False,False,False,False,2,1.0,0,0,False,False,0,0,False,False,0.0,0.0,2.83,False,False,False,False,False
Repost.uz,https://repost.uz/sobitiya-28iyulya2026,2026-07-28T18:48:00+05:00,46,True,False,False,488,62,False,False,3,False,False,False,False,True,0,,0,0,False,False,0,0,False,False,0.0,0.0,2.8,False,False,False,False,False
Repost.uz,https://repost.uz/no-ostavlyayut-pravo-otvetnix-udarov,2026-07-29T12:42:00+05:00,47,True,False,False,251,35,True,False,2,False,False,False,False,False,4,0.5,1,1,True,True,0,0,False,False,0.0,0.0,2.8,False,False,False,False,False
Repost.uz,https://repost.uz/togda-tochno-pridet-iphone-a-ne-kirpich,2026-07-29T13:00:00+05:00,55,True,False,False,226,34,True,True,1,True,False,False,False,False,0,,0,0,False,False,0,0,False,False,0.0,0.0,2.44,False,False,False,False,False
Repost.uz,https://repost.uz/kurs-valyut-30iyulya2026,2026-07-29T17:13:00+05:00,35,True,False,False,57,10,False,True,1,True,False,False,False,False,0,,0,0,False,False,0,0,False,False,0.0,0.0,2.14,False,False,False,False,False
Repost.uz,https://repost.uz/posetit-igri-budushego,2026-07-29T17:41:00+05:00,40,True,False,False,116,14,False,True,1,True,False,False,False,False,1,1.0,0,0,False,False,0,0,False,False,0.0,0.0,3.09,False,False,False,False,False
Repost.uz,https://repost.uz/cherez-polgoda-zarabotaet,2026-07-29T21:54:00+05:00,99,False,False,True,180,21,True,True,1,True,False,False,False,False,1,1.0,0,0,False,False,0,0,False,False,0.0,0.0,2.93,False,False,False,False,False
Repost.uz,https://repost.uz/porazili-desyatki-obyektov,2026-07-30T09:52:00+05:00,81,False,True,False,193,27,True,True,1,True,False,False,False,False,3,0.667,1,0,True,False,0,0,False,False,0.0,0.0,2.88,False,False,False,False,False
Repost.uz,https://repost.uz/skazali-chto-sojaleyut-i-izvinilis,2026-07-30T13:08:00+05:00,66,False,True,False,14,3,False,True,1,True,False,False,False,False,1,1.0,0,0,False,False,0,0,False,False,0.0,0.0,2.86,False,False,False,False,False
Repost.uz,https://repost.uz/vmeste-s-drugimi-liderami,2026-07-30T20:00:00+05:00,97,False,False,True,233,29,True,True,1,True,False,False,True,False,1,1.0,0,0,False,False,0,1,False,True,0.0,12.66,3.08,False,False,False,False,False
Repost.uz,https://repost.uz/chto-vozili-po-nemu,2026-07-30T20:55:00+05:00,99,False,False,True,146,19,False,True,2,False,False,False,False,False,2,1.0,0,0,False,False,0,1,False,True,0.0,11.9,2.99,False,False,False,False,False
Repost.uz,https://repost.uz/bitka-ne-budet-tolko-shtraf,2026-07-31T02:32:00+05:00,70,False,True,False,129,13,False,True,2,False,False,False,False,False,2,1.0,0,0,False,False,0,0,False,False,0.0,0.0,3.51,False,False,False,False,False
Repost.uz,https://repost.uz/posmotrim-kak-budet-vipolnyatsya,2026-07-31T11:15:00+05:00,55,True,False,False,255,34,True,False,2,False,False,False,False,False,4,1.0,0,0,False,False,0,0,False,False,0.0,0.0,2.66,False,False,False,False,False
Repost.uz,https://repost.uz/oyoy-tolko-etogo-ne-xvatalo,2026-07-31T18:22:00+05:00,55,True,False,False,295,34,True,False,2,False,False,False,False,False,2,1.0,0,0,False,False,0,0,False,False,0.0,0.0,2.8,False,False,False,False,False
Repost.uz,https://repost.uz/tisyachi-domov-bez-sveta-i-vodi,2026-07-31T18:31:00+05:00,46,True,False,False,149,22,True,True,2,False,False,False,False,False,2,1.0,0,0,False,False,0,0,False,False,0.0,0.0,2.67,False,False,False,False,False
Repost.uz,https://repost.uz/kak-tam-po-sladkim-money,2026-07-31T20:34:00+05:00,64,False,True,False,154,23,True,True,1,True,False,False,False,False,0,,0,0,False,False,0,0,False,False,0.0,0.0,2.76,False,False,False,False,False
Repost.uz,https://repost.uz/pyatero-iz-nix-na-perednem,2026-08-01T15:40:00+05:00,49,True,False,False,184,23,True,True,2,False,False,False,False,False,2,0.5,1,0,True,False,0,0,False,False,0.0,0.0,2.96,False,False,False,False,False
Repost.uz,https://repost.uz/ta-samaya-maxallya-lolazor,2026-08-02T15:31:00+05:00,85,False,True,False,136,18,False,True,1,True,False,False,False,False,0,,0,0,False,False,0,0,False,False,0.0,0.0,2.88,False,False,False,False,False
Repost.uz,https://repost.uz/iz-za-neostorojnosti-govoryat,2026-08-03T08:52:00+05:00,65,False,True,False,241,32,True,True,2,False,False,False,False,False,3,0.667,1,0,True,False,0,0,False,False,0.0,0.0,3.17,False,False,False,False,False
Repost.uz,https://repost.uz/okna-prikroy-esli-chto,2026-08-03T13:34:00+05:00,44,True,False,False,106,13,False,True,1,True,False,False,False,False,1,1.0,0,0,False,False,0,0,False,False,0.0,0.0,2.76,False,False,False,False,False
Repost.uz,https://repost.uz/ubiystvo-diani-i-romana-nazimovix,2026-08-03T14:58:00+05:00,59,True,False,False,303,40,False,False,3,False,False,False,False,False,5,0.2,2,2,True,True,1,0,True,False,4.39,0.0,2.74,False,False,False,False,False
Repost.uz,https://repost.uz/budut-provodit-regulyarniy-monitoring,2026-08-03T20:43:00+05:00,78,False,True,False,346,41,False,False,1,True,False,False,False,True,0,,0,0,False,False,1,0,True,False,5.32,0.0,2.96,False,False,False,False,False
Repost.uz,https://repost.uz/poxodu-mnogie-nakopili,2026-08-03T21:52:00+05:00,63,False,True,False,186,24,True,True,1,True,False,False,False,False,1,0.0,1,0,True,False,0,0,False,False,0.0,0.0,3.08,False,False,False,False,False
Repost.uz,https://repost.uz/kto-rodilsya-4avgusta,2026-08-03T23:07:00+05:00,38,True,False,False,514,71,False,False,3,False,False,False,False,True,0,,0,0,False,False,0,0,False,False,0.0,0.0,2.54,False,False,False,False,False
Repost.uz,https://repost.uz/po-sutkam-i-kilometram,2026-08-04T12:33:00+05:00,100,False,False,True,136,17,False,True,1,True,False,False,False,False,4,0.5,2,0,True,False,0,0,False,False,0.0,0.0,2.86,False,False,False,False,False
Repost.uz,https://repost.uz/govoryat-dast-prozrachnost,2026-08-04T13:17:00+05:00,63,False,True,False,157,22,True,True,2,False,False,False,False,False,1,1.0,0,0,False,False,0,0,False,False,0.0,0.0,3.01,False,False,False,False,False
Repost.uz,https://repost.uz/vdobavok-oshtrafovali,2026-08-04T15:28:00+05:00,67,False,True,False,164,24,True,True,2,False,False,False,False,False,2,1.0,0,0,False,False,0,0,False,False,0.0,0.0,2.53,False,False,False,False,False
Repost.uz,https://repost.uz/sobitiya-5avgusta2026,2026-08-04T18:35:00+05:00,48,True,False,False,346,45,False,False,3,False,False,False,False,True,0,,0,0,False,False,0,0,False,False,0.0,0.0,2.72,False,False,False,False,False
Repost.uz,https://repost.uz/stoit-na-svoem,2026-08-05T09:50:00+05:00,64,False,True,False,206,30,True,True,2,False,False,False,False,False,4,0.75,1,0,True,False,0,0,False,False,0.0,0.0,2.5,False,False,False,False,False
Repost.uz,https://repost.uz/goldishko-virivaetsya-vpered,2026-08-05T11:16:00+05:00,49,True,False,False,98,16,False,True,1,True,False,False,False,False,1,1.0,0,0,False,False,0,0,False,False,0.0,0.0,2.33,True,False,False,False,False
Repost.uz,https://repost.uz/vse-eto-s-next-year,2026-08-05T13:18:00+05:00,110,False,False,True,231,29,True,True,2,False,False,False,False,False,1,1.0,0,0,False,False,0,0,False,False,0.0,0.0,3.45,False,False,False,False,False
Repost.uz,https://repost.uz/podborka-ot-0508,2026-08-05T19:43:00+05:00,20,True,False,False,33,5,False,True,1,True,False,False,False,False,2,1.0,0,0,False,False,0,0,False,False,0.0,0.0,2.84,False,False,False,False,False
Repost.uz,https://repost.uz/levachat-oni-bez-ostanovki,2026-08-05T21:20:00+05:00,56,True,False,False,119,11,False,True,1,True,False,False,False,False,2,1.0,0,0,False,False,0,0,False,False,0.0,0.0,3.08,False,False,False,False,False
Repost.uz,https://repost.uz/chto-za-iniciativi-takie,2026-08-06T08:35:00+05:00,70,False,True,False,14,3,False,True,1,True,False,False,False,False,8,0.875,1,0,True,False,0,0,False,False,0.0,0.0,2.46,False,False,False,False,False
Repost.uz,https://repost.uz/xodyat-seychas-novosti-raznie,2026-08-06T11:11:00+05:00,49,True,False,False,138,19,False,True,2,False,False,False,False,False,4,1.0,0,0,False,False,0,0,False,False,0.0,0.0,2.77,False,False,False,False,False
Repost.uz,https://repost.uz/teper-nado-vse-ustranit,2026-08-06T15:28:00+05:00,52,True,False,False,13,3,False,True,1,True,False,False,False,False,2,0.5,1,0,True,False,0,0,False,False,0.0,0.0,2.92,False,False,False,False,False
Repost.uz,https://repost.uz/teper-rassmotryat-v-verxney-palate,2026-08-06T18:58:00+05:00,79,False,True,False,194,21,True,True,1,True,False,False,False,False,2,0.5,1,0,True,False,1,0,True,False,6.06,0.0,3.53,False,False,False,False,False
Repost.uz,https://repost.uz/smotri-ulojis-teper,2026-08-07T10:38:00+05:00,87,False,True,False,91,12,False,True,1,True,False,False,False,False,0,,0,0,False,False,0,0,False,False,0.0,0.0,2.69,False,False,False,False,False
Repost.uz,https://repost.uz/skazali-soblyudat-normi-etiki,2026-08-07T13:04:00+05:00,120,False,False,True,14,3,False,True,1,True,False,False,False,False,5,0.4,3,0,True,False,0,0,False,False,0.0,0.0,3.04,False,False,False,False,False
Repost.uz,https://repost.uz/ot-xisheniya-do-vzyatki,2026-08-07T16:36:00+05:00,41,True,False,False,165,23,True,True,1,True,False,False,False,False,2,0.5,0,1,False,True,0,0,False,False,0.0,0.0,2.8,False,False,False,False,False
Repost.uz,https://repost.uz/novie-lineyki-ot-evosa,2026-08-07T19:00:00+05:00,85,False,True,False,41,5,False,True,1,True,False,False,False,False,0,,0,0,False,False,0,0,False,False,0.0,0.0,2.22,False,False,False,False,False
Repost.uz,https://repost.uz/podborka-ot-0708,2026-08-07T20:44:00+05:00,20,True,False,False,33,5,False,True,1,True,False,False,False,False,2,0.0,1,1,True,True,0,0,False,False,0.0,0.0,2.86,False,False,False,False,False
UzNews.uz,https://www.uznews.uz/ru/news/111285,2026-07-17T00:00:00+05:00,73,False,True,False,285,32,True,False,2,False,False,False,False,False,1,1.0,0,0,False,False,0,0,False,False,0.0,0.0,2.88,False,False,False,False,False
UzNews.uz,https://www.uznews.uz/ru/news/111278,2026-07-17T00:00:00+05:00,68,False,True,False,210,30,True,True,2,False,False,False,False,False,2,0.5,1,0,True,False,0,0,False,False,0.0,0.0,3.3,False,False,False,False,False
UzNews.uz,https://www.uznews.uz/ru/news/111297,2026-07-19T00:00:00+05:00,70,False,True,False,162,26,True,True,1,True,False,False,False,False,0,,0,0,False,False,0,0,False,False,0.0,0.0,2.37,True,False,False,False,False
UzNews.uz,https://www.uznews.uz/ru/news/111339,2026-07-20T00:00:00+05:00,65,False,True,False,221,22,True,True,1,True,False,False,False,False,1,1.0,0,0,False,False,1,0,True,False,4.63,0.0,3.02,False,False,False,False,False
UzNews.uz,https://www.uznews.uz/ru/news/111331,2026-07-20T00:00:00+05:00,82,False,True,False,295,40,False,False,2,False,False,False,False,False,3,0.667,1,0,True,False,0,0,False,False,0.0,0.0,3.28,False,False,False,False,False
UzNews.uz,https://www.uznews.uz/ru/news/111323,2026-07-20T00:00:00+05:00,74,False,True,False,284,36,False,False,2,False,False,False,False,False,1,1.0,0,0,False,False,0,0,False,False,0.0,0.0,2.75,False,False,False,False,False
UzNews.uz,https://www.uznews.uz/ru/news/111316,2026-07-20T00:00:00+05:00,71,False,True,False,263,43,False,False,2,False,False,False,False,True,0,,0,0,False,False,0,0,False,False,0.0,0.0,2.4,True,False,False,False,False
UzNews.uz,https://www.uznews.uz/ru/news/111310,2026-07-20T00:00:00+05:00,50,True,False,False,50,9,False,True,1,True,False,False,False,False,0,,0,0,False,False,0,0,False,False,0.0,0.0,2.46,False,False,False,False,False
UzNews.uz,https://www.uznews.uz/ru/news/111378,2026-07-21T00:00:00+05:00,56,True,False,False,167,26,True,True,1,True,False,False,False,False,0,,0,0,False,False,0,0,False,False,0.0,0.0,2.53,False,False,False,False,False
UzNews.uz,https://www.uznews.uz/ru/news/111371,2026-07-21T00:00:00+05:00,82,False,True,False,112,14,False,True,1,True,False,False,False,False,1,0.0,1,0,True,False,1,0,True,False,6.67,0.0,2.82,False,False,False,False,False
UzNews.uz,https://www.uznews.uz/ru/news/111363,2026-07-21T00:00:00+05:00,69,False,True,False,202,28,True,True,2,False,False,False,False,False,2,0.5,1,0,True,False,0,0,False,False,0.0,0.0,3.26,False,False,False,False,False
UzNews.uz,https://www.uznews.uz/ru/news/111358,2026-07-21T00:00:00+05:00,94,False,False,True,131,16,False,True,1,True,False,False,False,False,3,0.667,0,1,False,True,0,0,False,False,0.0,0.0,2.39,True,False,False,False,False
UzNews.uz,https://www.uznews.uz/ru/news/111348,2026-07-21T00:00:00+05:00,62,False,True,False,140,20,True,True,1,True,False,False,False,False,1,1.0,0,0,False,False,0,0,False,False,0.0,0.0,2.61,False,False,False,False,False
UzNews.uz,https://www.uznews.uz/ru/news/111421,2026-07-22T00:00:00+05:00,44,True,False,False,189,25,True,True,2,False,False,False,False,False,1,1.0,0,0,False,False,0,0,False,False,0.0,0.0,3.13,False,False,False,False,False
UzNews.uz,https://www.uznews.uz/ru/news/111414,2026-07-22T00:00:00+05:00,71,False,True,False,225,25,True,True,1,True,False,False,False,False,0,,0,0,False,False,1,0,True,False,4.24,0.0,3.41,False,False,False,False,False
UzNews.uz,https://www.uznews.uz/ru/news/111405,2026-07-22T00:00:00+05:00,58,True,False,False,147,16,False,True,1,True,False,False,False,False,0,,0,0,False,False,0,0,False,False,0.0,0.0,2.84,False,False,False,False,False
UzNews.uz,https://www.uznews.uz/ru/news/111401,2026-07-22T00:00:00+05:00,58,True,False,False,338,43,False,False,2,False,True,False,False,True,1,0.0,1,0,True,False,0,0,False,False,0.0,0.0,2.93,False,False,False,False,False
UzNews.uz,https://www.uznews.uz/ru/news/111394,2026-07-22T00:00:00+05:00,67,False,True,False,155,18,False,True,1,True,False,False,False,False,2,0.5,1,0,True,False,0,0,False,False,0.0,0.0,3.35,False,False,False,False,False
UzNews.uz,https://www.uznews.uz/ru/news/111383,2026-07-22T00:00:00+05:00,63,False,True,False,401,50,False,False,3,False,False,False,False,True,0,,0,0,False,False,0,0,False,False,0.0,0.0,2.52,False,False,False,False,False
UzNews.uz,https://www.uznews.uz/ru/news/111444,2026-07-23T00:00:00+05:00,59,True,False,False,235,35,True,True,1,True,False,False,False,False,1,1.0,0,0,False,False,0,0,False,False,0.0,0.0,2.67,False,False,False,False,False
UzNews.uz,https://www.uznews.uz/ru/news/111431,2026-07-23T00:00:00+05:00,94,False,False,True,244,28,True,True,1,True,False,False,False,False,4,0.75,1,0,True,False,0,0,False,False,0.0,0.0,3.12,False,False,False,False,False
UzNews.uz,https://www.uznews.uz/ru/news/111228,2026-07-23T00:00:00+05:00,105,False,False,True,424,62,False,False,3,False,False,False,False,True,0,,0,0,False,False,0,0,False,False,0.0,0.0,2.87,False,False,False,False,False
UzNews.uz,https://www.uznews.uz/ru/news/111460,2026-07-24T00:00:00+05:00,105,False,False,True,278,35,True,False,2,False,False,False,False,False,1,1.0,0,0,False,False,0,0,False,False,0.0,0.0,2.97,False,False,False,False,False
UzNews.uz,https://www.uznews.uz/ru/news/111455,2026-07-24T00:00:00+05:00,61,False,True,False,173,22,True,True,1,True,False,False,False,False,2,1.0,0,0,False,False,0,0,False,False,0.0,0.0,2.92,False,False,False,False,False
UzNews.uz,https://www.uznews.uz/ru/news/111476,2026-07-25T00:00:00+05:00,77,False,True,False,123,17,False,True,1,True,False,False,False,False,0,,0,0,False,False,0,0,False,False,0.0,0.0,2.89,False,False,False,False,False
UzNews.uz,https://www.uznews.uz/ru/news/111471,2026-07-25T00:00:00+05:00,89,False,True,False,568,86,False,False,5,False,False,False,False,True,3,0.667,1,0,True,False,0,1,False,True,0.0,3.46,2.85,False,False,False,False,False
UzNews.uz,https://www.uznews.uz/ru/news/111508,2026-07-27T00:00:00+05:00,86,False,True,False,241,34,True,True,2,False,False,False,False,False,2,1.0,0,0,False,False,0,0,False,False,0.0,0.0,2.68,False,False,False,False,False
UzNews.uz,https://www.uznews.uz/ru/news/111504,2026-07-27T00:00:00+05:00,48,True,False,False,278,42,False,False,2,False,False,False,False,True,0,,0,0,False,False,0,0,False,False,0.0,0.0,2.68,False,False,False,False,False
UzNews.uz,https://www.uznews.uz/ru/news/111496,2026-07-27T00:00:00+05:00,62,False,True,False,269,34,True,False,2,False,False,False,False,False,2,0.5,1,0,True,False,0,0,False,False,0.0,0.0,2.85,False,False,False,False,False
UzNews.uz,https://www.uznews.uz/ru/news/111488,2026-07-27T00:00:00+05:00,92,False,False,True,186,24,True,True,1,True,False,False,False,False,1,1.0,0,0,False,False,0,0,False,False,0.0,0.0,2.66,False,False,False,False,False
UzNews.uz,https://www.uznews.uz/ru/news/111484,2026-07-27T00:00:00+05:00,48,True,False,False,97,13,False,True,1,True,False,False,False,False,0,,0,0,False,False,0,0,False,False,0.0,0.0,2.58,False,False,False,False,False
UzNews.uz,https://www.uznews.uz/ru/news/111544,2026-07-28T00:00:00+05:00,86,False,True,False,136,18,False,True,2,False,False,False,False,False,1,1.0,0,0,False,False,0,0,False,False,0.0,0.0,2.94,False,False,False,False,False
UzNews.uz,https://www.uznews.uz/ru/news/111540,2026-07-28T00:00:00+05:00,56,True,False,False,201,24,True,True,2,False,False,False,False,False,1,1.0,0,0,False,False,0,0,False,False,0.0,0.0,3.46,False,False,False,False,False
UzNews.uz,https://www.uznews.uz/ru/news/111534,2026-07-28T00:00:00+05:00,51,True,False,False,181,25,True,True,2,False,False,False,False,False,0,,0,0,False,False,0,0,False,False,0.0,0.0,2.87,False,False,False,False,False
UzNews.uz,https://www.uznews.uz/ru/news/111526,2026-07-28T00:00:00+05:00,83,False,True,False,117,15,False,True,1,True,False,False,False,False,4,0.0,3,1,True,True,0,0,False,False,0.0,0.0,2.83,False,False,False,False,False
UzNews.uz,https://www.uznews.uz/ru/news/111516,2026-07-28T00:00:00+05:00,46,True,False,False,226,28,True,True,2,False,False,False,False,False,0,,0,0,False,False,0,0,False,False,0.0,0.0,3.26,False,False,False,False,False
UzNews.uz,https://www.uznews.uz/ru/news/111438,2026-07-28T00:00:00+05:00,103,False,False,True,471,59,False,False,3,False,False,False,False,True,0,,0,0,False,False,0,1,False,True,0.0,1.63,2.97,False,False,False,False,False
UzNews.uz,https://www.uznews.uz/ru/news/111577,2026-07-29T00:00:00+05:00,66,False,True,False,190,24,True,True,2,False,False,False,False,False,1,1.0,0,0,False,False,0,1,False,True,0.0,6.71,3.1,False,False,False,False,False
UzNews.uz,https://www.uznews.uz/ru/news/111571,2026-07-29T00:00:00+05:00,75,False,True,False,175,22,True,True,1,True,False,False,False,False,1,0.0,0,1,False,True,0,0,False,False,0.0,0.0,2.65,False,False,False,False,False
UzNews.uz,https://www.uznews.uz/ru/news/111565,2026-07-29T00:00:00+05:00,54,True,False,False,135,17,False,True,1,True,False,False,False,False,0,,0,0,False,False,0,0,False,False,0.0,0.0,2.8,False,False,False,False,False
UzNews.uz,https://www.uznews.uz/ru/news/111559,2026-07-29T00:00:00+05:00,77,False,True,False,255,36,False,False,2,False,False,False,False,False,2,1.0,0,0,False,False,0,0,False,False,0.0,0.0,2.65,False,False,False,False,False
UzNews.uz,https://www.uznews.uz/ru/news/111553,2026-07-29T00:00:00+05:00,68,False,True,False,185,21,True,True,1,True,False,False,False,False,1,1.0,0,0,False,False,0,0,False,False,0.0,0.0,3.15,False,False,False,False,False
UzNews.uz,https://www.uznews.uz/ru/news/111621,2026-07-30T00:00:00+05:00,99,False,False,True,267,30,True,False,1,True,False,False,False,False,1,0.0,1,0,True,False,1,0,True,False,8.55,0.0,3.5,False,False,False,False,False
UzNews.uz,https://www.uznews.uz/ru/news/111615,2026-07-30T00:00:00+05:00,64,False,True,False,193,21,True,True,1,True,False,False,False,False,1,1.0,0,0,False,False,0,0,False,False,0.0,0.0,3.16,False,False,False,False,False
UzNews.uz,https://www.uznews.uz/ru/news/111600,2026-07-30T00:00:00+05:00,79,False,True,False,207,24,True,True,1,True,False,False,False,False,1,1.0,0,0,False,False,0,0,False,False,0.0,0.0,2.95,False,False,False,False,False
UzNews.uz,https://www.uznews.uz/ru/news/111590,2026-07-30T00:00:00+05:00,46,True,False,False,153,23,True,True,2,False,True,False,False,False,0,,0,0,False,False,0,0,False,False,0.0,0.0,2.36,True,False,False,False,False
UzNews.uz,https://www.uznews.uz/ru/news/111584,2026-07-30T00:00:00+05:00,46,True,False,False,96,12,False,True,1,True,False,False,False,False,0,,0,0,False,False,0,0,False,False,0.0,0.0,2.74,False,False,False,False,False
UzNews.uz,https://www.uznews.uz/ru/news/111641,2026-07-31T00:00:00+05:00,70,False,True,False,208,25,True,True,2,False,False,False,False,False,1,1.0,0,0,False,False,0,0,False,False,0.0,0.0,2.69,False,False,False,False,False
UzNews.uz,https://www.uznews.uz/ru/news/111637,2026-07-31T00:00:00+05:00,77,False,True,False,218,25,True,True,1,True,False,False,False,False,3,1.0,0,0,False,False,0,1,False,True,0.0,4.67,2.94,False,False,False,False,False
UzNews.uz,https://www.uznews.uz/ru/news/111629,2026-07-31T00:00:00+05:00,84,False,True,False,102,12,False,True,1,True,False,False,False,False,0,,0,0,False,False,0,0,False,False,0.0,0.0,2.97,False,False,False,False,False
UzNews.uz,https://www.uznews.uz/ru/news/111608,2026-07-31T00:00:00+05:00,83,False,True,False,401,47,False,False,3,False,False,False,False,True,0,,0,0,False,False,0,0,False,False,0.0,0.0,2.7,False,False,False,False,False
UzNews.uz,https://www.uznews.uz/ru/news/111651,2026-08-01T00:00:00+05:00,72,False,True,False,291,36,False,False,2,False,False,False,False,False,0,,0,0,False,False,0,0,False,False,0.0,0.0,2.65,False,False,False,False,False
UzNews.uz,https://www.uznews.uz/ru/news/111671,2026-08-02T00:00:00+05:00,56,True,False,False,215,28,True,True,2,False,False,False,False,False,3,1.0,0,0,False,False,0,1,False,True,0.0,8.77,2.64,False,False,False,False,False
UzNews.uz,https://www.uznews.uz/ru/news/111709,2026-08-03T00:00:00+05:00,69,False,True,False,101,12,False,True,1,True,False,False,False,False,0,,0,0,False,False,0,0,False,False,0.0,0.0,3.17,False,False,False,False,False
UzNews.uz,https://www.uznews.uz/ru/news/111704,2026-08-03T00:00:00+05:00,55,True,False,False,255,32,True,False,2,False,False,False,False,False,0,,0,0,False,False,0,0,False,False,0.0,0.0,2.67,False,False,False,False,False
UzNews.uz,https://www.uznews.uz/ru/news/111689,2026-08-03T00:00:00+05:00,66,False,True,False,234,26,True,True,1,True,False,False,True,False,0,,0,0,False,False,0,0,False,False,0.0,0.0,3.09,False,False,False,False,False
UzNews.uz,https://www.uznews.uz/ru/news/111679,2026-08-03T00:00:00+05:00,60,True,False,False,132,17,False,True,1,True,False,False,False,False,0,,0,0,False,False,0,0,False,False,0.0,0.0,2.59,False,False,False,False,False
UzNews.uz,https://www.uznews.uz/ru/news/111664,2026-08-03T00:00:00+05:00,86,False,True,False,102,16,False,True,1,True,False,False,False,False,0,,0,0,False,False,0,0,False,False,0.0,0.0,2.39,True,False,False,False,False
UzNews.uz,https://www.uznews.uz/ru/news/111646,2026-08-03T00:00:00+05:00,106,False,False,True,297,36,False,False,2,False,False,False,False,False,0,,0,0,False,False,0,0,False,False,0.0,0.0,3.03,False,False,False,False,False
UzNews.uz,https://www.uznews.uz/ru/news/111742,2026-08-04T00:00:00+05:00,86,False,True,False,267,41,False,False,2,False,False,False,False,True,7,0.286,1,4,True,True,0,0,False,False,0.0,0.0,2.75,False,False,False,False,False
UzNews.uz,https://www.uznews.uz/ru/news/111734,2026-08-04T00:00:00+05:00,83,False,True,False,192,21,True,True,1,True,False,False,False,False,1,1.0,0,0,False,False,0,0,False,False,0.0,0.0,2.96,False,False,False,False,False
UzNews.uz,https://www.uznews.uz/ru/news/111728,2026-08-04T00:00:00+05:00,77,False,True,False,127,16,False,True,1,True,False,False,False,False,0,,0,0,False,False,0,0,False,False,0.0,0.0,2.99,False,False,False,False,False
UzNews.uz,https://www.uznews.uz/ru/news/111722,2026-08-04T00:00:00+05:00,91,False,False,True,137,17,False,True,1,True,False,False,False,False,0,,0,0,False,False,0,0,False,False,0.0,0.0,2.75,False,False,False,False,False
UzNews.uz,https://www.uznews.uz/ru/news/111713,2026-08-04T00:00:00+05:00,65,False,True,False,270,34,True,False,2,False,False,False,False,False,0,,0,0,False,False,0,0,False,False,0.0,0.0,2.93,False,False,False,False,False
UzNews.uz,https://www.uznews.uz/ru/news/111695,2026-08-04T00:00:00+05:00,81,False,True,False,156,24,True,True,1,True,False,False,False,False,1,0.0,1,0,True,False,0,0,False,False,0.0,0.0,2.68,False,False,False,False,False
UzNews.uz,https://www.uznews.uz/ru/news/111790,2026-08-05T00:00:00+05:00,70,False,True,False,187,25,True,True,1,True,False,False,False,False,3,0.333,0,2,False,True,0,0,False,False,0.0,0.0,2.47,False,False,False,False,False
UzNews.uz,https://www.uznews.uz/ru/news/111780,2026-08-05T00:00:00+05:00,88,False,True,False,169,22,True,True,1,True,False,False,False,False,0,,0,0,False,False,1,0,True,False,3.89,0.0,2.74,False,False,False,False,False
UzNews.uz,https://www.uznews.uz/ru/news/111773,2026-08-05T00:00:00+05:00,88,False,True,False,295,32,True,False,1,True,False,False,False,False,0,,0,0,False,False,0,0,False,False,0.0,0.0,2.9,False,False,False,False,False
UzNews.uz,https://www.uznews.uz/ru/news/111763,2026-08-05T00:00:00+05:00,77,False,True,False,238,27,True,True,1,True,False,False,False,False,0,,0,0,False,False,0,0,False,False,0.0,0.0,2.86,False,False,False,False,False
UzNews.uz,https://www.uznews.uz/ru/news/111755,2026-08-05T00:00:00+05:00,68,False,True,False,175,20,True,True,1,True,False,False,False,False,1,0.0,1,0,True,False,0,0,False,False,0.0,0.0,3.24,False,False,False,False,False
UzNews.uz,https://uznews.uz/ru/news/111816,2026-08-06T00:00:00+05:00,72,False,True,False,133,23,True,True,1,True,False,False,False,False,1,0.0,1,0,True,False,0,0,False,False,0.0,0.0,3.05,False,False,False,False,False
UzNews.uz,https://uznews.uz/ru/news/111817,2026-08-06T00:00:00+05:00,89,False,True,False,277,30,True,False,1,True,False,False,False,False,0,,0,0,False,False,1,0,True,False,3.45,0.0,3.2,False,False,False,False,False
UzNews.uz,https://www.uznews.uz/ru/news/111811,2026-08-06T00:00:00+05:00,85,False,True,False,169,19,False,True,1,True,False,False,False,False,0,,0,0,False,False,1,0,True,False,3.85,0.0,3.17,False,False,False,False,False
UzNews.uz,https://www.uznews.uz/ru/news/111805,2026-08-06T00:00:00+05:00,59,True,False,False,259,37,False,False,2,False,False,False,False,False,1,0.0,1,0,True,False,0,0,False,False,0.0,0.0,2.4,False,False,False,False,False
UzNews.uz,https://www.uznews.uz/ru/news/111799,2026-08-06T00:00:00+05:00,69,False,True,False,169,22,True,True,1,True,False,False,False,False,0,,0,0,False,False,0,0,False,False,0.0,0.0,3.09,False,False,False,False,False
UzNews.uz,https://uznews.uz/ru/news/111823,2026-08-07T00:00:00+05:00,80,False,True,False,158,18,False,True,1,True,False,False,False,False,1,1.0,0,0,False,False,0,0,False,False,0.0,0.0,2.86,False,False,False,False,False
UzNews.uz,https://uznews.uz/ru/news/111825,2026-08-07T00:00:00+05:00,73,False,True,False,89,13,False,True,1,True,False,False,False,False,0,,0,0,False,False,0,0,False,False,0.0,0.0,2.96,False,False,False,False,False
UzNews.uz,https://uznews.uz/ru/news/111827,2026-08-07T00:00:00+05:00,63,False,True,False,120,14,False,True,1,True,False,False,False,False,1,1.0,0,0,False,False,0,1,False,True,0.0,7.63,2.59,False,False,False,False,False
UzNews.uz,https://uznews.uz/ru/news/111829,2026-08-07T00:00:00+05:00,72,False,True,False,194,28,True,True,2,False,False,False,False,False,0,,0,0,False,False,0,0,False,False,0.0,0.0,2.58,False,False,False,False,False
UzNews.uz,https://uznews.uz/ru/news/111834,2026-08-07T00:00:00+05:00,99,False,False,True,346,43,False,False,2,False,False,False,False,True,5,0.2,3,1,True,True,1,0,True,False,3.44,0.0,3.11,False,False,False,False,False
UzNews.uz,https://uznews.uz/ru/news/111836,2026-08-07T00:00:00+05:00,73,False,True,False,186,20,True,True,1,True,False,False,False,False,0,,0,0,False,False,0,0,False,False,0.0,0.0,2.87,False,False,False,False,False
UzNews.uz,https://uznews.uz/ru/news/111838,2026-08-07T00:00:00+05:00,70,False,True,False,153,18,False,True,1,True,False,False,False,False,1,0.0,1,0,True,False,0,0,False,False,0.0,0.0,2.63,False,False,False,False,False
UzNews.uz,https://uznews.uz/ru/news/111841,2026-08-07T00:00:00+05:00,95,False,False,True,223,24,True,True,1,True,False,False,False,False,1,0.0,1,0,True,False,0,0,False,False,0.0,0.0,3.1,False,False,False,False,False
UzNews.uz,https://uznews.uz/ru/news/111844,2026-08-07T00:00:00+05:00,71,False,True,False,155,21,True,True,1,True,False,False,False,False,1,1.0,0,0,False,False,0,0,False,False,0.0,0.0,2.92,False,False,False,False,False
UzNews.uz,https://uznews.uz/ru/news/111845,2026-08-07T00:00:00+05:00,86,False,True,False,156,20,True,True,1,True,False,False,False,False,2,1.0,0,0,False,False,0,0,False,False,0.0,0.0,3.08,False,False,False,False,False
UzNews.uz,https://uznews.uz/ru/news/111848,2026-08-07T00:00:00+05:00,79,False,True,False,186,24,True,True,1,True,False,False,False,False,0,,0,0,False,False,0,0,False,False,0.0,0.0,2.59,False,False,False,False,False
UzNews.uz,https://uznews.uz/ru/news/111843,2026-08-07T00:00:00+05:00,79,False,True,False,241,28,True,True,2,False,False,False,False,False,3,1.0,0,0,False,False,1,0,True,False,3.76,0.0,3.01,False,False,False,False,False
UzNews.uz,https://uznews.uz/ru/news/111851,2026-08-07T00:00:00+05:00,73,False,True,False,175,19,False,True,1,True,False,False,False,False,0,,0,0,False,False,0,0,False,False,0.0,0.0,3.17,False,False,False,False,False
UzNews.uz,https://uznews.uz/ru/news/111852,2026-08-07T00:00:00+05:00,62,False,True,False,122,14,False,True,1,True,False,False,False,False,2,0.5,1,0,True,False,0,0,False,False,0.0,0.0,3.34,False,False,False,False,False
UzNews.uz,https://uznews.uz/ru/news/111859,2026-08-07T00:00:00+05:00,79,False,True,False,135,21,True,True,1,True,False,False,False,False,0,,0,0,False,False,0,0,False,False,0.0,0.0,2.68,False,False,False,False,False
UzNews.uz,https://uznews.uz/ru/news/111858,2026-08-07T00:00:00+05:00,86,False,True,False,284,38,False,False,2,False,False,False,False,False,0,,0,0,False,False,0,0,False,False,0.0,0.0,2.62,False,False,False,False,False
UzNews.uz,https://uznews.uz/ru/news/111856,2026-08-07T00:00:00+05:00,61,False,True,False,184,26,True,True,2,False,False,False,False,False,0,,0,0,False,False,0,0,False,False,0.0,0.0,2.92,False,False,False,False,False
UzNews.uz,https://uznews.uz/ru/news/111860,2026-08-07T00:00:00+05:00,83,False,True,False,106,11,False,True,1,True,False,False,False,False,0,,0,0,False,False,1,0,True,False,4.39,0.0,3.01,False,False,False,False,False
Yuz.uz,https://yuz.uz/ru/news/chm-2026-egipet-obidno-proigral-argentine-vedya-v-dva-myacha,2026-07-08T07:32:25+05:00,58,True,False,False,90,16,False,True,1,True,False,False,False,False,0,,0,0,False,False,0,0,False,False,0.0,0.0,2.41,False,False,False,False,False
Yuz.uz,https://yuz.uz/ru/news/grajdaninu-uzbekistana-okazano-sodeystvie-v-vozvraenii-iz-serbii-na-rodinu,2026-07-08T10:36:00+05:00,75,False,True,False,211,25,True,True,1,True,False,False,False,False,2,1.0,0,0,False,False,0,0,False,False,0.0,0.0,3.05,False,False,False,False,False
Yuz.uz,https://yuz.uz/ru/news/v-fergane-rukovoditel-ooo-prisvoil-kreditne-sredstva-na-summu-15-mlrd-sumov,2026-07-08T11:00:54+05:00,78,False,True,False,265,35,True,False,1,True,False,False,False,False,0,,0,0,False,False,0,0,False,False,0.0,0.0,2.81,False,False,False,False,False
Yuz.uz,https://yuz.uz/ru/news/v-uzbekistane-vnedryat-avtomatizirovannuyu-sistemu-analiz-riskov-v-sfere-negosudarstvennogo-obrazovaniya,2026-07-08T13:46:00+05:00,103,False,False,True,28,4,False,True,1,True,False,False,True,False,0,,0,0,False,False,1,0,True,False,7.52,0.0,3.31,False,False,False,False,False
Yuz.uz,https://yuz.uz/ru/news/za-kajdm-resheniem---tochne-raschet-injenerny-analiz-i-rabota-bolshoy-komand-kak-skver-amira-temura-stal-bezopasnee-i-dostupnee-dlya-peshexodov,2026-07-08T16:34:21+05:00,145,False,False,True,463,51,False,False,3,False,False,False,False,True,0,,0,0,False,False,0,0,False,False,0.0,0.0,3.15,False,False,False,False,False
Yuz.uz,https://yuz.uz/ru/news/prozrachnost-skorost-i-tsifrovizatsiya,2026-07-09T08:58:59+05:00,37,True,False,False,184,25,True,True,1,True,False,False,False,False,0,,0,0,False,False,0,1,False,True,0.0,1.11,3.2,False,False,False,False,False
Yuz.uz,https://yuz.uz/ru/news/inostrannm-turistam-v-uzbekistane-budut-predostavlyat-esim-s-besplatnm-internetom,2026-07-09T10:30:00+05:00,83,False,True,False,276,32,True,False,2,False,False,False,False,False,0,,0,0,False,False,0,0,False,False,0.0,0.0,3.28,False,False,False,False,False
Yuz.uz,https://yuz.uz/ru/news/v-uzbekistane-otmenili-ekosbor-dlya-avtomobiley-starshe-30-let-i-vvodyat-novuyu-sistemu-utilizatsii,2026-07-09T10:44:00+05:00,94,False,False,True,375,46,False,False,2,False,False,False,False,True,1,1.0,0,0,False,False,0,1,False,True,0.0,2.4,2.98,False,False,False,False,False
Yuz.uz,https://yuz.uz/ru/news/vrabotka-elektroenergii-v-uzbekistane-za-pervoe-polugodie-vrosla-na-71,2026-07-09T16:19:00+05:00,74,False,True,False,229,34,True,True,2,False,False,False,False,False,0,,0,0,False,False,0,0,False,False,0.0,0.0,2.47,False,False,False,False,False
Yuz.uz,https://yuz.uz/ru/news/v-kashkadarinskoy-oblasti-vyavlen-podpolne-tsexa-po-proizvodstvu-neprigodnogo-k-upotrebleniyu-rastitelnogo-masla,2026-07-09T16:47:22+05:00,114,False,False,True,200,24,True,True,1,True,False,False,False,False,0,,0,0,False,False,0,0,False,False,0.0,0.0,2.91,False,False,False,False,False
Yuz.uz,https://yuz.uz/ru/news/zbekiston-va-belarus-munosabatlari-strategik-seriklik-dara,2026-07-09T17:30:00+05:00,77,False,True,False,93,13,False,True,2,False,False,False,False,False,0,,0,0,False,False,0,0,False,False,0.0,0.0,3.17,False,False,False,False,False
Yuz.uz,https://yuz.uz/ru/news/uzbekistan-i-frantsiya-obsudili-nove-investitsionne-proekt-i-rasshirenie-ekonomicheskogo-sotrudnichestva,2026-07-10T09:43:00+05:00,101,False,False,True,195,22,True,True,1,True,False,False,False,False,0,,0,0,False,False,0,0,False,False,0.0,0.0,2.59,False,False,False,False,False
Yuz.uz,https://yuz.uz/ru/news/sovmestne-proekt-uzbekistana-i-belarusi-sozdayut-shirokie-vozmojnosti-dlya-molodeji-,2026-07-10T10:19:41+05:00,82,False,True,False,406,47,False,False,2,False,False,False,False,True,0,,0,0,False,False,1,0,True,False,1.0,0.0,3.48,False,False,False,False,False
Yuz.uz,https://yuz.uz/ru/news/v-uzbekistane-vyavili-sluchai-zavsheniya-torgovx-nadbavok-na-lekarstva-na-19-mlrd-sumov,2026-07-10T12:30:00+05:00,87,False,True,False,314,38,False,False,2,False,False,False,False,False,0,,0,0,False,False,0,1,False,True,0.0,7.41,2.95,False,False,False,False,False
Yuz.uz,https://yuz.uz/ru/news/zbekiston-prezidenti-icesco-bilan-amkorlikni-ianada-kengait,2026-07-10T15:05:00+05:00,79,False,True,False,158,15,False,True,1,True,False,False,False,False,0,,0,0,False,False,0,0,False,False,0.0,0.0,3.28,False,False,False,False,False
Yuz.uz,https://yuz.uz/ru/news/v-uzbekistane-prinyat-konstitutsionny-zakon-o-tashkentskom-mejdunarodnom-finansovom-tsentre,2026-07-11T07:52:30+05:00,90,False,True,False,227,30,True,True,1,True,False,False,False,False,2,0.5,1,0,True,False,0,0,False,False,0.0,0.0,3.07,False,False,False,False,False
Yuz.uz,https://yuz.uz/ru/news/prognoz-pogod-na-den-11-iyulya-,2026-07-11T08:21:00+05:00,30,True,False,False,81,12,False,True,3,False,False,False,False,False,0,,0,0,False,False,0,0,False,False,0.0,0.0,2.58,False,False,False,False,False
Yuz.uz,https://yuz.uz/ru/news/jonbibi-xukmova-zavoevala-vtoroe-zoloto-na-chempionate-azii-u23-po-legkoy-atletike,2026-07-12T08:16:07+05:00,81,False,True,False,178,26,True,True,1,True,False,False,False,False,0,,0,0,False,False,0,0,False,False,0.0,0.0,2.98,False,False,False,False,False
Yuz.uz,https://yuz.uz/ru/news/dolya-zelenoy-energetiki-rastet-vrabotka-solnechnx-i-vetrovx-stantsiy-v-iyune-uvelichilas-na-229,2026-07-13T09:33:00+05:00,100,False,False,True,43,6,False,True,1,True,False,False,False,False,1,1.0,0,0,False,False,0,0,False,False,0.0,0.0,2.84,False,False,False,False,False
Yuz.uz,https://yuz.uz/ru/news/bolee-25-mln-grajdan-uzbekistana-podklyuchili-uslugu-kreditny-zapret-dlya-zait-ot-moshennikov,2026-07-13T09:54:00+05:00,95,False,False,True,88,9,False,True,1,True,False,False,False,False,1,1.0,0,0,False,False,0,0,False,False,0.0,0.0,2.73,False,False,False,False,False
Yuz.uz,https://yuz.uz/ru/news/predstavitel-gp-navoiyuran-prinyat-v-mejdunarodnuyu-texnicheskuyu-rabochuyu-gruppu-magate-,2026-07-13T15:13:00+05:00,86,False,True,False,108,16,False,True,1,True,False,False,False,False,0,,0,0,False,False,0,1,False,True,0.0,8.62,3.13,False,False,False,False,False
Yuz.uz,https://yuz.uz/ru/news/qora-metallurgiia-sanoatini-ianada-rivozlantiris-vazifalari-be,2026-07-13T16:01:00+05:00,60,True,False,False,322,34,True,False,1,True,False,False,False,False,4,0.5,2,0,True,False,1,0,True,False,1.06,0.0,3.23,False,False,False,False,False
Yuz.uz,https://yuz.uz/ru/news/logisticheskie-koridor-kak-faktor-ekonomicheskogo-rosta,2026-07-14T08:30:00+05:00,54,True,False,False,679,77,False,False,3,False,False,False,False,True,0,,0,0,False,False,1,0,True,False,0.76,0.0,3.13,False,False,False,False,False
Yuz.uz,https://yuz.uz/ru/news/opredelen-poryadok-funktsionirovaniya-tashkentskogo-mejdunarodnogo-finansovogo-tsentra,2026-07-14T12:31:00+05:00,81,False,True,False,141,17,False,True,1,True,False,False,False,False,0,,0,0,False,False,0,0,False,False,0.0,0.0,3.39,False,False,False,False,False
Yuz.uz,https://yuz.uz/ru/news/v-namanganskoy-oblasti-voditel-gosuchrejdeniya-podozrevaetsya-v-moshennichestve-pri-trudoustroystve-v-yujnoy-koree,2026-07-14T14:22:23+05:00,109,False,False,True,246,34,True,True,1,True,False,False,False,False,1,0.0,0,1,False,True,0,0,False,False,0.0,0.0,2.85,False,False,False,False,False
Yuz.uz,https://yuz.uz/ru/news/vo-vsex-regionax-uzbekistana-usilen-mer-po-soxraneniyu-zelenx-nasajdeniy,2026-07-14T14:41:00+05:00,74,False,True,False,273,34,True,False,2,False,False,False,False,False,0,,0,0,False,False,0,0,False,False,0.0,0.0,3.02,False,False,False,False,False
Yuz.uz,https://yuz.uz/ru/news/iz-za-anomalnoy-jar-v-tashkente-vremenno-ogranichat-skorost-dvijeniya-nazemnx-poezdov-metro,2026-07-14T16:01:59+05:00,92,False,False,True,276,37,False,False,1,True,False,False,False,False,2,0.5,1,0,True,False,1,0,True,False,9.8,0.0,2.93,False,False,False,False,False
Yuz.uz,https://yuz.uz/ru/news/pensiia-tizimini-islo-qilis-biica-takliflar-krib-ciqildi,2026-07-14T16:51:00+05:00,60,True,False,False,358,51,False,False,3,False,False,False,False,True,2,0.5,1,0,True,False,0,0,False,False,0.0,0.0,2.85,False,False,False,False,False
Yuz.uz,https://yuz.uz/ru/news/kak-zaitit-detey-i-pojilx-lyudey-v-period-silnoy-jar,2026-07-15T10:15:00+05:00,57,True,False,False,218,24,True,True,1,True,False,False,False,False,0,,0,0,False,False,0,0,False,False,0.0,0.0,2.9,False,False,False,False,False
Yuz.uz,https://yuz.uz/ru/news/kozga-korinmas-xavf-mikroplastik-va-bizning-dalamiz,2026-07-15T11:33:19+05:00,42,True,False,False,637,102,False,False,7,False,False,False,False,True,3,0.667,0,1,False,True,0,0,False,False,0.0,0.0,2.75,False,False,False,False,False
Yuz.uz,https://yuz.uz/ru/news/iskusstvenny-intellekt-nazval-obee-kolichestvo-derevev-na-zemle,2026-07-15T12:38:00+05:00,65,False,True,False,141,20,True,True,2,False,False,False,False,False,3,0.667,1,0,True,False,0,0,False,False,0.0,0.0,2.89,False,False,False,False,False
Yuz.uz,https://yuz.uz/ru/news/kolichestvo-sportivnx-shkol-v-uzbekistane-dostiglo-404,2026-07-15T17:50:00+05:00,53,True,False,False,131,20,True,True,1,True,False,False,False,False,0,,0,0,False,False,0,0,False,False,0.0,0.0,3.2,False,False,False,False,False
Yuz.uz,https://yuz.uz/ru/news/ekologicheskie-problem-samy-dorogoy-stsenariy---bezdeystvie,2026-07-16T09:13:00+05:00,60,True,False,False,312,44,False,False,3,False,False,False,False,True,0,,0,0,False,False,0,0,False,False,0.0,0.0,3.13,False,False,False,False,False
Yuz.uz,https://yuz.uz/ru/news/uzbekistan-i-kitay-rasshiryayut-sotrudnichestvo-v-ramkax-proekta-jeleznoy-dorogi-kitay---krgzstan---uzbekistan,2026-07-16T11:40:00+05:00,110,False,False,True,235,30,True,True,1,True,False,False,False,False,1,0.0,1,0,True,False,0,0,False,False,0.0,0.0,3.32,False,False,False,False,False
Yuz.uz,https://yuz.uz/ru/news/energosistema-uzbekistana-obnovila-rekord-potreblenie-i-vrabotka-elektroenergii-dostigli-novx-maksimumov,2026-07-16T12:20:00+05:00,108,False,False,True,230,35,True,True,2,False,False,False,False,False,0,,0,0,False,False,2,0,True,False,8.16,0.0,3.22,False,False,False,False,False
Yuz.uz,https://yuz.uz/ru/news/obsujden-perspektiv-sotrudnichestva-s-kitayskoy-kompaniey-ant-group-v-sfere-razvitiya-iskusstvennogo-intellekta-v-uzbekistane,2026-07-16T15:07:00+05:00,125,False,False,True,213,24,True,True,1,True,False,False,False,False,1,0.0,1,0,True,False,1,2,True,True,4.26,8.51,3.1,False,False,False,False,False
Yuz.uz,https://yuz.uz/ru/news/v-navoiyskoy-oblasti-sozdaetsya-edinstvenny-v-respublike-turisticheskiy-aul,2026-07-16T15:47:47+05:00,76,False,True,False,167,19,False,True,1,True,False,False,False,False,0,,0,0,False,False,0,0,False,False,0.0,0.0,2.9,False,False,False,False,False
Yuz.uz,https://yuz.uz/ru/news/v-kakie-stran-chae-vsego-ezdyat-uzbekistants,2026-07-16T17:50:00+05:00,45,True,False,False,103,14,False,True,1,True,False,False,False,False,0,,0,0,False,False,0,0,False,False,0.0,0.0,3.04,False,False,False,False,False
Yuz.uz,https://yuz.uz/ru/news/grajdanam-uzbekistana-v-primore-okazana-pomo-v-vozvraenii-na-rodinu,2026-07-17T09:00:00+05:00,71,False,True,False,257,34,True,False,1,True,False,False,False,False,1,1.0,0,0,False,False,0,1,False,True,0.0,6.54,2.72,False,False,False,False,False
Yuz.uz,https://yuz.uz/ru/news/v-buxarskoy-oblasti-i-karakalpakstane-presechen-nezakonny-oborot-lekarstvennx-preparatov,2026-07-17T11:53:34+05:00,89,False,True,False,333,36,False,False,1,True,False,False,False,False,0,,0,0,False,False,0,0,False,False,0.0,0.0,3.14,False,False,False,False,False
Yuz.uz,https://yuz.uz/ru/news/superkambek-ot-agmk-v-vezdnoy-igre-s-navbaxorom-i-golom-sentoku,2026-07-18T07:40:00+05:00,66,False,True,False,100,16,False,True,1,True,True,False,False,False,1,1.0,0,0,False,False,0,0,False,False,0.0,0.0,2.39,True,False,False,False,False
Yuz.uz,https://yuz.uz/ru/news/institut-angliyskogo-prava-zachem-oni-uzbekistanu,2026-07-18T16:34:14+05:00,51,True,False,False,5253,634,False,False,19,False,False,False,False,True,1,1.0,0,0,False,False,1,1,True,True,0.87,0.87,2.98,False,False,False,False,False
Yuz.uz,https://yuz.uz/ru/news/iz-polshi-v-uzbekistan-ekstradirovan-grajdanin-naxodivshiysya-v-mejdunarodnom-rozske-interpola,2026-07-19T08:13:00+05:00,94,False,False,True,219,24,True,True,1,True,False,False,False,False,1,0.0,1,0,True,False,0,0,False,False,0.0,0.0,3.29,False,False,False,False,False
Yuz.uz,https://yuz.uz/ru/news/angliya-pobedila-frantsiyu-v-matche-za-trete-mesto-so-schetom-64,2026-07-19T10:30:17+05:00,61,False,True,False,127,23,True,True,1,True,False,False,False,False,3,1.0,0,0,False,False,0,0,False,False,0.0,0.0,2.27,False,False,False,False,False
Yuz.uz,https://yuz.uz/ru/news/v-uzbekistane-predprinimatelyam-razreshat-menyat-tseli-ispolzovaniya-priobretennoy-valyut,2026-07-20T11:03:00+05:00,86,False,True,False,199,24,True,True,1,True,False,False,False,False,0,,0,0,False,False,1,0,True,False,10.87,0.0,2.95,False,False,False,False,False
Yuz.uz,https://yuz.uz/ru/news/ministerstvo-vnutrennix-del-i-palata-advokatov-uzbekistana-podpisali-memorandum-o-sotrudnichestve,2026-07-20T14:53:00+05:00,96,False,False,True,259,29,True,False,1,True,False,False,False,False,0,,0,0,False,False,0,1,False,True,0.0,3.68,3.41,False,False,False,False,False
Yuz.uz,https://yuz.uz/ru/news/stepnoy-kot-popal-v-obektiv-fotolovushki-zapovednika-aktau-tamd,2026-07-20T16:12:09+05:00,66,False,True,False,291,39,False,False,2,False,False,False,False,False,0,,0,0,False,False,0,0,False,False,0.0,0.0,2.75,False,False,False,False,False
Yuz.uz,https://yuz.uz/ru/news/za-mesyats-v-tashkentskoy-oblasti-vyavleno-bolee-20-sluchaev-nezakonnogo-sbrosa-stroitelnx-otxodov,2026-07-20T17:20:10+05:00,96,False,False,True,248,34,True,True,1,True,False,False,False,False,0,,0,0,False,False,0,0,False,False,0.0,0.0,3.01,False,False,False,False,False
Yuz.uz,https://yuz.uz/ru/news/prognoz-pogod-na-den-21-iyulya-,2026-07-21T08:07:00+05:00,30,True,False,False,152,23,True,True,3,False,False,False,False,False,0,,0,0,False,False,0,0,False,False,0.0,0.0,2.43,False,False,False,False,False
Yuz.uz,https://yuz.uz/ru/news/v-gosudarstvennx-vsshix-obrazovatelnx-uchrejdeniyax-uzbekistana-otkrt-11-novx-napravleniy-podgotovki,2026-07-21T09:31:00+05:00,104,False,False,True,29,3,False,True,1,True,False,False,False,False,1,0.0,1,0,True,False,0,0,False,False,0.0,0.0,3.18,False,False,False,False,False
Yuz.uz,https://yuz.uz/ru/news/v-buxarskoy-oblasti-bvshiy-rukovoditel-filiala-banka-oformil-kredit-na-imya-grajdanina-bez-ego-vedoma-i-prisvoil-sredstva,2026-07-21T12:27:34+05:00,121,False,False,True,268,36,False,False,2,False,False,False,False,False,0,,0,0,False,False,0,0,False,False,0.0,0.0,2.88,False,False,False,False,False
Yuz.uz,https://yuz.uz/ru/news/iqtisodietda-iuqori-sisni-taieminlas-va-aoli-farovonligini-o,2026-07-21T19:27:00+05:00,118,False,False,True,403,56,False,False,4,False,False,False,False,True,6,0.333,4,0,True,False,2,0,True,False,1.63,0.0,2.98,False,False,False,False,False
Yuz.uz,https://yuz.uz/ru/news/prognoz-pogod-na-den-22-iyulya-,2026-07-22T08:10:00+05:00,30,True,False,False,152,23,True,True,3,False,False,False,False,False,0,,0,0,False,False,0,0,False,False,0.0,0.0,2.49,False,False,False,False,False
Yuz.uz,https://yuz.uz/ru/news/kak-strategicheskoe-partnerstvo-uzbekistana-i-belarusi-prevraaet-trud-v-doxod-zemlyu----v-urojay-a-drujbu---v-blagopoluchie-narodov,2026-07-22T08:27:00+05:00,130,False,False,True,356,45,False,False,2,False,False,False,False,True,2,0.0,2,0,True,False,3,2,True,True,1.17,0.78,2.94,False,False,False,False,False
Yuz.uz,https://yuz.uz/ru/news/prochnaya-osnova-dlya-ekonomicheskogo-razvitiya-stran,2026-07-22T15:35:00+05:00,49,True,False,False,394,52,False,False,4,False,False,False,False,True,0,,0,0,False,False,0,0,False,False,0.0,0.0,3.01,False,False,False,False,False
Yuz.uz,https://yuz.uz/ru/news/tashkent-primet-mejdunarodne-obrazovatelne-meropriyatiya-ukreplyaya-pozitsii-uzbekistana-kak-tsentra-mice-turizma,2026-07-22T16:37:00+05:00,110,False,False,True,316,43,False,False,2,False,False,False,False,True,0,,0,0,False,False,0,1,False,True,0.0,3.97,3.04,False,False,False,False,False
Yuz.uz,https://yuz.uz/ru/news/tashkent-stanovitsya-ee-bolee-privlekatelnm-dlya-turistov,2026-07-23T09:47:00+05:00,57,True,False,False,224,30,True,True,1,True,False,False,False,False,0,,0,0,False,False,0,0,False,False,0.0,0.0,2.89,False,False,False,False,False
Yuz.uz,https://yuz.uz/ru/news/jitel-tashkenta-lishilsya-89-tsyach-dollarov-poveriv-obeaniyam-znakomogo-pomoch-s-pokupkoy-zemli,2026-07-23T11:00:00+05:00,94,False,False,True,174,19,False,True,2,False,False,False,False,False,1,0.0,0,1,False,True,1,0,True,False,5.05,0.0,3.14,False,False,False,False,False
Yuz.uz,https://yuz.uz/ru/news/v-axangarane-vyavlen-fakt-nezakonnoy-oxot-na-sibirskogo-gornogo-kozla,2026-07-23T11:41:31+05:00,70,False,True,False,233,30,True,True,2,False,False,False,False,False,0,,0,0,False,False,0,0,False,False,0.0,0.0,2.71,False,False,False,False,False
Yuz.uz,https://yuz.uz/ru/news/v-tashkente-zaderjan-troe-grajdan-ukrain-podozrevaemx-v-sbte-narkotikov-cherez-internet-magazin-i-tayniki-zakladki,2026-07-23T12:20:00+05:00,121,False,False,True,259,38,False,False,2,False,False,False,False,False,0,,0,0,False,False,0,0,False,False,0.0,0.0,2.77,False,False,False,False,False
Yuz.uz,https://yuz.uz/ru/news/istanbul-bashakshexir-sgral-vnichyu-s-inter-turku-vo-vtorom-raunde-otbora-ligi-konferentsiy-uefa,2026-07-23T16:02:00+05:00,97,False,False,True,104,16,False,True,1,True,True,False,False,False,1,0.0,1,0,True,False,0,0,False,False,0.0,0.0,2.28,False,False,False,False,False
Yuz.uz,https://yuz.uz/ru/news/shokolad-s-gashishem-i-nezakonnaya-plantatsiya-kannabisa-v-xorezmskoy-i-namanganskoy-oblastyax-presechen-fakt-oborota-narkotikov,2026-07-24T09:41:00+05:00,123,False,False,True,221,29,True,True,1,True,False,False,False,False,0,,0,0,False,False,0,0,False,False,0.0,0.0,3.03,False,False,False,False,False
Yuz.uz,https://yuz.uz/ru/news/sovremennaya-vneshnyaya-politika-novogo-uzbekistana---strategiya-otkrtosti-i-sotrudnichestva,2026-07-24T09:57:30+05:00,87,False,True,False,643,65,False,False,3,False,False,False,False,True,0,,0,0,False,False,0,1,False,True,0.0,0.84,3.5,False,False,False,False,False
Yuz.uz,https://yuz.uz/ru/news/tsifra-dnya-zelenaya-energiya-dostigla-7-mlrd-kvtch---eto-na-23-bolshe-chem-za-analogichny-period-proshlogo-goda,2026-07-24T12:39:00+05:00,111,False,False,True,401,43,False,False,2,False,False,False,False,True,0,,0,0,False,False,0,0,False,False,0.0,0.0,2.82,False,False,False,False,False
Yuz.uz,https://yuz.uz/ru/news/podpisan-plan-deystviy-po-prodvijeniyu-mejdunarodnogo-gumanitarnogo-prava-na-2026-2027-god,2026-07-24T16:00:00+05:00,90,False,True,False,358,44,False,False,2,False,False,False,False,True,6,0.0,6,0,True,False,0,0,False,False,0.0,0.0,3.24,False,False,False,False,False
Yuz.uz,https://yuz.uz/ru/news/zbekiston-rossiia-parlamentlararo-aloqalarini-ianada-rivozl,2026-07-24T16:45:00+05:00,106,False,False,True,147,18,False,True,1,True,False,False,False,False,0,,0,0,False,False,0,0,False,False,0.0,0.0,3.45,False,False,False,False,False
Yuz.uz,https://yuz.uz/ru/news/zbekiston-va-qatar-etakcilari-kun-tartibidagi-dolzarb-masal,2026-07-24T21:15:00+05:00,68,False,True,False,138,20,True,True,1,True,False,False,False,False,0,,0,0,False,False,0,0,False,False,0.0,0.0,3.3,False,False,False,False,False
Yuz.uz,https://yuz.uz/ru/news/xorizii-etakcilarning-samimii-qutlovlari,2026-07-24T22:38:00+05:00,41,True,False,False,273,33,True,False,1,True,False,False,False,False,0,,0,0,False,False,0,0,False,False,0.0,0.0,3.26,False,False,False,False,False
Yuz.uz,https://yuz.uz/ru/news/venchurne-investitsii--put-ot-chistogo-lista-k-mirovomu-liderstvu,2026-07-25T07:50:00+05:00,64,False,True,False,405,49,False,False,3,False,False,False,False,True,1,1.0,0,0,False,False,0,0,False,False,0.0,0.0,3.01,False,False,False,False,False
Yuz.uz,https://yuz.uz/ru/news/v-tashkente-na-tri-dnya-chastichno-perekroyut-dvijenie-na-perekrestke-ulits-kori-niyoziy-i-niyozbek-yuli,2026-07-26T09:01:00+05:00,96,False,False,True,176,26,True,True,1,True,False,False,False,False,1,1.0,0,0,False,False,0,0,False,False,0.0,0.0,2.99,False,False,False,False,False
Yuz.uz,https://yuz.uz/ru/news/v-uzbekistane-vdelyat-105-mln-dollarov-na-razvitie-ptitsevodstva-i-zapusk-novx-proizvodstv,2026-07-26T10:00:00+05:00,90,False,True,False,263,39,False,False,1,True,False,False,False,False,0,,0,0,False,False,0,0,False,False,0.0,0.0,2.45,False,False,False,False,False
Yuz.uz,https://yuz.uz/ru/news/grajdaninu-uzbekistana-okazavshemusya-v-trudnoy-situatsii-v-belarusi-pomogli-vernutsya-na-rodinu,2026-07-27T09:04:00+05:00,95,False,False,True,127,17,False,True,1,True,False,False,False,False,1,1.0,0,0,False,False,0,1,False,True,0.0,8.55,2.73,False,False,False,False,False
Yuz.uz,https://yuz.uz/ru/news/v-surxandarinskoy-i-djizakskoy-oblastyax-izyato-pochti-9-kg-narkoticheskix-sredstv,2026-07-27T09:12:00+05:00,80,False,True,False,314,33,True,False,3,False,False,False,False,False,0,,0,0,False,False,0,0,False,False,0.0,0.0,3.24,False,False,False,False,False
Yuz.uz,https://yuz.uz/ru/news/molodej-uzbekistana-dobilas-vsokix-rezultatov-na-mejdunarodnom-,2026-07-27T11:19:00+05:00,102,False,False,True,276,26,True,False,1,True,False,False,False,False,0,,0,0,False,False,0,2,False,True,0.0,13.51,3.06,False,False,False,False,False
Yuz.uz,https://yuz.uz/ru/news/27-28-iyulya-v-krgzstane-proydut-dni-kultur-uzbekistana,2026-07-27T12:39:00+05:00,57,True,False,False,205,22,True,True,1,True,False,False,False,False,1,1.0,0,0,False,False,0,0,False,False,0.0,0.0,3.34,False,False,False,False,False
Yuz.uz,https://yuz.uz/ru/news/v-andijanskoy-oblasti-v-sotrudnichestve-s-yujnokoreyskoy-kompaniey-realizuyut-investitsionny-proekt-na-300-millionov-dollarov,2026-07-27T15:45:00+05:00,122,False,False,True,111,15,False,True,1,True,False,False,False,False,1,1.0,0,0,False,False,0,0,False,False,0.0,0.0,2.81,False,False,False,False,False
Yuz.uz,https://yuz.uz/ru/news/tashkent-razvivaet-sotrudnichestvo-s-yaponiey-v-sfere-jkx-i-energoeffektivnogo-upravleniya-domami,2026-07-28T09:36:00+05:00,93,False,False,True,160,18,False,True,1,True,False,False,False,False,1,1.0,0,0,False,False,2,1,True,True,16.13,8.06,3.54,False,False,False,False,False
Yuz.uz,https://yuz.uz/ru/news/uzbekistan-i-belarus-partnerstvo-obedinyayuee-ekonomiku-region-i-lyudey,2026-07-28T10:10:00+05:00,75,False,True,False,703,88,False,False,4,False,False,False,False,True,0,,0,0,False,False,0,0,False,False,0.0,0.0,3.2,False,False,False,False,False
Yuz.uz,https://yuz.uz/ru/news/na-rudnike-muruntau-primenyayutsya-sovremenne-burove-ustanovki,2026-07-28T14:21:00+05:00,61,False,True,False,382,57,False,False,2,False,False,False,False,True,1,1.0,0,0,False,False,0,0,False,False,0.0,0.0,3.06,False,False,False,False,False
Yuz.uz,https://yuz.uz/ru/news/zbekiston-prezidenti-iangi-taiinlangan-xorizii-elcilardan-is,2026-07-28T14:28:00+05:00,87,False,True,False,507,56,False,False,1,True,False,False,False,True,5,0.0,5,0,True,False,0,0,False,False,0.0,0.0,3.25,False,False,False,False,False
Yuz.uz,https://yuz.uz/ru/news/gol-anvarjona-gafurova-spas-neftchi-ot-porajeniya-s-navbaxorom,2026-07-29T07:38:48+05:00,64,False,True,False,57,10,False,True,1,True,True,False,False,False,1,1.0,0,0,False,False,0,0,False,False,0.0,0.0,2.43,False,False,False,False,False
Yuz.uz,https://yuz.uz/ru/news/v-tashkente-prodoljaetsya-tsifrovizatsiya-sistem-vodosnabjeniya-ustanovleno-pochti-175-tsyach-umnx-schetchikov,2026-07-29T09:15:00+05:00,103,False,False,True,52,7,False,True,1,True,False,False,False,False,0,,0,0,False,False,0,0,False,False,0.0,0.0,2.68,False,False,False,False,False
Yuz.uz,https://yuz.uz/ru/news/issledovaniya-uchenogo-iz-uzbekistana-mogut-otkrt-nove-vozmojnosti-v-borbe-s-rakom,2026-07-29T10:08:00+05:00,84,False,True,False,273,28,True,False,1,True,False,False,True,False,0,,0,0,False,False,0,0,False,False,0.0,0.0,3.18,False,False,False,False,False
Yuz.uz,https://yuz.uz/ru/news/v-aeroportu-tashkenta-presechena-poptka-vvoza-44-kg-sinteticheskogo-narkotika,2026-07-29T15:33:00+05:00,76,False,True,False,168,22,True,True,1,True,False,False,False,False,0,,0,0,False,False,0,0,False,False,0.0,0.0,2.94,False,False,False,False,False
Yuz.uz,https://yuz.uz/ru/news/v-tashkente-zapuen-pervy-uchastok-sistem-zelenaya-volna,2026-07-29T16:03:00+05:00,57,True,False,False,108,17,False,True,1,True,False,False,False,False,0,,0,0,False,False,0,0,False,False,0.0,0.0,2.63,False,False,False,False,False
Yuz.uz,https://yuz.uz/ru/news/afganskie-predprinimateli-znakomyatsya-s-vozmojnostyami-torgovli-avtomobilyami-i-zapasnmi-chastyami-v-tashkente,2026-07-29T16:52:00+05:00,105,False,False,True,376,45,False,False,2,False,False,False,True,True,0,,0,0,False,False,0,0,False,False,0.0,0.0,3.08,False,False,False,False,False
Yuz.uz,https://yuz.uz/ru/news/zdravooxranenie-upravlenie-otvetstvennost-doverie,2026-07-30T09:52:55+05:00,53,True,False,False,217,30,True,True,1,True,False,False,False,False,0,,0,0,False,False,0,0,False,False,0.0,0.0,3.31,False,False,False,False,False
Yuz.uz,https://yuz.uz/ru/news/uzbekistan-primet-kubok-azii-u17-po-futbolu-v-2027-godu,2026-07-30T11:16:00+05:00,55,True,False,False,180,24,True,True,1,True,False,False,False,False,0,,0,0,False,False,0,0,False,False,0.0,0.0,2.78,False,False,False,False,False
Yuz.uz,https://yuz.uz/ru/news/zbekiston-va-qirgiziston-munosabatlari-ittifoqcilik-darazas,2026-07-30T15:46:00+05:00,64,False,True,False,111,13,False,True,1,True,False,False,False,False,0,,0,0,False,False,0,0,False,False,0.0,0.0,3.09,False,False,False,False,False
Yuz.uz,https://yuz.uz/ru/news/zbekiston-va-qirgiziston-prezidentlari-samarali-muzokaralar,2026-07-30T17:16:00+05:00,75,False,True,False,199,23,True,True,1,True,False,False,False,False,2,0.0,2,0,True,False,0,0,False,False,0.0,0.0,3.17,False,False,False,False,False
Yuz.uz,https://yuz.uz/ru/news/v-uzbekistane-vvoditsya-novaya-sistema-sertifikatsii-uchiteley-predusmotren-nove-urovni-otsenki-znaniy-i-premii,2026-07-31T11:05:00+05:00,109,False,False,True,192,24,True,True,1,True,False,False,False,False,1,1.0,0,0,False,False,0,0,False,False,0.0,0.0,3.18,False,False,False,False,False
Yuz.uz,https://yuz.uz/ru/news/sotrudnichestvo-uzbekistana-so-stranami-tsentralnoy-azii-i-azerbaydjanom-infografika,2026-07-31T12:18:34+05:00,84,False,True,False,323,45,False,False,3,False,False,False,False,True,0,,0,0,False,False,0,0,False,False,0.0,0.0,2.7,False,False,False,False,False
Yuz.uz,https://yuz.uz/ru/news/kolichestvo-spetsialistov-issledovateley-so-stepenyu-phd-v-uzbekistane-dostiglo-155-tsyachi,2026-07-31T16:00:50+05:00,89,False,True,False,89,10,False,True,1,True,False,False,False,False,0,,0,0,False,False,0,0,False,False,0.0,0.0,2.98,False,False,False,False,False
Yuz.uz,https://yuz.uz/ru/news/v-zarafshane-budut-razvivat-velosport,2026-07-31T17:52:14+05:00,37,True,False,False,78,9,False,True,1,True,False,False,False,False,0,,0,0,False,False,0,0,False,False,0.0,0.0,3.37,False,False,False,False,False
Yuz.uz,https://yuz.uz/ru/news/rabotnikam-sfer-jeleznodorojnogo-transporta-uzbekistana,2026-07-31T19:40:00+05:00,56,True,False,False,194,25,True,True,1,True,False,False,False,False,0,,0,0,False,False,0,0,False,False,0.0,0.0,3.16,False,False,False,False,False
Yuz.uz,https://yuz.uz/ru/news/v-maxalle-lolazor-v-tashkente-vedutsya-rabot-po-blagoustroystvu,2026-08-01T08:44:00+05:00,64,False,True,False,132,17,False,True,1,True,False,False,False,False,0,,0,0,False,False,0,0,False,False,0.0,0.0,3.04,False,False,False,False,False
Yuz.uz,https://yuz.uz/ru/news/baltika-v-kaliningrade-obgralo-dinamo-v-matche-rpl,2026-08-02T05:57:54+05:00,54,True,False,False,72,13,False,True,1,True,True,False,False,False,3,1.0,0,0,False,False,0,0,False,False,0.0,0.0,2.37,True,False,False,False,False
Yuz.uz,https://yuz.uz/ru/news/v-otdelnx-rayonax-tashkenta-vremenno-ogranichat-podachu-pitevoy-vod-v-svyazi-s-profilakticheskimi-rabotami,2026-08-02T09:20:00+05:00,105,False,False,True,319,33,True,False,2,False,False,False,False,False,1,1.0,0,0,False,False,0,0,False,False,0.0,0.0,3.3,False,False,False,False,False
Yuz.uz,https://yuz.uz/ru/news/prognoz-pogod-na-den-3-avgusta-,2026-08-03T08:25:00+05:00,32,True,False,False,152,23,True,True,3,False,False,False,False,False,0,,0,0,False,False,0,0,False,False,0.0,0.0,2.3,True,False,False,False,False
Yuz.uz,https://yuz.uz/ru/news/xusayn-norchaev-zabil-chetre-gola-za-navbaxor-v-vorota-xorezma,2026-08-03T09:22:00+05:00,65,False,True,False,86,15,False,True,1,True,True,False,False,False,2,0.5,1,0,True,False,0,0,False,False,0.0,0.0,2.41,False,False,False,False,False
Yuz.uz,https://yuz.uz/ru/news/s-1-avgusta-v-uzbekistane-zapreena-oxota-na-redkie-i-naxodyaiesya-pod-ugrozoy-ischeznoveniya-vid-dikix-jivotnx,2026-08-03T10:24:00+05:00,110,False,False,True,246,31,True,True,1,True,False,False,False,False,0,,0,0,False,False,0,0,False,False,0.0,0.0,2.92,False,False,False,False,False
Yuz.uz,https://yuz.uz/ru/news/posle-jarkix-vxodnx-v-uzbekistane-ojidaetsya-nebolshoe-ponijenie-temperatur,2026-08-03T13:51:00+05:00,77,False,True,False,225,33,True,True,2,False,False,False,False,False,0,,0,0,False,False,0,0,False,False,0.0,0.0,2.41,False,False,False,False,False
Yuz.uz,https://yuz.uz/ru/news/poluchat-kachestvennuyu-meditsinskuyu-pomo-ne-vezjaya-v-drugie-region,2026-08-03T18:37:35+05:00,69,False,True,False,484,52,False,False,3,False,False,False,False,True,0,,0,0,False,False,0,0,False,False,0.0,0.0,3.73,False,False,False,False,False
Yuz.uz,https://yuz.uz/ru/news/ot-universitetskix-proektov-k-natsionalnoy-ekosisteme-ii,2026-08-04T10:26:00+05:00,56,True,False,False,399,42,False,False,3,False,False,False,False,True,1,0.0,1,0,True,False,1,0,True,False,0.91,0.0,3.36,False,False,False,False,False
Yuz.uz,https://yuz.uz/ru/news/v-uzbekistane-sovershenstvuetsya-poryadok-predostavleniya-prava-polzovaniya-nedrami,2026-08-04T11:01:00+05:00,79,False,True,False,273,34,True,False,1,True,False,False,True,False,1,1.0,0,0,False,False,0,0,False,False,0.0,0.0,2.98,False,False,False,False,False
Yuz.uz,https://yuz.uz/ru/news/v-uzbekistane-lgotne-kategorii-grajdan-smogut-besplatno-ili-so-skidkoy-puteshestvovat-po-strane,2026-08-04T13:00:00+05:00,97,False,False,True,306,34,True,False,2,False,False,False,False,False,0,,0,0,False,False,0,0,False,False,0.0,0.0,3.15,False,False,False,False,False
Yuz.uz,https://yuz.uz/ru/news/v-sarmishsae-gotov-k-sdache-krupny-sotsialno-turisticheskiy-proekt,2026-08-04T14:13:00+05:00,64,False,True,False,95,12,False,True,1,True,False,False,False,False,0,,0,0,False,False,0,0,False,False,0.0,0.0,3.18,False,False,False,False,False
Yuz.uz,https://yuz.uz/ru/news/kadastr-agentligi-faoliiati-iangica-endasuvlar-asosida-taskil,2026-08-04T17:33:00+05:00,78,False,True,False,216,28,True,True,2,False,False,False,False,False,0,,0,0,False,False,1,1,True,True,1.56,1.56,3.03,False,False,False,False,False
Yuz.uz,https://yuz.uz/ru/news/v-uzbekistane-litsam-bez-jilya-predostavyat-vremenny-priyut-sotsialnuyu-pomo-i-vozmojnost-trudoustroystva,2026-08-05T10:59:00+05:00,106,False,False,True,5,1,False,True,0,True,False,False,False,False,1,1.0,0,0,False,False,0,0,False,False,0.0,0.0,3.0,False,False,False,False,False
Yuz.uz,https://yuz.uz/ru/news/v-namangane-otkroyut-mejdunarodnuyu-shkolu-svarki-s-obucheniem-po-evropeyskim-standartam,2026-08-05T11:56:00+05:00,84,False,True,False,245,30,True,True,2,False,False,False,True,False,0,,0,0,False,False,0,0,False,False,0.0,0.0,3.02,False,False,False,False,False
Yuz.uz,https://yuz.uz/ru/news/mechta-ob-iphone-obernulas-ugolovnm-delom-v-tashkente-zaderjali-podozrevaemogo-v-kraje-dorogogo-smartfona,2026-08-05T14:01:00+05:00,106,False,False,True,288,37,False,False,2,False,False,False,False,False,2,0.5,0,1,False,True,0,0,False,False,0.0,0.0,2.92,False,False,False,False,False
Yuz.uz,https://yuz.uz/ru/news/bolee-795-tsyach-pervoklassnikov-poluchat-prezidentskie-podarki-v-novom-uchebnom-godu,2026-08-05T15:34:00+05:00,84,False,True,False,274,31,True,False,2,False,False,False,False,False,1,1.0,0,0,False,False,0,0,False,False,0.0,0.0,2.84,False,False,False,False,False
Yuz.uz,https://yuz.uz/ru/news/prognoz-pogod-na-den-6-avgusta-,2026-08-06T08:47:00+05:00,32,True,False,False,80,12,False,True,3,False,False,False,False,False,0,,0,0,False,False,0,0,False,False,0.0,0.0,2.62,False,False,False,False,False
Yuz.uz,https://yuz.uz/ru/news/predstavitelnits-uzbekistana-vstupyat-na-litsenzionnom-chempionate-mira-po-xudojestvennoy-gimnastike,2026-08-06T10:43:00+05:00,99,False,False,True,181,27,True,True,1,True,False,False,False,False,0,,0,0,False,False,0,0,False,False,0.0,0.0,3.09,False,False,False,False,False
Yuz.uz,https://yuz.uz/ru/news/tashkent-gotovitsya-prinyat-chempionat-azii-po-tyajeloy-atletike,2026-08-07T09:52:00+05:00,60,True,False,False,203,22,True,True,1,True,False,False,False,False,0,,0,0,False,False,0,0,False,False,0.0,0.0,3.25,False,False,False,False,False
Yuz.uz,https://yuz.uz/ru/news/v-uzbekistane-opredelen-poryadok-perexoda-bankov-i-mfo-na-islamskuyu-bankovskuyu-deyatelnost,2026-08-07T12:43:23+05:00,90,False,True,False,367,43,False,False,1,True,False,False,False,True,0,,0,0,False,False,0,0,False,False,0.0,0.0,3.78,False,False,False,False,False
Yuz.uz,https://yuz.uz/ru/news/v-uzbekistane-opredelili-poryadok-sozdaniya-i-ekspluatatsii-platnx-avtodorog,2026-08-07T14:44:00+05:00,74,False,True,False,143,17,False,True,1,True,False,False,False,False,1,1.0,0,0,False,False,0,0,False,False,0.0,0.0,3.0,False,False,False,False,False
Yuz.uz,https://yuz.uz/ru/news/dubl-messi-pomog-inter-mayami-vigrat-u-atletiko-san-luis,2026-08-07T15:37:00+05:00,63,False,True,False,120,20,True,True,1,True,True,False,False,False,1,1.0,0,0,False,False,0,0,False,False,0.0,0.0,2.29,False,False,False,False,False
LEAP News,https://leap.uz/ru/2026/08/01/uz-kg-alliance-treaty-cholpon-ata,2026-08-01T09:30:00+05:00,80,False,True,False,196,26,True,True,1,True,False,False,False,False,4,1.0,0,0,False,False,0,1,False,True,0.0,1.44,2.92,False,True,False,False,True
LEAP News,https://leap.uz/ru/2026/08/01/cb-cash-fx-500-usd-no-passport,2026-08-01T10:30:00+05:00,75,False,True,False,201,29,True,True,1,True,False,False,False,False,2,1.0,0,0,False,False,0,0,False,False,0.0,0.0,2.83,False,True,False,False,True
LEAP News,https://leap.uz/ru/2026/08/01/president-ai-award-2026-deadline,2026-08-01T10:30:00+05:00,69,False,True,False,217,30,True,True,1,True,False,False,False,False,2,0.5,0,1,False,True,0,0,False,False,0.0,0.0,2.47,False,False,False,False,False
LEAP News,https://leap.uz/ru/2026/08/01/first-grade-admission-outside-microdistrict,2026-08-01T11:00:00+05:00,69,False,True,False,206,29,True,True,1,True,False,False,False,False,3,1.0,0,0,False,False,0,0,False,False,0.0,0.0,2.61,False,True,False,False,True
LEAP News,https://leap.uz/ru/2026/08/01/speko-y-combinator-karakalpakstan,2026-08-01T11:00:00+05:00,77,False,True,False,200,25,True,True,1,True,False,False,False,False,3,0.667,1,0,True,False,0,0,False,False,0.0,0.0,2.51,False,False,False,False,False
LEAP News,https://leap.uz/ru/2026/08/01/uzbekistan-business-density-32-per-1000,2026-08-01T11:00:00+05:00,73,False,True,False,177,25,True,True,1,True,False,False,False,False,1,1.0,0,0,False,False,0,0,False,False,0.0,0.0,2.99,False,False,False,False,False
LEAP News,https://leap.uz/ru/2026/08/01/uzbekistan-gdp-h1-2026-growth-85pct,2026-08-01T11:00:00+05:00,82,False,True,False,205,29,True,True,1,True,False,False,False,False,2,0.5,1,0,True,False,0,1,False,True,0.0,2.62,2.51,False,True,False,False,True
LEAP News,https://leap.uz/ru/2026/08/01/uzbekistan-wto-accession-2026,2026-08-01T11:00:00+05:00,66,False,True,False,203,27,True,True,1,True,False,False,False,False,0,,0,0,False,False,0,0,False,False,0.0,0.0,2.73,False,True,False,False,True
LEAP News,https://leap.uz/ru/2026/08/01/codd-akkurgan-parkent-closure,2026-08-01T11:20:00+05:00,76,False,True,False,209,30,True,True,1,True,False,False,False,False,0,,0,0,False,False,0,0,False,False,0.0,0.0,2.77,False,True,False,False,True
LEAP News,https://leap.uz/ru/2026/08/01/student-dorm-applications-mygovuz,2026-08-01T12:00:00+05:00,79,False,True,False,232,30,True,True,1,True,False,False,False,False,2,1.0,0,0,False,False,0,0,False,False,0.0,0.0,2.83,False,True,False,False,True
LEAP News,https://leap.uz/ru/2026/08/01/solar-panel-subsidies-h1-2026,2026-08-01T12:30:00+05:00,73,False,True,False,214,31,True,True,1,True,False,False,False,False,1,1.0,0,0,False,False,0,0,False,False,0.0,0.0,2.48,False,False,False,False,False
LEAP News,https://leap.uz/ru/2026/08/01/tashkent-stray-dog-shelter-plan,2026-08-01T14:30:00+05:00,78,False,True,False,211,28,True,True,1,True,False,False,False,False,3,1.0,0,0,False,False,0,0,False,False,0.0,0.0,2.85,False,True,False,False,True
LEAP News,https://leap.uz/ru/2026/08/01/transport-services-h1-2026-1039-trln,2026-08-01T15:00:00+05:00,87,False,True,False,205,30,True,True,1,True,False,False,False,False,3,1.0,0,0,False,False,0,0,False,False,0.0,0.0,2.37,True,False,False,False,False
LEAP News,https://leap.uz/ru/2026/08/01/animal-id-law-in-force-aug-7,2026-08-01T20:30:00+05:00,71,False,True,False,184,27,True,True,1,True,False,False,False,False,0,,0,0,False,False,0,0,False,False,0.0,0.0,2.82,False,False,False,False,False
LEAP News,https://leap.uz/ru/2026/08/01/bunyodkor-5bn-sum-state-aid,2026-08-01T20:30:00+05:00,66,False,True,False,208,30,True,True,1,True,False,False,False,False,7,1.0,0,0,False,False,1,0,True,False,2.7,0.0,2.59,False,True,False,False,True
LEAP News,https://leap.uz/ru/2026/08/01/tashkent-courtyard-construction-audit,2026-08-01T20:30:00+05:00,77,False,True,False,219,26,True,True,1,True,False,False,False,False,5,0.8,1,0,True,False,0,1,False,True,0.0,4.02,2.95,False,False,False,False,False
LEAP News,https://leap.uz/ru/2026/08/01/uz-precious-metals-export-h1-2026,2026-08-01T20:30:00+05:00,86,False,True,False,219,31,True,True,1,True,False,False,False,False,1,1.0,0,0,False,False,0,0,False,False,0.0,0.0,2.33,True,False,False,False,False
LEAP News,https://leap.uz/ru/2026/08/01/uzbekistan-gas-output-h1-2026-drop,2026-08-01T20:30:00+05:00,72,False,True,False,188,29,True,True,1,True,False,False,False,False,0,,0,0,False,False,0,0,False,False,0.0,0.0,2.02,False,False,False,False,False
LEAP News,https://leap.uz/ru/2026/08/02/soliq-june-cashback-suspicious-buyers,2026-08-02T08:30:00+05:00,79,False,True,False,217,30,True,True,1,True,False,False,False,False,1,1.0,0,0,False,False,0,0,False,False,0.0,0.0,2.57,False,False,False,True,True
LEAP News,https://leap.uz/ru/2026/08/02/agmk-1h2026-profit-doubles,2026-08-02T08:58:00+05:00,72,False,True,False,201,29,True,True,1,True,False,False,False,False,1,1.0,0,0,False,False,0,0,False,False,0.0,0.0,2.37,True,False,False,False,False
LEAP News,https://leap.uz/ru/2026/08/02/tashkent-bus-ac-rules-summer-2026,2026-08-02T09:00:00+05:00,70,False,True,False,175,27,True,True,1,True,False,False,False,False,0,,0,0,False,False,0,0,False,False,0.0,0.0,2.96,False,True,False,False,True
LEAP News,https://leap.uz/ru/2026/08/02/tashkent-gas-meters-19-9bn-embezzlement,2026-08-02T09:00:00+05:00,87,False,True,False,232,30,True,True,1,True,False,False,False,False,3,1.0,0,0,False,False,0,0,False,False,0.0,0.0,2.86,False,True,False,False,True
LEAP News,https://leap.uz/ru/2026/08/02/trump-halts-iran-strikes-hormuz-deal,2026-08-02T09:00:00+05:00,71,False,True,False,177,26,True,True,1,True,False,False,False,False,6,1.0,0,0,False,False,0,0,False,False,0.0,0.0,2.66,False,True,False,False,True
LEAP News,https://leap.uz/ru/2026/08/02/us-deportation-18-uzbek-citizens,2026-08-02T10:00:00+05:00,81,False,True,False,238,29,True,True,1,True,False,False,False,False,3,1.0,0,0,False,False,0,0,False,False,0.0,0.0,2.68,False,True,False,False,True
LEAP News,https://leap.uz/ru/2026/08/03/tashkent-water-shutoff-aug-3,2026-08-02T14:00:00+05:00,63,False,True,False,200,28,True,True,1,True,False,False,False,False,2,1.0,0,0,False,False,0,0,False,False,0.0,0.0,2.9,False,False,False,False,False
LEAP News,https://leap.uz/ru/2026/08/02/uzhydromet-wind-dust-storm-warning,2026-08-02T16:35:00+05:00,85,False,True,False,238,31,True,True,1,True,False,False,False,False,1,1.0,0,0,False,False,0,0,False,False,0.0,0.0,2.55,False,False,False,False,False
LEAP News,https://leap.uz/ru/2026/08/02/ceuta-migrant-crisis-death-toll,2026-08-02T16:50:00+05:00,86,False,True,False,165,27,True,True,1,True,False,False,False,False,8,1.0,0,0,False,False,0,0,False,False,0.0,0.0,2.63,False,True,False,False,True
LEAP News,https://leap.uz/ru/2026/08/02/opec-plus-september-quota-188k-bpd,2026-08-02T20:55:00+05:00,73,False,True,False,208,31,True,True,1,True,False,False,False,False,5,0.6,1,1,True,True,0,0,False,False,0.0,0.0,2.63,False,True,False,False,True
LEAP News,https://leap.uz/ru/2026/08/03/pakistan-swat-suicide-bombing-14-dead,2026-08-03T01:16:00+05:00,73,False,True,False,175,28,True,True,1,True,False,False,False,False,3,1.0,0,0,False,False,0,0,False,False,0.0,0.0,2.55,False,False,False,False,False
LEAP News,https://leap.uz/ru/2026/08/03/uzbekistan-wto-accession-2026-goal,2026-08-03T01:40:00+05:00,76,False,True,False,204,27,True,True,1,True,False,False,False,False,3,0.667,1,0,True,False,0,0,False,False,0.0,0.0,2.8,False,True,False,False,True
LEAP News,https://leap.uz/ru/2026/08/03/iran-oman-hormuz-talks-final-stage,2026-08-03T01:45:00+05:00,88,False,True,False,165,25,True,True,1,True,False,False,False,False,6,0.833,1,0,True,False,0,0,False,False,0.0,0.0,2.48,False,True,False,False,True
LEAP News,https://leap.uz/ru/2026/08/03/hamas-disarmament-deal-gaza-strikes-continue,2026-08-03T01:50:00+05:00,68,False,True,False,184,28,True,True,1,True,False,False,False,False,9,1.0,0,0,False,False,0,0,False,False,0.0,0.0,2.6,False,True,False,False,True
LEAP News,https://leap.uz/ru/2026/08/03/uzbekistan-airways-installment-yandex-split,2026-08-03T09:01:00+05:00,67,False,True,False,222,29,True,True,1,True,False,False,False,False,0,,0,0,False,False,0,0,False,False,0.0,0.0,2.58,False,False,False,True,True
LEAP News,https://leap.uz/ru/2026/08/03/bukhara-alat-sewerage-27000-residents,2026-08-03T10:39:00+05:00,72,False,True,False,235,31,True,True,1,True,False,False,False,False,3,1.0,0,0,False,False,0,0,False,False,0.0,0.0,2.62,False,True,False,False,True
LEAP News,https://leap.uz/ru/2026/08/03/itpark-digital-uzbekistan-germany-mission-2026,2026-08-03T11:00:00+05:00,65,False,True,False,159,26,True,True,1,True,False,False,False,False,3,1.0,0,0,False,False,0,0,False,False,0.0,0.0,2.37,True,False,True,False,True
LEAP News,https://leap.uz/ru/2026/08/03/codd-green-wave-kichik-halqa-tashkent,2026-08-03T11:30:00+05:00,84,False,True,False,204,27,True,True,1,True,False,False,False,False,1,1.0,0,0,False,False,0,0,False,False,0.0,0.0,2.51,False,True,False,False,True
LEAP News,https://leap.uz/ru/2026/08/03/bank-deposit-interest-tax-proposal,2026-08-03T11:37:00+05:00,72,False,True,False,230,30,True,True,1,True,False,False,False,False,3,0.667,1,0,True,False,0,0,False,False,0.0,0.0,2.87,False,False,True,False,True
LEAP News,https://leap.uz/ru/2026/08/03/communications-it-services-volume-h1-2026,2026-08-03T12:00:00+05:00,64,False,True,False,195,30,True,True,1,True,False,False,False,False,1,1.0,0,0,False,False,0,0,False,False,0.0,0.0,2.65,False,False,False,False,False
LEAP News,https://leap.uz/ru/2026/08/03/medworkers-children-tuition-discount-15yrs,2026-08-03T12:00:00+05:00,71,False,True,False,189,29,True,True,1,True,False,False,False,False,1,0.0,1,0,True,False,0,0,False,False,0.0,0.0,2.68,False,False,False,False,False
LEAP News,https://leap.uz/ru/2026/08/03/tashkent-modernist-architecture-unesco,2026-08-03T12:29:00+05:00,79,False,True,False,177,25,True,True,1,True,False,False,False,False,1,1.0,0,0,False,False,0,0,False,False,0.0,0.0,2.86,False,True,True,False,True
LEAP News,https://leap.uz/ru/2026/08/03/minjust-fake-patent-agencies-warning,2026-08-03T12:52:00+05:00,69,False,True,False,257,29,True,False,1,True,False,False,False,False,2,0.5,1,0,True,False,0,0,False,False,0.0,0.0,3.01,False,False,False,False,False
LEAP News,https://leap.uz/ru/2026/08/03/japan-kumamoto-earthquake-aftermath,2026-08-03T13:03:00+05:00,82,False,True,False,195,30,True,True,1,True,False,False,False,False,4,1.0,0,0,False,False,0,0,False,False,0.0,0.0,2.69,False,True,False,False,True
LEAP News,https://leap.uz/ru/2026/08/03/animal-cruelty-penalty-law-2026,2026-08-03T13:10:00+05:00,75,False,True,False,225,31,True,True,1,True,False,False,False,False,4,1.0,0,0,False,False,0,0,False,False,0.0,0.0,2.84,False,False,False,False,False
LEAP News,https://leap.uz/ru/2026/08/03/cbu-extends-fx-exchange-trading-hours,2026-08-03T14:30:00+05:00,70,False,True,False,280,43,False,False,2,False,False,False,False,True,2,1.0,0,0,False,False,1,0,True,False,6.58,0.0,2.63,False,True,False,False,True
LEAP News,https://leap.uz/ru/2026/08/03/global-heatwave-wildfires-europe-us-aug2026,2026-08-03T16:00:00+05:00,74,False,True,False,185,30,True,True,1,True,False,False,False,False,11,0.909,1,0,True,False,0,0,False,False,0.0,0.0,2.56,False,False,False,False,False
LEAP News,https://leap.uz/ru/2026/08/03/japan-us-joint-yen-intervention-aug2026,2026-08-03T16:00:00+05:00,77,False,True,False,205,30,True,True,1,True,False,False,False,False,5,1.0,0,0,False,False,0,0,False,False,0.0,0.0,2.64,False,True,False,False,True
LEAP News,https://leap.uz/ru/2026/08/03/targeted-mortgage-deposits-pilot-first-results,2026-08-03T16:00:00+05:00,62,False,True,False,177,25,True,True,1,True,False,False,False,False,1,1.0,0,0,False,False,0,0,False,False,0.0,0.0,2.48,False,True,False,False,True
LEAP News,https://leap.uz/ru/2026/08/03/uzbekistan-births-h1-2026-by-region,2026-08-03T16:00:00+05:00,76,False,True,False,251,30,True,False,1,True,False,False,False,False,1,1.0,0,0,False,False,0,0,False,False,0.0,0.0,2.64,False,True,False,False,True
LEAP News,https://leap.uz/ru/2026/08/04/social-protection-reform-2026,2026-08-03T16:30:00+05:00,85,False,True,False,203,27,True,True,1,True,False,False,False,False,2,1.0,0,0,False,False,0,0,False,False,0.0,0.0,2.91,False,True,False,False,True
LEAP News,https://leap.uz/ru/2026/08/03/hajj-queue-online-registration-mygov,2026-08-03T16:31:00+05:00,70,False,True,False,201,30,True,True,1,True,False,False,False,False,5,1.0,0,0,False,False,0,0,False,False,0.0,0.0,2.41,False,False,False,False,False
LEAP News,https://leap.uz/ru/2026/08/03/uzbekistan-industrial-h1-2026-mining-fuel,2026-08-03T17:11:00+05:00,87,False,True,False,198,26,True,True,1,True,False,False,False,False,3,1.0,0,0,False,False,0,0,False,False,0.0,0.0,2.44,False,False,False,False,False
LEAP News,https://leap.uz/ru/2026/08/03/uzbekneftegaz-h1-2026-report,2026-08-03T18:07:00+05:00,66,False,True,False,171,23,True,True,1,True,False,False,False,False,1,1.0,0,0,False,False,0,0,False,False,0.0,0.0,2.98,False,False,False,False,False
LEAP News,https://leap.uz/ru/2026/08/03/pdd-bill-speeding-80kmh-vehicle-seizure,2026-08-03T18:26:00+05:00,71,False,True,False,316,39,False,False,2,False,False,False,False,False,0,,0,0,False,False,0,1,False,True,0.0,3.7,3.11,False,True,False,False,True
LEAP News,https://leap.uz/ru/2026/08/04/tashkent-contraband-medicine-bust-aug2026,2026-08-04T01:14:00+05:00,67,False,True,False,256,34,True,False,2,False,False,False,False,False,1,1.0,0,0,False,False,0,0,False,False,0.0,0.0,2.81,False,False,False,False,False
LEAP News,https://leap.uz/ru/2026/08/04/uzbekistan-usd-rate-rising-aug2026,2026-08-04T09:00:00+05:00,64,False,True,False,180,28,True,True,1,True,False,False,False,False,0,,0,0,False,False,0,0,False,False,0.0,0.0,2.24,False,False,False,False,False
LEAP News,https://leap.uz/ru/2026/08/04/tashkent-almazor-kotlovan-collapse,2026-08-04T11:52:00+05:00,68,False,True,False,241,30,True,True,1,True,False,False,False,False,2,1.0,0,0,False,False,0,0,False,False,0.0,0.0,3.02,False,False,False,False,False
LEAP News,https://leap.uz/ru/2026/08/04/uzbekistan-host-afc-u17-asian-cup-2027,2026-08-04T11:53:00+05:00,64,False,True,False,209,30,True,True,1,True,False,False,False,False,1,1.0,0,0,False,False,0,0,False,False,0.0,0.0,2.52,False,True,False,False,True
LEAP News,https://leap.uz/ru/2026/08/04/andijon-suv-taminoti-bribery,2026-08-04T11:55:00+05:00,85,False,True,False,222,29,True,True,1,True,False,False,False,False,3,0.667,0,1,False,True,0,0,False,False,0.0,0.0,2.84,False,True,False,False,True
LEAP News,https://leap.uz/ru/2026/08/04/venezuela-earthquake-death-toll-6000,2026-08-04T11:55:00+05:00,63,False,True,False,195,28,True,True,1,True,False,False,False,False,3,1.0,0,0,False,False,1,0,True,False,4.17,0.0,2.85,False,False,False,False,False
LEAP News,https://leap.uz/ru/2026/08/04/pension-unclaimed-period-24-months,2026-08-04T12:51:00+05:00,75,False,True,False,199,29,True,True,1,True,False,False,False,False,1,1.0,0,0,False,False,0,0,False,False,0.0,0.0,2.81,False,False,False,False,False
LEAP News,https://leap.uz/ru/2026/08/04/state-assets-auction-aug3-2026,2026-08-04T13:51:00+05:00,80,False,True,False,207,29,True,True,1,True,False,False,False,False,0,,0,0,False,False,0,1,False,True,0.0,5.62,2.7,False,False,False,False,False
LEAP News,https://leap.uz/ru/2026/08/04/uzhydromet-dust-storm-wind-aug4,2026-08-04T14:08:00+05:00,66,False,True,False,195,31,True,True,1,True,False,False,False,False,0,,0,0,False,False,0,0,False,False,0.0,0.0,2.57,False,True,False,False,True
LEAP News,https://leap.uz/ru/2026/08/04/uzbekistan-regional-grp-h1-2026,2026-08-04T14:50:00+05:00,75,False,True,False,216,30,True,True,1,True,False,False,False,False,1,1.0,0,0,False,False,0,0,False,False,0.0,0.0,2.24,False,False,False,False,False
LEAP News,https://leap.uz/ru/2026/08/04/world-us-states-tariff-lawsuit,2026-08-04T14:51:00+05:00,79,False,True,False,206,29,True,True,1,True,False,False,False,False,2,0.5,0,1,False,True,0,0,False,False,0.0,0.0,2.68,False,True,False,False,True
LEAP News,https://leap.uz/ru/2026/08/04/eco-expertise-new-rules-aug-14-2026,2026-08-04T14:55:00+05:00,83,False,True,False,214,30,True,True,1,True,False,False,False,False,3,1.0,0,0,False,False,0,0,False,False,0.0,0.0,3.1,False,False,False,False,False
LEAP News,https://leap.uz/ru/2026/08/04/mustaqillik-avenue-reconstruction-final,2026-08-04T15:26:00+05:00,70,False,True,False,210,26,True,True,1,True,False,False,False,False,1,1.0,0,0,False,False,0,0,False,False,0.0,0.0,2.75,False,True,False,False,True
LEAP News,https://leap.uz/ru/2026/08/04/tashkent-electrobus-yutong-e9-delivery,2026-08-04T15:26:00+05:00,66,False,True,False,171,22,True,True,1,True,False,False,False,False,0,,0,0,False,False,0,0,False,False,0.0,0.0,2.94,False,False,False,False,False
LEAP News,https://leap.uz/ru/2026/08/04/toshtech-100pct-grant-last-chance,2026-08-04T15:26:00+05:00,68,False,True,False,223,27,True,True,1,True,False,False,False,False,3,0.667,1,0,True,False,0,0,False,False,0.0,0.0,2.66,False,False,False,False,False
LEAP News,https://leap.uz/ru/2026/08/04/uzbekistan-auto-output-sales-h1-2026,2026-08-04T15:26:00+05:00,85,False,True,False,195,29,True,True,1,True,False,False,False,False,3,1.0,0,0,False,False,0,0,False,False,0.0,0.0,2.39,True,False,False,False,False
LEAP News,https://leap.uz/ru/2026/08/04/tashkent-bashkortostan-235m-projects,2026-08-04T15:49:00+05:00,70,False,True,False,218,27,True,True,1,True,False,False,False,False,1,1.0,0,0,False,False,0,0,False,False,0.0,0.0,3.2,False,False,True,False,True
LEAP News,https://leap.uz/ru/2026/08/04/uzbekistan-india-business-forum-2bn-target,2026-08-04T15:49:00+05:00,71,False,True,False,193,25,True,True,1,True,False,False,False,False,6,0.833,1,0,True,False,0,1,False,True,0.0,3.21,2.87,False,False,False,False,False
LEAP News,https://leap.uz/ru/2026/08/04/nukus-44-new-buses,2026-08-04T15:51:00+05:00,60,True,False,False,207,33,True,True,1,True,False,False,False,False,1,1.0,0,0,False,False,0,0,False,False,0.0,0.0,2.6,False,False,True,False,True
LEAP News,https://leap.uz/ru/2026/08/04/agriculture-accounting-national-standard,2026-08-04T15:55:00+05:00,87,False,True,False,238,28,True,True,1,True,False,False,False,False,0,,0,0,False,False,0,0,False,False,0.0,0.0,3.0,False,True,False,False,True
LEAP News,https://leap.uz/ru/2026/08/04/mortgage-bonds-third-exchange-deal,2026-08-04T15:55:00+05:00,64,False,True,False,246,34,True,True,1,True,False,False,False,False,2,1.0,0,0,False,False,0,0,False,False,0.0,0.0,2.71,False,True,False,False,True
LEAP News,https://leap.uz/ru/2026/08/04/education-loan-20k-study-abroad,2026-08-04T15:57:00+05:00,74,False,True,False,204,30,True,True,1,True,False,False,False,False,0,,0,0,False,False,0,0,False,False,0.0,0.0,2.68,False,False,False,False,False
LEAP News,https://leap.uz/ru/2026/08/04/world-pentagon-patriot-thaad-contracts,2026-08-04T16:51:00+05:00,78,False,True,False,195,26,True,True,1,True,False,False,False,False,4,1.0,0,0,False,False,0,0,False,False,0.0,0.0,2.67,False,True,False,False,True
LEAP News,https://leap.uz/ru/2026/08/04/civil-servants-salary-reform-2026,2026-08-04T17:45:00+05:00,65,False,True,False,205,26,True,True,1,True,False,False,False,False,3,0.667,1,0,True,False,0,0,False,False,0.0,0.0,2.96,False,False,False,False,False
LEAP News,https://leap.uz/ru/2026/08/04/officials-illegal-decisions-damage-compensation,2026-08-04T17:48:00+05:00,68,False,True,False,197,26,True,True,1,True,False,False,False,False,1,1.0,0,0,False,False,0,0,False,False,0.0,0.0,2.87,False,False,False,False,False
LEAP News,https://leap.uz/ru/2026/08/04/itpark-grimoire-chinajoy-2026,2026-08-04T17:51:00+05:00,65,False,True,False,199,28,True,True,1,True,False,False,False,False,3,1.0,0,0,False,False,0,0,False,False,0.0,0.0,2.44,False,False,False,False,False
LEAP News,https://leap.uz/ru/2026/08/04/iran-denies-trump-hormuz-talks-claim,2026-08-04T17:53:00+05:00,66,False,True,False,172,27,True,True,1,True,False,False,False,False,7,0.857,0,1,False,True,0,0,False,False,0.0,0.0,2.5,False,True,False,False,True
LEAP News,https://leap.uz/ru/2026/08/04/transport-routes-tender-sept2026,2026-08-04T17:53:00+05:00,64,False,True,False,204,26,True,True,1,True,False,False,False,False,2,1.0,0,0,False,False,0,0,False,False,0.0,0.0,2.81,False,False,True,False,True
LEAP News,https://leap.uz/ru/2026/08/04/cbu-bank-consumer-protection-rules,2026-08-04T18:01:00+05:00,67,False,True,False,293,39,False,False,2,False,False,False,False,False,0,,0,0,False,False,0,0,False,False,0.0,0.0,2.88,False,False,True,False,True
LEAP News,https://leap.uz/ru/2026/08/04/yakkasaray-new-port-demolition-case,2026-08-04T18:01:00+05:00,76,False,True,False,225,30,True,True,1,True,False,False,False,False,5,1.0,0,0,False,False,1,0,True,False,2.92,0.0,2.76,False,True,False,False,True
LEAP News,https://leap.uz/ru/2026/08/04/tashkent-tow-impound-tariff-cap,2026-08-04T18:28:00+05:00,83,False,True,False,200,29,True,True,1,True,False,False,False,False,0,,0,0,False,False,0,0,False,False,0.0,0.0,2.69,False,False,False,False,False
LEAP News,https://leap.uz/ru/2026/08/04/world-wildberries-warehouse-strikes-losses,2026-08-04T18:30:00+05:00,76,False,True,False,201,31,True,True,1,True,False,False,False,False,7,0.857,1,0,True,False,0,0,False,False,0.0,0.0,2.6,False,False,False,False,False
LEAP News,https://leap.uz/ru/2026/08/04/civil-registry-cadastre-agency-reform,2026-08-04T18:51:00+05:00,69,False,True,False,204,29,True,True,1,True,False,False,False,False,0,,0,0,False,False,0,0,False,False,0.0,0.0,2.88,False,False,True,False,True
LEAP News,https://leap.uz/ru/2026/08/04/world-turkey-qatar-egypt-israel-gaza-ceasefire-violation,2026-08-04T19:18:00+05:00,75,False,True,False,195,30,True,True,1,True,False,False,False,False,8,0.875,1,0,True,False,0,0,False,False,0.0,0.0,2.78,False,False,False,False,False
LEAP News,https://leap.uz/ru/2026/08/04/uzbekistan-trafficking-homeless-decrees-aug2026,2026-08-04T19:30:00+05:00,76,False,True,False,186,27,True,True,1,True,False,False,False,False,2,1.0,0,0,False,False,0,0,False,False,0.0,0.0,2.9,False,True,False,False,True
LEAP News,https://leap.uz/ru/2026/08/04/surxondaryo-zarafshon-archa-mozhzhevelniki-vykorchevany,2026-08-04T19:36:00+05:00,68,False,True,False,413,50,False,False,2,False,False,False,False,True,4,1.0,0,0,False,False,0,0,False,False,0.0,0.0,3.19,False,True,False,False,True
LEAP News,https://leap.uz/ru/2026/08/04/tashabbusli-byudjet-2026-otbor-nachalsya,2026-08-04T19:42:00+05:00,71,False,True,False,204,26,True,True,1,True,False,False,False,False,1,1.0,0,0,False,False,0,0,False,False,0.0,0.0,2.75,False,False,False,False,False
LEAP News,https://leap.uz/ru/2026/08/04/personal-data-49-countries-list,2026-08-04T19:48:00+05:00,75,False,True,False,230,29,True,True,1,True,False,False,False,False,0,,0,0,False,False,0,0,False,False,0.0,0.0,2.93,False,False,False,False,False
LEAP News,https://leap.uz/ru/2026/08/04/samarkand-2028-satellite-launch,2026-08-04T19:54:00+05:00,69,False,True,False,227,29,True,True,1,True,False,False,False,False,0,,0,0,False,False,0,0,False,False,0.0,0.0,2.93,False,True,False,False,True
LEAP News,https://leap.uz/ru/2026/08/04/uz-kg-village-transfer-chongara-tashdobo,2026-08-04T20:00:00+05:00,63,False,True,False,261,31,True,False,1,True,False,False,False,False,2,1.0,0,0,False,False,0,0,False,False,0.0,0.0,2.86,False,True,False,False,True
LEAP News,https://leap.uz/ru/2026/08/04/president-administration-law-first-reading,2026-08-04T20:15:00+05:00,76,False,True,False,245,29,True,True,1,True,False,False,False,False,1,1.0,0,0,False,False,1,0,True,False,4.39,0.0,3.3,False,False,False,False,False
LEAP News,https://leap.uz/ru/2026/08/04/pdd-bill-first-reading-2026,2026-08-04T20:51:00+05:00,88,False,True,False,195,26,True,True,1,True,False,False,False,False,3,0.667,1,0,True,False,1,1,True,True,3.36,3.36,2.94,False,True,False,False,True
LEAP News,https://leap.uz/ru/2026/08/04/samarkand-nurbulak-resort-city,2026-08-04T21:12:00+05:00,87,False,True,False,226,27,True,True,1,True,False,False,False,False,2,1.0,0,0,False,False,0,0,False,False,0.0,0.0,3.05,False,True,False,False,True
LEAP News,https://leap.uz/ru/2026/08/04/chirchik-illegal-sand-gravel-1-9trln-damage,2026-08-04T21:41:00+05:00,89,False,True,False,205,31,True,True,1,True,False,False,False,False,2,1.0,0,0,False,False,0,0,False,False,0.0,0.0,2.64,False,True,False,False,True
LEAP News,https://leap.uz/ru/2026/08/04/tashkent-cashback-scheme-4-7bn-sum,2026-08-04T21:51:00+05:00,84,False,True,False,216,29,True,True,1,True,False,False,False,False,1,1.0,0,0,False,False,0,0,False,False,0.0,0.0,2.56,False,True,False,False,True
LEAP News,https://leap.uz/ru/2026/08/04/drc-ebola-outbreak-1700-deaths-who-trials,2026-08-04T22:37:00+05:00,80,False,True,False,210,31,True,True,1,True,False,False,False,False,10,0.9,0,1,False,True,0,0,False,False,0.0,0.0,2.65,False,True,False,False,True
LEAP News,https://leap.uz/ru/2026/08/05/pension-childcare-leave-work-record,2026-08-05T00:27:00+05:00,67,False,True,False,264,41,False,False,2,False,False,False,False,True,2,0.5,1,0,True,False,1,0,True,False,3.39,0.0,2.58,False,True,False,False,True
LEAP News,https://leap.uz/ru/2026/08/05/uzstat-construction-works-h1-2026-192trln,2026-08-05T00:32:00+05:00,73,False,True,False,176,26,True,True,1,True,False,False,False,False,2,1.0,0,0,False,False,0,0,False,False,0.0,0.0,2.44,False,False,False,False,False
LEAP News,https://leap.uz/ru/2026/08/05/mintrans-jaloliddin-afrosiyob-passenger-flow,2026-08-05T00:52:00+05:00,71,False,True,False,211,29,True,True,1,True,False,False,False,False,1,1.0,0,0,False,False,0,0,False,False,0.0,0.0,2.56,False,False,False,False,False
LEAP News,https://leap.uz/ru/2026/08/05/minenergy-callcenter-survey-power-outages,2026-08-05T01:30:00+05:00,74,False,True,False,220,27,True,True,1,True,False,False,False,False,2,1.0,0,0,False,False,0,1,False,True,0.0,5.03,2.94,False,True,False,False,True
LEAP News,https://leap.uz/ru/2026/08/05/uzbekistan-infrastructure-h1-2026,2026-08-05T01:49:00+05:00,84,False,True,False,196,26,True,True,1,True,False,False,False,False,2,1.0,0,0,False,False,0,0,False,False,0.0,0.0,2.83,False,True,False,False,True
LEAP News,https://leap.uz/ru/2026/08/05/hisor-reserve-camera-trap-snow-leopards,2026-08-05T02:39:00+05:00,75,False,True,False,252,30,True,False,1,True,False,False,False,False,2,1.0,0,0,False,False,0,0,False,False,0.0,0.0,2.9,False,False,False,False,False
LEAP News,https://leap.uz/ru/2026/08/05/spacex-debut-earnings-nvidia-partnership,2026-08-05T03:09:00+05:00,83,False,True,False,185,29,True,True,1,True,False,False,False,False,3,1.0,0,0,False,False,0,0,False,False,0.0,0.0,2.38,True,False,False,False,False
LEAP News,https://leap.uz/ru/2026/08/05/poland-turkey-extradition-wanted-persons,2026-08-05T03:10:00+05:00,65,False,True,False,259,34,True,False,1,True,False,False,False,False,2,1.0,0,0,False,False,0,0,False,False,0.0,0.0,3.02,False,True,False,False,True
LEAP News,https://leap.uz/ru/2026/08/05/uzbekistan-shadow-economy-h1-2026,2026-08-05T03:38:00+05:00,77,False,True,False,200,28,True,True,1,True,False,False,False,False,1,1.0,0,0,False,False,0,0,False,False,0.0,0.0,2.6,False,False,False,False,False
LEAP News,https://leap.uz/ru/2026/08/05/uzbekistan-crypto-foreign-companies-fines-proposal,2026-08-05T03:46:00+05:00,80,False,True,False,267,30,True,False,1,True,False,False,False,False,1,1.0,0,0,False,False,0,0,False,False,0.0,0.0,2.94,False,False,False,False,False
LEAP News,https://leap.uz/ru/2026/08/05/tashkent-heating-tariff-excess-area-proposal,2026-08-05T03:55:00+05:00,85,False,True,False,159,27,True,True,1,True,False,False,False,False,4,0.75,1,0,True,False,0,0,False,False,0.0,0.0,2.8,False,True,True,False,True
LEAP News,https://leap.uz/ru/2026/08/05/tashkent-vozduh-zagryaznenie-avgust,2026-08-05T04:27:00+05:00,64,False,True,False,200,30,True,True,1,True,False,False,False,False,0,,0,0,False,False,0,0,False,False,0.0,0.0,2.61,False,True,False,False,True
LEAP News,https://leap.uz/ru/2026/08/05/gosmedstrahovanie-6-mesyatsev-2026,2026-08-05T04:28:00+05:00,81,False,True,False,264,35,True,False,2,False,False,False,False,False,0,,0,0,False,False,0,0,False,False,0.0,0.0,2.58,False,True,False,False,True
LEAP News,https://leap.uz/ru/2026/08/05/ibsa-world-games-2027-tashkent,2026-08-05T04:30:00+05:00,86,False,True,False,180,26,True,True,1,True,False,False,False,False,1,0.0,0,1,False,True,0,0,False,False,0.0,0.0,2.62,False,True,False,False,True
LEAP News,https://leap.uz/ru/2026/08/05/vtoraya-spetsialnost-priem-2026,2026-08-05T04:43:00+05:00,84,False,True,False,207,29,True,True,1,True,False,False,False,False,0,,0,0,False,False,0,0,False,False,0.0,0.0,2.83,False,False,False,False,False
LEAP News,https://leap.uz/ru/2026/08/05/kurash-central-american-caribbean-games,2026-08-05T04:55:00+05:00,73,False,True,False,496,61,False,False,2,False,False,False,False,True,3,1.0,0,0,False,False,0,0,False,False,0.0,0.0,2.85,False,True,False,False,True
LEAP News,https://leap.uz/ru/2026/08/05/burnham-uk-prison-reform-labour-poll,2026-08-05T04:59:00+05:00,66,False,True,False,245,31,True,True,1,True,False,False,False,False,3,1.0,0,0,False,False,0,0,False,False,0.0,0.0,2.66,False,True,False,False,True
LEAP News,https://leap.uz/ru/2026/08/05/andijan-boeing-747-cattle-import-first,2026-08-05T05:13:00+05:00,62,False,True,False,286,36,False,False,2,False,False,False,False,False,3,1.0,0,0,False,False,0,0,False,False,0.0,0.0,2.76,False,False,False,False,False
LEAP News,https://leap.uz/ru/2026/08/05/guatemala-fuego-volcano-eruption,2026-08-05T05:31:00+05:00,74,False,True,False,181,29,True,True,1,True,False,False,False,False,7,1.0,0,0,False,False,0,0,False,False,0.0,0.0,2.87,False,False,False,False,False
LEAP News,https://leap.uz/ru/2026/08/05/uzbekistan-fish-catch-h1-2026-up-37pct,2026-08-05T05:46:00+05:00,72,False,True,False,340,49,False,False,2,False,False,False,False,True,1,1.0,0,0,False,False,0,0,False,False,0.0,0.0,2.33,True,False,False,False,False
LEAP News,https://leap.uz/ru/2026/08/05/tashkent-djararyk-illegal-tree-felling,2026-08-05T05:55:00+05:00,76,False,True,False,199,28,True,True,1,True,False,False,False,False,0,,0,0,False,False,0,0,False,False,0.0,0.0,2.8,False,False,False,False,False
LEAP News,https://leap.uz/ru/2026/08/05/tashkent-asian-junior-youth-weightlifting-2026,2026-08-05T06:22:00+05:00,90,False,True,False,236,30,True,True,1,True,False,False,False,False,2,1.0,0,0,False,False,0,0,False,False,0.0,0.0,2.86,False,True,False,False,True
LEAP News,https://leap.uz/ru/2026/08/05/uzbekneftegaz-profit-110pct-mubarek-plan,2026-08-05T06:26:00+05:00,85,False,True,False,194,26,True,True,1,True,False,False,False,False,3,1.0,0,0,False,False,0,0,False,False,0.0,0.0,2.69,False,True,False,False,True
LEAP News,https://leap.uz/ru/2026/08/05/iran-oman-hormuz-deal-progress,2026-08-05T06:46:00+05:00,75,False,True,False,196,31,True,True,1,True,False,False,False,False,8,1.0,0,0,False,False,0,0,False,False,0.0,0.0,2.62,False,True,False,False,True
LEAP News,https://leap.uz/ru/2026/08/05/us-iran-war-missile-depletion-tanker-attack-hormuz,2026-08-05T07:30:00+05:00,83,False,True,False,278,38,False,False,2,False,False,False,False,False,10,1.0,0,0,False,False,1,0,True,False,1.59,0.0,2.53,False,True,False,False,True
LEAP News,https://leap.uz/ru/2026/08/05/houthi-attack-indian-ship-saudi-red-sea-diplomacy,2026-08-05T09:40:00+05:00,90,False,True,False,196,33,True,True,1,True,False,False,False,False,8,1.0,0,0,False,False,0,0,False,False,0.0,0.0,2.71,False,True,False,False,True
LEAP News,https://leap.uz/ru/2026/08/05/samarkand-2028-orbit-confirmed,2026-08-05T10:08:00+05:00,67,False,True,False,184,25,True,True,1,True,False,False,False,False,2,1.0,0,0,False,False,0,0,False,False,0.0,0.0,2.75,False,True,False,False,True
LEAP News,https://leap.uz/ru/2026/08/05/ceuta-migrant-crisis-death-toll-75-eu-schengen,2026-08-05T11:07:00+05:00,75,False,True,False,207,31,True,True,1,True,False,False,False,False,1,1.0,0,0,False,False,0,0,False,False,0.0,0.0,2.6,False,True,False,False,True
LEAP News,https://leap.uz/ru/2026/08/05/saidov-gor-newdelhi-c5plus1-meeting,2026-08-05T11:45:00+05:00,70,False,True,False,212,29,True,True,1,True,False,False,False,False,3,0.667,1,0,True,False,0,1,False,True,0.0,5.46,2.81,False,False,True,False,True
LEAP News,https://leap.uz/ru/2026/08/05/termez-water-supply-restoration-aug5,2026-08-05T12:18:00+05:00,66,False,True,False,203,27,True,True,1,True,False,False,False,False,2,0.5,0,1,False,True,0,0,False,False,0.0,0.0,3.07,False,False,False,False,False
LEAP News,https://leap.uz/ru/2026/08/05/palliative-care-system-launch-sept-2026,2026-08-05T12:25:00+05:00,67,False,True,False,285,42,False,False,2,False,False,False,False,True,2,1.0,0,0,False,False,0,0,False,False,0.0,0.0,2.98,False,True,False,False,True
LEAP News,https://leap.uz/ru/2026/08/05/investment-h1-2026-338trln,2026-08-05T13:44:00+05:00,79,False,True,False,200,29,True,True,1,True,False,False,False,False,1,1.0,0,0,False,False,0,0,False,False,0.0,0.0,2.58,False,False,False,False,False
LEAP News,https://leap.uz/ru/2026/08/05/escrow-deals-july-2026,2026-08-05T13:47:00+05:00,72,False,True,False,188,26,True,True,1,True,False,False,False,False,3,1.0,0,0,False,False,0,0,False,False,0.0,0.0,2.5,False,False,False,False,False
LEAP News,https://leap.uz/ru/2026/08/05/andijan-khojaobad-industrial-water-supply,2026-08-05T13:48:00+05:00,68,False,True,False,219,25,True,True,1,True,False,False,False,False,5,1.0,0,0,False,False,0,0,False,False,0.0,0.0,2.94,False,False,False,False,False
LEAP News,https://leap.uz/ru/2026/08/05/netanyahu-gaza-peace-plan-rejection,2026-08-05T13:54:00+05:00,63,False,True,False,217,28,True,True,1,True,False,False,False,False,9,0.778,0,2,False,True,1,0,True,False,2.03,0.0,2.72,False,True,False,False,True
LEAP News,https://leap.uz/ru/2026/08/05/state-assets-auction-aug4-2026,2026-08-05T14:00:00+05:00,72,False,True,False,203,28,True,True,1,True,False,False,False,False,0,,0,0,False,False,0,1,False,True,0.0,4.15,2.45,False,False,False,False,False
LEAP News,https://leap.uz/ru/2026/08/05/pq292-special-education-needs-oilabay,2026-08-05T14:20:00+05:00,78,False,True,False,227,29,True,True,1,True,False,False,False,False,4,1.0,0,0,False,False,0,0,False,False,0.0,0.0,2.82,False,True,False,False,True
LEAP News,https://leap.uz/ru/2026/08/05/uzbekistan-hazardous-waste-plan-pp289,2026-08-05T14:21:00+05:00,78,False,True,False,208,29,True,True,1,True,False,False,False,False,3,1.0,0,0,False,False,1,0,True,False,3.0,0.0,3.21,False,False,True,False,True
LEAP News,https://leap.uz/ru/2026/08/05/north-korea-warns-japan-tomahawk-test,2026-08-05T15:00:00+05:00,62,False,True,False,178,28,True,True,1,True,False,False,False,False,7,1.0,0,0,False,False,0,0,False,False,0.0,0.0,2.65,False,False,False,False,False
LEAP News,https://leap.uz/ru/2026/08/05/ceuta-crisis-toll-rises-eu-solidarity-split,2026-08-05T15:27:00+05:00,78,False,True,False,204,29,True,True,1,True,False,False,False,False,2,0.5,0,1,False,True,0,0,False,False,0.0,0.0,2.6,False,True,False,False,True
LEAP News,https://leap.uz/ru/2026/08/05/china-sanctions-six-us-firms-drone-curbs,2026-08-05T15:45:00+05:00,80,False,True,False,197,25,True,True,1,True,False,False,False,False,1,1.0,0,0,False,False,0,0,False,False,0.0,0.0,2.78,False,False,False,False,False
LEAP News,https://leap.uz/ru/2026/08/05/world-paramount-warner-bros-trial-march2027,2026-08-05T16:12:00+05:00,82,False,True,False,203,27,True,True,2,False,False,False,False,False,8,0.875,0,1,False,True,0,0,False,False,0.0,0.0,2.42,False,True,False,False,True
LEAP News,https://leap.uz/ru/2026/08/05/lebanon-israel-rome-talks-round7-2026,2026-08-05T16:33:00+05:00,80,False,True,False,195,29,True,True,1,True,False,False,False,False,6,0.833,0,1,False,True,0,0,False,False,0.0,0.0,2.68,False,False,True,False,True
LEAP News,https://leap.uz/ru/2026/08/05/imkoniyatlar-olimpiadasi-upshift-prizes,2026-08-05T16:39:00+05:00,72,False,True,False,221,29,True,True,1,True,False,False,False,False,1,1.0,0,0,False,False,0,0,False,False,0.0,0.0,2.69,False,False,False,False,False
LEAP News,https://leap.uz/ru/2026/08/05/houthi-saudi-tanker-airport-strikes-aug2026,2026-08-05T16:42:00+05:00,66,False,True,False,193,30,True,True,1,True,False,False,False,False,10,1.0,0,0,False,False,0,0,False,False,0.0,0.0,2.66,False,True,False,False,True
LEAP News,https://leap.uz/ru/2026/08/05/uzbekistan-palov-index-regions-july2026,2026-08-05T17:44:00+05:00,65,False,True,False,206,31,True,True,1,True,False,False,False,False,1,1.0,0,0,False,False,0,0,False,False,0.0,0.0,2.37,True,False,False,False,False
LEAP News,https://leap.uz/ru/2026/08/05/shahrisabz-hokim-video-anticorruption-check,2026-08-05T17:51:00+05:00,66,False,True,False,279,34,True,False,2,False,False,False,False,False,3,0.667,0,1,False,True,0,0,False,False,0.0,0.0,2.91,False,True,False,False,True
LEAP News,https://leap.uz/ru/2026/08/05/uzbekistan-airways-cdc-ebola-us-entry-rules,2026-08-05T17:51:00+05:00,75,False,True,False,205,30,True,True,1,True,False,False,False,False,2,1.0,0,0,False,False,0,0,False,False,0.0,0.0,2.55,False,False,False,False,False
LEAP News,https://leap.uz/ru/2026/08/05/pension-settlement-colony-inmates-simplified,2026-08-05T17:54:00+05:00,72,False,True,False,236,28,True,True,1,True,False,False,False,False,3,0.667,1,0,True,False,0,0,False,False,0.0,0.0,2.88,False,True,False,False,True
LEAP News,https://leap.uz/ru/2026/08/05/islamic-banking-conversion-rules-uzbekistan,2026-08-05T18:20:00+05:00,73,False,True,False,234,27,True,True,1,True,False,False,False,False,0,,0,0,False,False,0,0,False,False,0.0,0.0,3.02,False,True,False,False,True
LEAP News,https://leap.uz/ru/2026/08/05/uzbekistan-cpi-deflation-july-2026,2026-08-05T18:20:00+05:00,74,False,True,False,184,26,True,True,1,True,False,False,False,False,1,1.0,0,0,False,False,0,0,False,False,0.0,0.0,2.59,False,False,True,False,True
LEAP News,https://leap.uz/ru/2026/08/05/itpark-70-companies-lose-resident-status,2026-08-05T18:23:00+05:00,74,False,True,False,195,29,True,True,1,True,False,False,False,False,3,1.0,0,0,False,False,2,0,True,False,5.65,0.0,2.74,False,False,False,False,False
LEAP News,https://leap.uz/ru/2026/08/05/tashkent-utilities-winter-2026-prep,2026-08-05T18:23:00+05:00,74,False,True,False,213,30,True,True,1,True,False,False,False,False,1,1.0,0,0,False,False,0,0,False,False,0.0,0.0,2.74,False,True,False,False,True
LEAP News,https://leap.uz/ru/2026/08/05/uzbekistan-livestock-poultry-895m-2028,2026-08-05T18:54:00+05:00,81,False,True,False,232,30,True,True,1,True,False,False,False,False,2,1.0,0,0,False,False,0,0,False,False,0.0,0.0,2.87,False,False,True,False,True
LEAP News,https://leap.uz/ru/2026/08/05/usd-uzs-rate-lowest-since-dec-2025,2026-08-05T19:14:00+05:00,72,False,True,False,197,30,True,True,1,True,False,False,False,False,1,1.0,0,0,False,False,0,0,False,False,0.0,0.0,2.28,False,False,False,False,False
LEAP News,https://leap.uz/ru/2026/08/05/cb-biometric-data-storage-payment-operators,2026-08-05T19:55:00+05:00,78,False,True,False,234,28,True,True,1,True,False,False,False,False,1,1.0,0,0,False,False,1,0,True,False,3.89,0.0,3.08,False,False,False,False,False
LEAP News,https://leap.uz/ru/2026/08/05/cb-sum-deposit-yield-rise,2026-08-05T21:18:00+05:00,64,False,True,False,228,36,False,True,1,True,False,False,False,False,0,,0,0,False,False,0,0,False,False,0.0,0.0,2.24,False,False,False,False,False
LEAP News,https://leap.uz/ru/2026/08/05/president-gift-first-graders-delivery,2026-08-05T21:50:00+05:00,71,False,True,False,222,28,True,True,1,True,False,False,False,False,1,1.0,0,0,False,False,0,0,False,False,0.0,0.0,2.85,False,False,False,False,False
LEAP News,https://leap.uz/ru/2026/08/05/tdtu-dual-education-energy-expansion,2026-08-05T21:51:00+05:00,72,False,True,False,250,29,True,True,1,True,False,False,False,False,2,1.0,0,0,False,False,0,0,False,False,0.0,0.0,3.1,False,False,True,False,True
LEAP News,https://leap.uz/ru/2026/08/05/slavic-caravan-belarus-uzbekistan-train,2026-08-05T22:51:00+05:00,62,False,True,False,190,26,True,True,1,True,False,False,False,False,2,0.5,1,0,True,False,0,0,False,False,0.0,0.0,2.74,False,False,True,False,True
LEAP News,https://leap.uz/ru/2026/08/05/labor-ministry-fake-employment-warning,2026-08-05T23:25:00+05:00,77,False,True,False,235,30,True,True,1,True,False,False,False,False,0,,0,0,False,False,0,0,False,False,0.0,0.0,2.86,False,False,False,False,False
LEAP News,https://leap.uz/ru/2026/08/05/salah-arrives-turkey-trabzonspor-move,2026-08-05T23:30:00+05:00,64,False,True,False,188,29,True,True,1,True,False,False,False,False,3,1.0,0,0,False,False,0,0,False,False,0.0,0.0,2.44,False,True,False,False,True
LEAP News,https://leap.uz/ru/2026/08/05/karakalpakstan-water-debt-collection,2026-08-05T23:39:00+05:00,69,False,True,False,202,27,True,True,1,True,False,False,False,False,1,1.0,0,0,False,False,0,0,False,False,0.0,0.0,2.73,False,False,False,False,False
LEAP News,https://leap.uz/ru/2026/08/05/fifa-infantino-crisis-morocco-meeting,2026-08-05T23:46:00+05:00,87,False,True,False,180,28,True,True,1,True,False,False,False,False,12,1.0,0,0,False,False,0,0,False,False,0.0,0.0,2.61,False,True,False,False,True
LEAP News,https://leap.uz/ru/2026/08/06/cbu-deposit-interest-tax-rumor-debunk,2026-08-06T00:20:00+05:00,63,False,True,False,212,28,True,True,1,True,False,False,False,False,6,1.0,0,0,False,False,0,0,False,False,0.0,0.0,3.01,False,False,False,False,False
LEAP News,https://leap.uz/ru/2026/08/06/tashkent-two-districts-power-outage-construction,2026-08-06T00:23:00+05:00,89,False,True,False,241,27,True,True,1,True,False,False,False,False,1,1.0,0,0,False,False,0,0,False,False,0.0,0.0,3.24,False,False,False,False,False
LEAP News,https://leap.uz/ru/2026/08/06/finance-invest-brok-regulatory-sandbox,2026-08-06T00:24:00+05:00,71,False,True,False,240,29,True,True,1,True,False,False,False,False,0,,0,0,False,False,0,0,False,False,0.0,0.0,2.58,False,False,False,False,False
LEAP News,https://leap.uz/ru/2026/08/06/israel-lebanon-strikes-ceasefire-violation,2026-08-06T00:30:00+05:00,75,False,True,False,192,28,True,True,1,True,False,False,False,False,4,0.75,1,0,True,False,0,0,False,False,0.0,0.0,2.7,False,False,True,False,True
LEAP News,https://leap.uz/ru/2026/08/06/us-supreme-court-100bn-tariff-refund,2026-08-06T00:31:00+05:00,70,False,True,False,201,30,True,True,1,True,False,False,False,False,3,1.0,0,0,False,False,0,0,False,False,0.0,0.0,2.54,False,True,False,False,True
LEAP News,https://leap.uz/ru/2026/08/06/supreme-court-anticorruption-law-analysis,2026-08-06T01:23:00+05:00,77,False,True,False,193,26,True,True,1,True,False,False,False,False,1,1.0,0,0,False,False,0,0,False,False,0.0,0.0,3.1,False,False,False,False,False
LEAP News,https://leap.uz/ru/2026/08/06/syrdarya-illegal-fishing-crackdown,2026-08-06T01:30:00+05:00,61,False,True,False,238,31,True,True,1,True,False,False,False,False,2,1.0,0,0,False,False,0,0,False,False,0.0,0.0,2.97,False,False,False,False,False
LEAP News,https://leap.uz/ru/2026/08/06/surxondaryo-neighbor-attempted-murder-15yrs,2026-08-06T01:42:00+05:00,77,False,True,False,221,29,True,True,1,True,False,False,False,False,3,1.0,0,0,False,False,0,0,False,False,0.0,0.0,2.66,False,False,False,False,False
LEAP News,https://leap.uz/ru/2026/08/06/tashkent-karimov-memorial-park,2026-08-06T01:43:00+05:00,88,False,True,False,227,30,True,True,1,True,False,False,False,False,3,1.0,0,0,False,False,0,0,False,False,0.0,0.0,2.88,False,True,False,False,True
LEAP News,https://leap.uz/ru/2026/08/06/uzairways-etihad-codeshare-abu-dhabi,2026-08-06T01:47:00+05:00,74,False,True,False,218,32,True,True,1,True,False,False,False,False,8,1.0,0,0,False,False,0,0,False,False,0.0,0.0,2.46,False,False,False,False,False
LEAP News,https://leap.uz/ru/2026/08/06/uzbekistan-industrial-enterprises-count-h1-2026,2026-08-06T01:51:00+05:00,67,False,True,False,205,31,True,True,1,True,False,False,False,False,1,1.0,0,0,False,False,0,0,False,False,0.0,0.0,2.84,False,False,False,False,False
LEAP News,https://leap.uz/ru/2026/08/06/admission-exam-extra-time-disabled-applicants,2026-08-06T01:56:00+05:00,84,False,True,False,222,30,True,True,1,True,False,False,False,False,1,1.0,0,0,False,False,0,0,False,False,0.0,0.0,3.02,False,True,False,False,True
LEAP News,https://leap.uz/ru/2026/08/06/fergana-heating-subsidy-fraud-13bn-sum,2026-08-06T01:57:00+05:00,77,False,True,False,325,39,False,False,2,False,False,False,False,False,4,1.0,0,0,False,False,0,0,False,False,0.0,0.0,2.75,False,True,True,False,True
LEAP News,https://leap.uz/ru/2026/08/06/gold-smuggling-infant-diaper-uzbekistan,2026-08-06T02:08:00+05:00,76,False,True,False,212,29,True,True,1,True,False,False,False,False,1,1.0,0,0,False,False,0,0,False,False,0.0,0.0,2.54,False,False,False,False,False
LEAP News,https://leap.uz/ru/2026/08/06/newport-tashkent-unregistered-construction,2026-08-06T02:18:00+05:00,59,True,False,False,215,29,True,True,1,True,False,False,False,False,6,1.0,0,0,False,False,0,0,False,False,0.0,0.0,2.66,False,False,False,False,False
LEAP News,https://leap.uz/ru/2026/08/06/yunusabad-smart-gas-points-modernization,2026-08-06T02:33:00+05:00,61,False,True,False,203,25,True,True,1,True,False,False,False,False,3,1.0,0,0,False,False,0,0,False,False,0.0,0.0,2.91,False,True,False,False,True
LEAP News,https://leap.uz/ru/2026/08/06/surkhandarya-credit-fraud-25bln,2026-08-06T02:38:00+05:00,72,False,True,False,202,26,True,True,1,True,False,False,False,False,3,1.0,0,0,False,False,0,0,False,False,0.0,0.0,2.67,False,False,True,False,True
LEAP News,https://leap.uz/ru/2026/08/06/tashkent-preschool-tender-cancelled-587mln,2026-08-06T02:57:00+05:00,79,False,True,False,311,43,False,False,2,False,False,False,False,True,5,1.0,0,0,False,False,0,0,False,False,0.0,0.0,2.87,False,True,False,False,True
LEAP News,https://leap.uz/ru/2026/08/06/uzbekistan-twins-births-h1-2026,2026-08-06T03:12:00+05:00,84,False,True,False,195,29,True,True,1,True,False,False,False,False,2,1.0,0,0,False,False,0,0,False,False,0.0,0.0,2.43,False,True,False,False,True
LEAP News,https://leap.uz/ru/2026/08/06/chimboy-gas-cylinder-theft-1-3bn-sum,2026-08-06T03:46:00+05:00,71,False,True,False,206,27,True,True,1,True,False,False,False,False,3,1.0,0,0,False,False,0,0,False,False,0.0,0.0,2.8,False,True,False,False,True
LEAP News,https://leap.uz/ru/2026/08/06/tashkent-customs-inspector-iphone-bribe,2026-08-06T03:46:00+05:00,85,False,True,False,246,32,True,True,1,True,False,False,False,False,4,0.75,0,1,False,True,0,0,False,False,0.0,0.0,2.84,False,True,False,False,True
LEAP News,https://leap.uz/ru/2026/08/06/samarkand-illegal-electricity-connection-919m,2026-08-06T04:27:00+05:00,86,False,True,False,224,30,True,True,1,True,False,False,False,False,2,1.0,0,0,False,False,0,0,False,False,0.0,0.0,2.85,False,True,False,False,True
LEAP News,https://leap.uz/ru/2026/08/06/uz-kg-fuel-supply-20kt,2026-08-06T04:48:00+05:00,75,False,True,False,238,29,True,True,1,True,False,False,False,False,4,0.75,1,0,True,False,0,0,False,False,0.0,0.0,2.75,False,False,False,False,False
LEAP News,https://leap.uz/ru/2026/08/06/tashkent-hokimiyat-original-lyuks-servis,2026-08-06T05:33:00+05:00,67,False,True,False,198,26,True,True,1,True,False,False,False,False,4,1.0,0,0,False,False,2,0,True,False,4.85,0.0,3.08,False,False,False,False,False
LEAP News,https://leap.uz/ru/2026/08/06/iran-oman-hormuz-route-coordinates-agreed,2026-08-06T05:34:00+05:00,68,False,True,False,207,28,True,True,1,True,False,False,False,False,8,0.875,1,0,True,False,0,0,False,False,0.0,0.0,2.7,False,True,False,False,True
LEAP News,https://leap.uz/ru/2026/08/06/private-education-complaints-96pct,2026-08-06T05:48:00+05:00,67,False,True,False,274,43,False,False,2,False,False,False,False,True,5,1.0,0,0,False,False,2,0,True,False,7.75,0.0,2.95,False,True,False,False,True
LEAP News,https://leap.uz/ru/2026/08/06/school-directors-council-kumkurgan,2026-08-06T06:00:00+05:00,60,True,False,False,259,31,True,False,1,True,False,False,False,False,1,1.0,0,0,False,False,1,0,True,False,3.31,0.0,2.87,False,True,False,False,True
LEAP News,https://leap.uz/ru/2026/08/06/minjust-farmer-diesel-subsidy,2026-08-06T06:27:00+05:00,85,False,True,False,263,36,False,False,2,False,False,False,False,False,1,1.0,0,0,False,False,0,0,False,False,0.0,0.0,2.83,False,False,False,False,False
LEAP News,https://leap.uz/ru/2026/08/06/tashkent-housing-prices-newbuild-5pct,2026-08-06T08:48:00+05:00,79,False,True,False,200,31,True,True,1,True,False,False,False,False,1,1.0,0,0,False,False,0,0,False,False,0.0,0.0,2.38,True,False,False,False,False
LEAP News,https://leap.uz/ru/2026/08/06/us-china-polysilicon-tariffs-xi-visit,2026-08-06T09:32:00+05:00,63,False,True,False,263,39,False,False,2,False,False,False,False,False,1,1.0,0,0,False,False,1,0,True,False,3.64,0.0,2.75,False,False,False,False,False
LEAP News,https://leap.uz/ru/2026/08/06/tashkent-safe-pedestrian-crossings-codd,2026-08-06T09:39:00+05:00,70,False,True,False,183,25,True,True,1,True,False,False,False,False,3,0.667,1,0,True,False,0,0,False,False,0.0,0.0,2.62,False,True,False,False,True
LEAP News,https://leap.uz/ru/2026/08/06/mygov-tinting-permit-online,2026-08-06T09:52:00+05:00,73,False,True,False,275,42,False,False,1,True,False,False,False,True,1,0.0,1,0,True,False,0,0,False,False,0.0,0.0,2.47,False,False,False,True,True
LEAP News,https://leap.uz/ru/2026/08/06/navoi-water-utility-decree-pf140,2026-08-06T12:30:00+05:00,70,False,True,False,215,29,True,True,1,True,False,False,False,False,1,1.0,0,0,False,False,0,0,False,False,0.0,0.0,2.98,False,False,False,False,False
LEAP News,https://leap.uz/ru/2026/08/06/cbu-fake-bank-license-oltin-oy-kredit,2026-08-06T13:14:00+05:00,72,False,True,False,196,29,True,True,1,True,False,False,False,False,1,1.0,0,0,False,False,0,0,False,False,0.0,0.0,2.58,False,False,False,False,False
LEAP News,https://leap.uz/ru/2026/08/06/napp-capital-markets-law-draft,2026-08-06T13:46:00+05:00,78,False,True,False,234,30,True,True,1,True,False,False,False,False,1,1.0,0,0,False,False,0,0,False,False,0.0,0.0,3.24,False,False,True,False,True
LEAP News,https://leap.uz/ru/2026/08/06/state-assets-auction-aug5-2026,2026-08-06T13:46:00+05:00,85,False,True,False,203,28,True,True,1,True,False,False,False,False,0,,0,0,False,False,0,1,False,True,0.0,2.62,2.34,True,False,False,False,False
LEAP News,https://leap.uz/ru/2026/08/06/academic-lyceum-admission-results-aug2026,2026-08-06T13:53:00+05:00,84,False,True,False,240,30,True,True,1,True,False,False,False,False,4,1.0,0,0,False,False,0,0,False,False,0.0,0.0,2.57,False,False,False,False,False
LEAP News,https://leap.uz/ru/2026/08/06/uzbekistan-catering-turnover-h1-2026,2026-08-06T14:11:00+05:00,70,False,True,False,216,30,True,True,1,True,False,False,False,False,1,1.0,0,0,False,False,0,0,False,False,0.0,0.0,2.65,False,False,False,False,False
LEAP News,https://leap.uz/ru/2026/08/06/mygovuz-language-proficiency-test-aug12,2026-08-06T14:15:00+05:00,64,False,True,False,191,27,True,True,1,True,False,False,False,False,1,1.0,0,0,False,False,0,0,False,False,0.0,0.0,2.58,False,True,False,False,True
LEAP News,https://leap.uz/ru/2026/08/06/risk-analysis-industrial-nuclear-safety,2026-08-06T14:24:00+05:00,85,False,True,False,228,28,True,True,1,True,False,False,False,False,1,1.0,0,0,False,False,0,0,False,False,0.0,0.0,3.02,False,False,False,False,False
LEAP News,https://leap.uz/ru/2026/08/06/leipzig-airport-drone-explosive-ukraine,2026-08-06T14:45:00+05:00,73,False,True,False,205,30,True,True,1,True,False,False,False,False,4,1.0,0,0,False,False,0,0,False,False,0.0,0.0,2.72,False,False,False,False,False
LEAP News,https://leap.uz/ru/2026/08/06/beef-import-h1-2026-359m-usd,2026-08-06T14:54:00+05:00,80,False,True,False,195,28,True,True,1,True,False,False,False,False,2,1.0,0,0,False,False,0,0,False,False,0.0,0.0,2.48,False,False,False,False,False
LEAP News,https://leap.uz/ru/2026/08/06/tashkent-two-stage-gas-supply-system,2026-08-06T15:21:00+05:00,83,False,True,False,169,26,True,True,1,True,False,False,False,False,3,1.0,0,0,False,False,0,0,False,False,0.0,0.0,2.69,False,True,False,False,True
LEAP News,https://leap.uz/ru/2026/08/06/uzbekistan-healthcare-spending-h1-2026,2026-08-06T15:36:00+05:00,70,False,True,False,212,30,True,True,1,True,False,False,False,False,1,1.0,0,0,False,False,0,0,False,False,0.0,0.0,2.58,False,False,False,False,False
LEAP News,https://leap.uz/ru/2026/08/06/drc-ebola-outbreak-tedros-visit-moderna-trials,2026-08-06T15:52:00+05:00,71,False,True,False,236,29,True,True,1,True,False,False,False,False,7,1.0,0,0,False,False,0,0,False,False,0.0,0.0,2.78,False,True,False,False,True
LEAP News,https://leap.uz/ru/2026/08/06/goskomstat-census-2026-preliminary,2026-08-06T16:12:00+05:00,64,False,True,False,207,28,True,True,1,True,False,False,False,False,3,1.0,0,0,False,False,0,0,False,False,0.0,0.0,2.65,False,False,False,False,False
LEAP News,https://leap.uz/ru/2026/08/06/hemodialysis-travel-cost-compensation-proposal,2026-08-06T16:12:00+05:00,65,False,True,False,214,26,True,True,1,True,False,False,False,False,4,0.75,0,1,False,True,0,0,False,False,0.0,0.0,2.87,False,True,False,False,True
LEAP News,https://leap.uz/ru/2026/08/06/uzbekistan-phygital-football-spain-53,2026-08-06T16:13:00+05:00,68,False,True,False,217,30,True,True,1,True,False,False,False,False,1,1.0,0,0,False,False,0,0,False,False,0.0,0.0,2.64,False,True,False,False,True
LEAP News,https://leap.uz/ru/2026/08/06/karakalpakstan-china-livestock-50k,2026-08-06T16:20:00+05:00,75,False,True,False,192,30,True,True,1,True,False,False,False,False,2,1.0,0,0,False,False,0,0,False,False,0.0,0.0,2.52,False,True,False,False,True
LEAP News,https://leap.uz/ru/2026/08/06/uzbekistan-road-law-urq-1162,2026-08-06T16:46:00+05:00,63,False,True,False,270,38,False,False,2,False,False,False,False,False,2,1.0,0,0,False,False,0,0,False,False,0.0,0.0,2.86,False,True,False,False,True
LEAP News,https://leap.uz/ru/2026/08/06/tashkent-region-tax-fraud-42-5bln,2026-08-06T16:49:00+05:00,81,False,True,False,359,49,False,False,2,False,False,False,False,True,3,1.0,0,0,False,False,1,0,True,False,2.74,0.0,2.67,False,False,True,False,True
LEAP News,https://leap.uz/ru/2026/08/06/tashkent-kuylyuk-market-fire-safety-closure,2026-08-06T17:09:00+05:00,83,False,True,False,245,29,True,True,1,True,False,False,False,False,1,1.0,0,0,False,False,0,0,False,False,0.0,0.0,2.87,False,True,False,False,True
LEAP News,https://leap.uz/ru/2026/08/06/tashkent-chilonzor-kichik-halqa-road-closure-aug2026,2026-08-06T17:33:00+05:00,66,False,True,False,201,29,True,True,1,True,False,False,False,False,2,1.0,0,0,False,False,0,0,False,False,0.0,0.0,2.83,False,True,False,False,True
LEAP News,https://leap.uz/ru/2026/08/06/meta-anthropic-openai-ai-hacked-systems-safety-tests,2026-08-06T18:02:00+05:00,80,False,True,False,203,30,True,True,1,True,False,False,False,False,9,1.0,0,0,False,False,0,0,False,False,0.0,0.0,2.58,False,True,False,False,True
LEAP News,https://leap.uz/ru/2026/08/06/raqobat-consumer-refunds-h1-2026,2026-08-06T18:20:00+05:00,71,False,True,False,337,52,False,False,2,False,False,False,False,True,5,1.0,0,0,False,False,0,0,False,False,0.0,0.0,2.78,False,False,False,False,False
LEAP News,https://leap.uz/ru/2026/08/06/private-university-transfer-deadline-aug10,2026-08-06T18:22:00+05:00,70,False,True,False,256,34,True,False,2,False,False,False,False,False,2,1.0,0,0,False,False,0,0,False,False,0.0,0.0,2.69,False,False,False,False,False
LEAP News,https://leap.uz/ru/2026/08/06/uzbekistan-ioi-2026-host,2026-08-06T18:22:00+05:00,64,False,True,False,211,26,True,True,1,True,False,False,False,False,3,1.0,0,0,False,False,0,0,False,False,0.0,0.0,2.73,False,False,False,False,False
LEAP News,https://leap.uz/ru/2026/08/06/chorvachilik-subsidy-pq293-aug2026,2026-08-06T19:15:00+05:00,63,False,True,False,193,29,True,True,1,True,False,False,False,False,0,,0,0,False,False,0,0,False,False,0.0,0.0,2.71,False,False,False,False,False
LEAP News,https://leap.uz/ru/2026/08/06/mirziyoyev-energy-winter-2026-2027-tasks,2026-08-06T19:15:00+05:00,73,False,True,False,193,26,True,True,1,True,False,False,False,False,2,1.0,0,0,False,False,0,0,False,False,0.0,0.0,3.17,False,True,False,False,True
LEAP News,https://leap.uz/ru/2026/08/06/fergana-aha-korea-china-plant-20m,2026-08-06T19:37:00+05:00,67,False,True,False,289,41,False,False,2,False,False,False,False,True,3,0.333,2,0,True,False,0,0,False,False,0.0,0.0,2.79,False,True,False,False,True
LEAP News,https://leap.uz/ru/2026/08/06/prosecutor-general-denies-6000-corruption-arrest-rumor,2026-08-06T19:37:00+05:00,84,False,True,False,193,21,True,True,1,True,False,False,False,False,2,1.0,0,0,False,False,0,0,False,False,0.0,0.0,3.2,False,False,False,False,False
LEAP News,https://leap.uz/ru/2026/08/06/kuva-fortress-wall-archaeology-find-aug2026,2026-08-06T19:58:00+05:00,68,False,True,False,329,43,False,False,1,True,False,False,False,True,2,1.0,0,0,False,False,0,0,False,False,0.0,0.0,2.9,False,False,False,False,False
LEAP News,https://leap.uz/ru/2026/08/06/mintrans-national-transport-hackathon-aug2026,2026-08-06T19:58:00+05:00,80,False,True,False,221,28,True,True,1,True,False,False,False,False,4,1.0,0,0,False,False,0,0,False,False,0.0,0.0,2.83,False,True,False,False,True
LEAP News,https://leap.uz/ru/2026/08/06/mygov-mortgaged-housing-registration-aug2026,2026-08-06T19:58:00+05:00,84,False,True,False,206,26,True,True,1,True,False,False,False,False,2,1.0,0,0,False,False,0,0,False,False,0.0,0.0,2.72,False,False,False,False,False
LEAP News,https://leap.uz/ru/2026/08/06/prosecutor-sex-crimes-investigation-authority-nov2026,2026-08-06T19:58:00+05:00,73,False,True,False,206,30,True,True,1,True,False,False,False,False,1,1.0,0,0,False,False,0,0,False,False,0.0,0.0,2.86,False,True,False,False,True
LEAP News,https://leap.uz/ru/2026/08/06/tashkent-hot-water-outage-7-august,2026-08-06T20:01:00+05:00,66,False,True,False,191,30,True,True,1,True,False,False,False,False,2,1.0,0,0,False,False,0,0,False,False,0.0,0.0,2.89,False,False,False,False,False
LEAP News,https://leap.uz/ru/2026/08/06/uzsuv-kwater-cooperation-training-aug2026,2026-08-06T20:01:00+05:00,81,False,True,False,226,29,True,True,1,True,False,False,False,False,2,1.0,0,0,False,False,0,0,False,False,0.0,0.0,3.35,False,False,True,False,True
LEAP News,https://leap.uz/ru/2026/08/06/pdd-bill-senate-third-reading-2026,2026-08-06T20:23:00+05:00,81,False,True,False,202,28,True,True,1,True,False,False,False,False,0,,0,0,False,False,0,1,False,True,0.0,3.53,2.94,False,True,False,False,True
LEAP News,https://leap.uz/ru/2026/08/06/mintrans-tashkent-region-public-transport-modernization-aug2026,2026-08-06T20:41:00+05:00,87,False,True,False,238,28,True,True,1,True,False,False,False,False,1,1.0,0,0,False,False,0,0,False,False,0.0,0.0,2.92,False,True,False,False,True
LEAP News,https://leap.uz/ru/2026/08/06/uzbekistan-russia-migration-drop-h1-2026,2026-08-06T20:41:00+05:00,70,False,True,False,190,30,True,True,1,True,False,False,False,False,1,1.0,0,0,False,False,0,0,False,False,0.0,0.0,2.29,False,False,False,False,False
LEAP News,https://leap.uz/ru/2026/08/07/andijan-khojaobod-pdd-restriction-3-years,2026-08-07T03:03:00+05:00,78,False,True,False,215,29,True,True,1,True,False,False,False,False,2,0.5,0,1,False,True,0,0,False,False,0.0,0.0,2.92,False,False,False,False,False
LEAP News,https://leap.uz/ru/2026/08/07/ceuta-crisis-death-toll-100-russia-probe,2026-08-07T03:03:00+05:00,77,False,True,False,186,31,True,True,1,True,False,False,False,False,3,1.0,0,0,False,False,0,0,False,False,0.0,0.0,2.71,False,True,False,False,True
LEAP News,https://leap.uz/ru/2026/08/07/drc-ebola-health-workers-strike-quarantine,2026-08-07T03:03:00+05:00,74,False,True,False,229,32,True,True,1,True,False,False,False,False,8,1.0,0,0,False,False,0,0,False,False,0.0,0.0,2.65,False,False,False,False,False
LEAP News,https://leap.uz/ru/2026/08/07/iran-oman-hormuz-deal-agreed-in-principle,2026-08-07T03:03:00+05:00,75,False,True,False,233,30,True,True,1,True,False,False,False,False,10,0.8,1,1,True,True,0,0,False,False,0.0,0.0,2.63,False,True,False,False,True
LEAP News,https://leap.uz/ru/2026/08/07/mygov-school-services-relaunch-aug2026,2026-08-07T03:03:00+05:00,69,False,True,False,211,28,True,True,1,True,False,False,False,False,1,1.0,0,0,False,False,0,0,False,False,0.0,0.0,2.79,False,False,False,False,False
LEAP News,https://leap.uz/ru/2026/08/07/napp-besqala-crypto-fee-exemption-2035,2026-08-07T03:03:00+05:00,78,False,True,False,208,27,True,True,1,True,False,False,False,False,0,,0,0,False,False,0,0,False,False,0.0,0.0,2.72,False,False,False,False,False
LEAP News,https://leap.uz/ru/2026/08/07/uzbekistan-business-loan-rate-3yr-low,2026-08-07T03:03:00+05:00,81,False,True,False,185,30,True,True,1,True,False,False,False,False,2,1.0,0,0,False,False,0,0,False,False,0.0,0.0,2.33,True,False,False,False,False
LEAP News,https://leap.uz/ru/2026/08/07/uzbekistan-insurance-market-h1-2026,2026-08-07T03:03:00+05:00,77,False,True,False,180,26,True,True,1,True,False,False,False,False,0,,0,0,False,False,0,0,False,False,0.0,0.0,2.36,True,False,False,False,False
LEAP News,https://leap.uz/ru/2026/08/07/uzbekistan-medical-spending-h1-2026,2026-08-07T03:03:00+05:00,77,False,True,False,325,48,False,False,2,False,False,False,False,True,2,1.0,0,0,False,False,0,0,False,False,0.0,0.0,2.57,False,False,False,False,False
LEAP News,https://leap.uz/ru/2026/08/07/uzbekistan-som-dollar-rate-aug7,2026-08-07T03:03:00+05:00,64,False,True,False,197,29,True,True,1,True,False,False,False,False,0,,0,0,False,False,0,0,False,False,0.0,0.0,2.17,False,False,False,False,False
LEAP News,https://leap.uz/ru/2026/08/07/uzsuvtaminot-predoplata-avgust-2026,2026-08-07T03:03:00+05:00,74,False,True,False,243,31,True,True,1,True,False,False,False,False,3,0.667,1,0,True,False,0,0,False,False,0.0,0.0,2.77,False,False,False,False,False
LEAP News,https://leap.uz/ru/2026/08/07/zangiata-izza-market-fire-aug2026,2026-08-07T03:03:00+05:00,69,False,True,False,228,30,True,True,1,True,False,False,False,False,2,1.0,0,0,False,False,0,0,False,False,0.0,0.0,2.61,False,True,False,False,True
LEAP News,https://leap.uz/ru/2026/08/07/hududgaztaminot-refund-antitrust-aug2026,2026-08-07T04:14:00+05:00,89,False,True,False,237,30,True,True,1,True,False,False,False,False,2,1.0,0,0,False,False,0,0,False,False,0.0,0.0,3.13,False,False,False,False,False
LEAP News,https://leap.uz/ru/2026/08/07/tashkent-burjar-canal-teen-rescue-aug2026,2026-08-07T04:14:00+05:00,81,False,True,False,222,28,True,True,1,True,False,False,False,False,3,1.0,0,0,False,False,0,0,False,False,0.0,0.0,2.87,False,False,False,False,False
LEAP News,https://leap.uz/ru/2026/08/07/administration-law-sent-to-senate,2026-08-07T04:18:00+05:00,81,False,True,False,211,26,True,True,1,True,False,False,False,False,0,,0,0,False,False,0,0,False,False,0.0,0.0,3.22,False,False,False,False,False
LEAP News,https://leap.uz/ru/2026/08/07/europe-heatwave-deaths-economic-damage-aug2026,2026-08-07T04:18:00+05:00,78,False,True,False,189,27,True,True,1,True,False,False,False,False,2,1.0,0,0,False,False,0,0,False,False,0.0,0.0,2.54,False,False,False,False,False
LEAP News,https://leap.uz/ru/2026/08/07/tbc-uzbekistan-h1-2026-results,2026-08-07T04:18:00+05:00,66,False,True,False,413,65,False,False,2,False,False,False,False,True,5,1.0,0,0,False,False,0,0,False,False,0.0,0.0,2.38,True,True,False,False,True
LEAP News,https://leap.uz/ru/2026/08/07/yunusabad-mahalla-construction-halted-aug2026,2026-08-07T04:22:00+05:00,75,False,True,False,192,27,True,True,1,True,False,False,False,False,3,1.0,0,0,False,False,0,0,False,False,0.0,0.0,2.77,False,False,False,False,False
LEAP News,https://leap.uz/ru/2026/08/07/bektemir-state-executor-detained-61m-sum,2026-08-07T05:01:00+05:00,83,False,True,False,254,31,True,False,1,True,False,False,False,False,3,1.0,0,0,False,False,0,0,False,False,0.0,0.0,2.9,False,True,False,False,True
LEAP News,https://leap.uz/ru/2026/08/07/hazardous-waste-recycling-pq289-2027,2026-08-07T05:01:00+05:00,66,False,True,False,246,31,True,True,1,True,False,False,False,False,3,1.0,0,0,False,False,2,0,True,False,3.94,0.0,3.06,False,True,False,False,True
LEAP News,https://leap.uz/ru/2026/08/07/paramount-warner-uk-cma-approval,2026-08-07T05:01:00+05:00,84,False,True,False,286,40,False,False,2,False,False,False,False,False,3,0.667,0,1,False,True,0,0,False,False,0.0,0.0,2.53,False,False,False,False,False
LEAP News,https://leap.uz/ru/2026/08/07/samarkand-power-utility-bribe-arrest,2026-08-07T05:01:00+05:00,84,False,True,False,271,35,True,False,2,False,False,False,False,False,3,1.0,0,0,False,False,0,0,False,False,0.0,0.0,2.93,False,False,True,False,True
LEAP News,https://leap.uz/ru/2026/08/07/tashkent-air-quality-aug6-uzgidromet,2026-08-07T05:01:00+05:00,72,False,True,False,202,28,True,True,1,True,False,False,False,False,0,,0,0,False,False,0,0,False,False,0.0,0.0,2.66,False,False,False,False,False
LEAP News,https://leap.uz/ru/2026/08/07/uzbekistan-beverage-production-h1-2026,2026-08-07T05:17:00+05:00,83,False,True,False,189,29,True,True,1,True,False,False,False,False,1,1.0,0,0,False,False,0,0,False,False,0.0,0.0,2.3,True,False,False,False,False
LEAP News,https://leap.uz/ru/2026/08/07/cbu-fergana-valley-business-sentiment,2026-08-07T06:01:00+05:00,81,False,True,False,319,44,False,False,2,False,False,False,False,True,6,0.5,3,0,True,False,0,0,False,False,0.0,0.0,2.84,False,False,False,False,False
LEAP News,https://leap.uz/ru/2026/08/07/us-polysilicon-tariff-signed-aug2026,2026-08-07T06:01:00+05:00,68,False,True,False,181,29,True,True,1,True,False,False,False,False,1,1.0,0,0,False,False,0,0,False,False,0.0,0.0,2.66,False,True,False,False,True
LEAP News,https://leap.uz/ru/2026/08/07/bailiff-bureau-52bn-returned-7months-2026,2026-08-07T06:09:00+05:00,78,False,True,False,245,35,True,True,2,False,False,False,False,False,4,0.75,1,0,True,False,0,0,False,False,0.0,0.0,2.91,False,False,False,False,False
LEAP News,https://leap.uz/ru/2026/08/07/mygov-dormitory-benefits-check-disruption-aug10-2026,2026-08-07T06:31:00+05:00,76,False,True,False,273,37,False,False,1,True,False,False,False,False,2,1.0,0,0,False,False,0,0,False,False,0.0,0.0,2.79,False,False,False,True,True
LEAP News,https://leap.uz/ru/2026/08/07/uzbekistan-july-2026-weather-summary,2026-08-07T08:42:00+05:00,63,False,True,False,222,29,True,True,1,True,False,False,False,False,3,1.0,0,0,False,False,0,0,False,False,0.0,0.0,2.57,False,False,False,False,False
LEAP News,https://leap.uz/ru/2026/08/07/itpark-export-1050-residents-h1-2026,2026-08-07T08:58:00+05:00,72,False,True,False,183,25,True,True,1,True,False,False,False,False,3,1.0,0,0,False,False,0,0,False,False,0.0,0.0,2.63,False,False,True,False,True
LEAP News,https://leap.uz/ru/2026/08/07/cbu-research-grant-2026-westminster,2026-08-07T09:07:00+05:00,80,False,True,False,312,37,False,False,2,False,False,False,False,False,4,1.0,0,0,False,False,0,0,False,False,0.0,0.0,3.04,False,True,False,False,True
LEAP News,https://leap.uz/ru/2026/08/07/napp-crypto-market-h1-2026,2026-08-07T09:07:00+05:00,80,False,True,False,214,29,True,True,1,True,False,False,False,False,1,1.0,0,0,False,False,0,0,False,False,0.0,0.0,2.87,False,False,False,False,False
LEAP News,https://leap.uz/ru/2026/08/07/uzhydromet-aerological-balloon-launch-aug2026,2026-08-07T09:07:00+05:00,68,False,True,False,254,31,True,False,1,True,False,False,False,False,3,1.0,0,0,False,False,1,0,True,False,4.81,0.0,3.26,False,False,False,False,False
LEAP News,https://leap.uz/ru/2026/08/07/us-iran-diplomatic-friction-gulf-warning-aug2026,2026-08-07T10:05:00+05:00,84,False,True,False,206,26,True,True,1,True,False,False,False,False,5,1.0,0,0,False,False,0,0,False,False,0.0,0.0,2.69,False,True,True,False,True
LEAP News,https://leap.uz/ru/2026/08/07/us-sanctions-cuba-military-china-russia-aug2026,2026-08-07T10:05:00+05:00,68,False,True,False,188,30,True,True,1,True,False,False,False,False,2,1.0,0,0,False,False,0,0,False,False,0.0,0.0,2.66,False,False,True,False,True
LEAP News,https://leap.uz/ru/2026/08/07/dprk-missile-launch-tokyo-seoul-protest,2026-08-07T10:52:00+05:00,80,False,True,False,234,31,True,True,1,True,False,False,False,False,8,1.0,0,0,False,False,0,0,False,False,0.0,0.0,2.89,False,False,False,False,False
LEAP News,https://leap.uz/ru/2026/08/07/gaza-peace-council-military-base-uganda-aug2026,2026-08-07T10:58:00+05:00,84,False,True,False,238,36,False,True,2,False,False,False,False,False,0,,0,0,False,False,0,0,False,False,0.0,0.0,2.78,False,True,False,False,True
LEAP News,https://leap.uz/ru/2026/08/07/munich-car-attack-life-sentence,2026-08-07T11:16:00+05:00,83,False,True,False,202,29,True,True,1,True,False,False,False,False,7,0.714,0,2,False,True,0,0,False,False,0.0,0.0,2.7,False,False,False,False,False
LEAP News,https://leap.uz/ru/2026/08/07/president-ai-award-deadline-week-left,2026-08-07T11:31:00+05:00,74,False,True,False,330,51,False,False,2,False,False,False,False,True,1,1.0,0,0,False,False,0,0,False,False,0.0,0.0,2.55,False,False,False,False,False
LEAP News,https://leap.uz/ru/2026/08/07/uzbekistan-top10-trade-partners-2026,2026-08-07T11:31:00+05:00,68,False,True,False,245,33,True,True,1,True,False,False,False,False,1,1.0,0,0,False,False,0,0,False,False,0.0,0.0,2.5,False,False,False,False,False
LEAP News,https://leap.uz/ru/2026/08/07/seismic-sensor-tender-competition-probe,2026-08-07T11:43:00+05:00,85,False,True,False,327,41,False,False,2,False,False,False,False,True,4,0.75,0,1,False,True,0,0,False,False,0.0,0.0,2.83,False,True,False,False,True
LEAP News,https://leap.uz/ru/2026/08/07/israel-lebanon-strikes-ceasefire-talks-aug2026,2026-08-07T11:52:00+05:00,87,False,True,False,236,30,True,True,1,True,False,False,False,False,8,1.0,0,0,False,False,0,0,False,False,0.0,0.0,2.66,False,False,True,False,True
LEAP News,https://leap.uz/ru/2026/08/07/abituriyent-second-stage-deadline-aug8,2026-08-07T13:09:00+05:00,62,False,True,False,199,27,True,True,1,True,False,False,False,False,6,0.667,2,0,True,False,0,0,False,False,0.0,0.0,2.7,False,True,False,False,True
LEAP News,https://leap.uz/ru/2026/08/07/fergana-leather-shoe-cluster-jobs,2026-08-07T13:09:00+05:00,83,False,True,False,213,30,True,True,1,True,False,False,False,False,0,,0,0,False,False,0,0,False,False,0.0,0.0,2.86,False,False,False,False,False
LEAP News,https://leap.uz/ru/2026/08/07/khorezm-investment-problems-prosecutor-review,2026-08-07T13:09:00+05:00,76,False,True,False,244,30,True,True,1,True,False,False,False,False,3,1.0,0,0,False,False,0,0,False,False,0.0,0.0,3.25,False,False,False,False,False
LEAP News,https://leap.uz/ru/2026/08/07/shunqor-88-drone-interceptor-school-invention,2026-08-07T13:09:00+05:00,74,False,True,False,246,28,True,True,1,True,False,False,False,False,2,1.0,0,0,False,False,0,0,False,False,0.0,0.0,2.87,False,False,False,False,False
LEAP News,https://leap.uz/ru/2026/08/07/state-assets-auction-aug6-2026,2026-08-07T13:09:00+05:00,79,False,True,False,205,29,True,True,1,True,False,False,False,False,0,,0,0,False,False,0,1,False,True,0.0,2.24,2.32,True,False,False,False,False
LEAP News,https://leap.uz/ru/2026/08/07/tahiatash-water-treatment-reconstruction,2026-08-07T13:58:00+05:00,67,False,True,False,253,30,True,False,1,True,False,False,False,False,3,1.0,0,0,False,False,1,0,True,False,3.86,0.0,3.05,False,True,False,False,True
LEAP News,https://leap.uz/ru/2026/08/07/botanicheskaya-substation-modernization,2026-08-07T14:13:00+05:00,81,False,True,False,230,25,True,True,1,True,False,False,False,False,3,1.0,0,0,False,False,0,0,False,False,0.0,0.0,2.91,False,True,False,False,True
LEAP News,https://leap.uz/ru/2026/08/07/raqobat-pharma-price-overcharge-aug2026,2026-08-07T15:00:00+05:00,77,False,True,False,287,45,False,False,2,False,False,False,False,True,4,0.75,1,0,True,False,0,0,False,False,0.0,0.0,2.68,False,False,False,False,False
LEAP News,https://leap.uz/ru/2026/08/07/energy-passport-uzbekistan-mahalla-aug2026,2026-08-07T15:01:00+05:00,71,False,True,False,291,36,False,False,2,False,False,False,False,False,3,1.0,0,0,False,False,0,0,False,False,0.0,0.0,2.98,False,True,True,False,True
LEAP News,https://leap.uz/ru/2026/08/07/uzbek-seasonal-work-usa-training-aug2026,2026-08-07T15:01:00+05:00,86,False,True,False,234,30,True,True,1,True,False,False,False,False,1,1.0,0,0,False,False,0,0,False,False,0.0,0.0,2.79,False,True,False,False,True
LEAP News,https://leap.uz/ru/2026/08/07/turkey-saudi-pakistan-defense-pact-jeddah,2026-08-07T15:45:00+05:00,72,False,True,False,220,30,True,True,1,True,False,False,False,False,3,1.0,0,0,False,False,0,0,False,False,0.0,0.0,2.66,False,True,True,False,True
LEAP News,https://leap.uz/ru/2026/08/07/houthi-yemen-saudi-escalation-aug2026,2026-08-07T17:01:00+05:00,70,False,True,False,216,30,True,True,1,True,False,False,False,False,9,1.0,0,0,False,False,0,0,False,False,0.0,0.0,2.85,False,True,False,False,True
LEAP News,https://leap.uz/ru/2026/08/07/uzbekistan-heatwave-forecast-aug8-9-2026,2026-08-07T17:01:00+05:00,69,False,True,False,177,27,True,True,1,True,False,False,False,False,1,1.0,0,0,False,False,0,0,False,False,0.0,0.0,2.5,False,False,False,False,False
LEAP News,https://leap.uz/ru/2026/08/07/typhoon-dolphin-china-japan-aug2026,2026-08-07T17:09:00+05:00,65,False,True,False,263,40,False,False,2,False,False,False,False,False,5,1.0,0,0,False,False,0,0,False,False,0.0,0.0,2.62,False,True,False,False,True
LEAP News,https://leap.uz/ru/2026/08/07/uzbekistan-ai-ecosystem-1-5bn-target,2026-08-07T18:46:00+05:00,72,False,True,False,275,36,False,False,2,False,False,False,False,False,2,0.0,2,0,True,False,0,0,False,False,0.0,0.0,2.97,False,False,False,False,False
LEAP News,https://leap.uz/ru/2026/08/07/meta-child-safety-fine-567m-aug2026,2026-08-07T19:38:00+05:00,72,False,True,False,188,26,True,True,1,True,False,False,False,False,4,0.75,0,1,False,True,0,0,False,False,0.0,0.0,2.7,False,True,False,False,True
LEAP News,https://leap.uz/ru/2026/08/07/kadastr-agency-maintenance-outage-aug8-9-2026,2026-08-07T19:41:00+05:00,66,False,True,False,285,37,False,False,1,True,False,False,False,False,2,1.0,0,0,False,False,0,0,False,False,0.0,0.0,2.69,False,False,False,True,True
LEAP News,https://leap.uz/ru/2026/08/07/energy-tariff-rab-methodology-enterprises-aug2026,2026-08-07T19:44:00+05:00,75,False,True,False,257,30,True,False,1,True,False,False,False,False,2,1.0,0,0,False,False,0,0,False,False,0.0,0.0,3.01,False,True,False,False,True
LEAP News,https://leap.uz/ru/2026/08/07/mirziyoyev-trump-phone-call-aug2026,2026-08-07T20:08:00+05:00,70,False,True,False,193,25,True,True,1,True,False,False,False,False,4,0.0,4,0,True,False,0,0,False,False,0.0,0.0,3.1,False,False,False,False,False
LEAP News,https://leap.uz/ru/2026/08/07/bukhara-medvuz-admission-bribery-arrest-aug2026,2026-08-07T21:22:00+05:00,79,False,True,False,230,30,True,True,1,True,False,False,False,False,5,0.8,0,1,False,True,0,0,False,False,0.0,0.0,2.76,False,False,False,False,False
LEAP News,https://leap.uz/ru/2026/08/07/employment-fraud-dubai-moldova-scheme,2026-08-07T21:22:00+05:00,73,False,True,False,211,28,True,True,1,True,False,False,False,False,3,1.0,0,0,False,False,0,0,False,False,0.0,0.0,2.72,False,False,False,False,False
LEAP News,https://leap.uz/ru/2026/08/07/it-park-sonect-outsourcing-memorandum,2026-08-07T21:52:00+05:00,68,False,True,False,189,26,True,True,1,True,False,False,False,False,2,1.0,0,0,False,False,0,1,False,True,0.0,3.53,2.62,False,False,False,False,False
LEAP News,https://leap.uz/ru/2026/08/07/tashkent-school-290-reconstruction-1714,2026-08-07T21:52:00+05:00,77,False,True,False,223,30,True,True,1,True,False,False,False,False,1,1.0,0,0,False,False,0,0,False,False,0.0,0.0,2.63,False,False,False,False,False
LEAP News,https://leap.uz/ru/2026/08/07/poverty-fund-interest-free-loans-uzb,2026-08-07T21:58:00+05:00,81,False,True,False,316,41,False,False,2,False,False,False,False,True,2,0.5,1,0,True,False,1,0,True,False,2.86,0.0,2.65,False,False,False,False,False
LEAP News,https://leap.uz/ru/2026/08/07/uzbekistan-realtor-attestation-law,2026-08-07T22:37:00+05:00,65,False,True,False,228,26,True,True,1,True,False,False,False,False,0,,0,0,False,False,0,0,False,False,0.0,0.0,3.15,False,False,False,False,False
LEAP News,https://leap.uz/ru/2026/08/07/tashkent-air-quality-pm10-aug7-morning,2026-08-07T23:13:00+05:00,66,False,True,False,210,29,True,True,1,True,False,False,False,False,1,1.0,0,0,False,False,0,0,False,False,0.0,0.0,2.57,False,False,False,False,False
LEAP News,https://leap.uz/ru/2026/08/07/uzbekneftegaz-aug-sept-gas-production-ramp,2026-08-07T23:41:00+05:00,74,False,True,False,202,26,True,True,1,True,False,False,False,False,4,1.0,0,0,False,False,0,0,False,False,0.0,0.0,3.05,False,True,True,False,True
LEAP News,https://leap.uz/ru/2026/08/07/genprokuratura-women-children-protection-system-up33,2026-08-07T23:42:00+05:00,75,False,True,False,208,31,True,True,1,True,False,False,False,False,3,1.0,0,0,False,False,1,0,True,False,2.99,0.0,2.95,False,True,False,False,True
